# Blender 4.2.0
# www.blender.org
mtllib wheels.mtl
o left
v 0.004498 0.425557 -0.000000
v 0.054734 0.024730 -0.348374
v 0.054734 -0.024730 -0.348374
v 0.005273 0.024730 -0.348374
v 0.004498 0.417380 0.083022
v 0.005273 -0.024730 -0.348374
v 0.004498 0.393163 0.162853
v 0.004498 0.353837 0.236426
v 0.004498 0.300914 0.300914
v 0.054734 0.195604 -0.289336
v 0.054734 0.152770 -0.314066
v 0.005273 0.195604 -0.289336
v 0.004498 0.236427 0.353837
v 0.005273 0.152770 -0.314066
v 0.004498 0.162853 0.393163
v 0.004498 0.083022 0.417379
v 0.004498 0.000000 0.425556
v 0.054734 0.314066 -0.152770
v 0.054734 0.289336 -0.195604
v 0.004498 -0.083022 0.417379
v 0.005273 0.314066 -0.152770
v 0.005273 0.289336 -0.195604
v 0.004498 -0.162853 0.393163
v 0.004498 -0.236427 0.353837
v 0.054734 0.348374 0.024730
v 0.004498 -0.300914 0.300914
v 0.054734 0.348374 -0.024731
v 0.005273 0.348374 0.024730
v 0.004498 -0.353837 0.236426
v 0.005273 0.348374 -0.024731
v 0.004498 -0.393163 0.162853
v 0.004498 -0.417380 0.083022
v 0.054734 0.289336 0.195604
v 0.004498 -0.425557 -0.000000
v 0.054734 0.314066 0.152770
v 0.005273 0.289336 0.195604
v 0.004498 -0.417380 -0.083022
v 0.005273 0.314066 0.152770
v 0.004498 -0.393163 -0.162854
v 0.004498 -0.353837 -0.236427
v 0.054734 0.152770 0.314066
v 0.004498 -0.300914 -0.300914
v 0.054734 0.195604 0.289335
v 0.005273 0.152770 0.314066
v 0.004498 -0.236427 -0.353838
v 0.005273 0.195604 0.289335
v 0.004498 -0.162853 -0.393163
v 0.004498 -0.083022 -0.417380
v 0.054734 -0.024730 0.348374
v 0.004498 0.000000 -0.425557
v 0.054734 0.024730 0.348374
v 0.005273 -0.024730 0.348374
v 0.004498 0.083022 -0.417380
v 0.005273 0.024730 0.348374
v 0.004498 0.162853 -0.393163
v 0.004498 0.236427 -0.353838
v 0.054734 -0.195604 0.289335
v 0.004498 0.300914 -0.300914
v 0.054734 -0.152770 0.314066
v 0.005273 -0.195604 0.289335
v 0.004498 0.353837 -0.236427
v 0.005273 -0.152770 0.314066
v 0.004498 0.393163 -0.162854
v 0.004498 0.417380 -0.083022
v 0.054734 -0.314066 0.152770
v 0.054734 -0.289336 0.195604
v 0.005273 -0.314066 0.152770
v 0.005273 -0.289336 0.195604
v 0.054734 -0.348374 -0.024731
v 0.054734 -0.348374 0.024730
v 0.005273 -0.348374 -0.024731
v 0.005273 -0.348374 0.024730
v 0.054734 -0.289336 -0.195604
v 0.054734 -0.314066 -0.152770
v 0.005273 -0.289336 -0.195604
v 0.005273 -0.314066 -0.152770
v 0.054734 -0.152770 -0.314066
v 0.054734 -0.195604 -0.289336
v 0.005273 -0.152770 -0.314066
v 0.005273 -0.195604 -0.289336
v 0.068584 0.278367 -0.000000
v 0.068584 0.273019 0.054307
v 0.068584 0.257178 0.106526
v 0.068584 0.231454 0.154652
v 0.068584 0.196835 0.196835
v 0.068584 0.154653 0.231454
v 0.068584 0.106527 0.257178
v 0.068584 0.054307 0.273018
v 0.068584 -0.000000 0.278367
v 0.068584 -0.054307 0.273018
v 0.068584 -0.106527 0.257178
v 0.068584 -0.154653 0.231454
v 0.068584 -0.196835 0.196835
v 0.068584 -0.231454 0.154652
v 0.068584 -0.257178 0.106526
v 0.068584 -0.273019 0.054307
v 0.068584 -0.278367 -0.000000
v 0.068584 -0.273019 -0.054307
v 0.068584 -0.257178 -0.106527
v 0.068584 -0.231454 -0.154653
v 0.068584 -0.196835 -0.196836
v 0.068584 -0.154653 -0.231454
v 0.068584 -0.106527 -0.257178
v 0.068584 -0.054307 -0.273019
v 0.068584 -0.000000 -0.278367
v 0.068584 0.054307 -0.273019
v 0.068584 0.106527 -0.257178
v 0.068584 0.154653 -0.231454
v 0.068584 0.196835 -0.196836
v 0.068584 0.231454 -0.154653
v 0.068584 0.257178 -0.106527
v 0.068584 0.273018 -0.054307
v -0.027367 0.399208 -0.000000
v -0.027367 0.391537 0.077881
v -0.027367 0.368820 0.152770
v -0.027367 0.331929 0.221788
v -0.027367 0.282283 0.282282
v -0.027367 0.221788 0.331929
v -0.027367 0.152770 0.368820
v -0.027367 0.077882 0.391537
v -0.027367 0.000000 0.399208
v -0.027367 -0.077882 0.391537
v -0.027367 -0.152770 0.368820
v -0.027367 -0.221788 0.331929
v -0.027367 -0.282283 0.282282
v -0.027367 -0.331929 0.221788
v -0.027367 -0.368820 0.152770
v -0.027367 -0.391537 0.077881
v -0.027367 -0.399208 -0.000000
v -0.027367 -0.391537 -0.077882
v -0.027367 -0.368820 -0.152771
v -0.027367 -0.331929 -0.221788
v -0.027367 -0.282283 -0.282283
v -0.027367 -0.221788 -0.331930
v -0.027367 -0.152770 -0.368820
v -0.027367 -0.077882 -0.391538
v -0.027367 0.000000 -0.399208
v -0.027367 0.077882 -0.391538
v -0.027367 0.152770 -0.368820
v -0.027367 0.221788 -0.331930
v -0.027367 0.282283 -0.282283
v -0.027367 0.331929 -0.221788
v -0.027367 0.368820 -0.152771
v -0.027367 0.391537 -0.077882
v 0.069963 0.374286 -0.000000
v 0.069963 0.367094 0.073019
v 0.069963 0.345795 0.143233
v 0.069963 0.311207 0.207942
v 0.069963 0.264660 0.264660
v 0.069963 0.207942 0.311207
v 0.069963 0.143233 0.345795
v 0.069963 0.073020 0.367094
v 0.069963 0.000000 0.374286
v 0.069963 -0.073020 0.367094
v 0.069963 -0.143233 0.345795
v 0.069963 -0.207942 0.311207
v 0.069963 -0.264660 0.264660
v 0.069963 -0.311208 0.207942
v 0.069963 -0.345795 0.143233
v 0.069963 -0.367094 0.073019
v 0.069963 -0.374286 -0.000000
v 0.069963 -0.367094 -0.073020
v 0.069963 -0.345795 -0.143233
v 0.069963 -0.311208 -0.207942
v 0.069963 -0.264660 -0.264661
v 0.069963 -0.207942 -0.311208
v 0.069963 -0.143233 -0.345796
v 0.069963 -0.073020 -0.367095
v 0.069963 0.000000 -0.374286
v 0.069963 0.073020 -0.367095
v 0.069963 0.143233 -0.345796
v 0.069963 0.207942 -0.311208
v 0.069963 0.264660 -0.264661
v 0.069963 0.311207 -0.207942
v 0.069963 0.345795 -0.143233
v 0.069963 0.367094 -0.073020
v 0.033820 0.242094 -0.000000
v 0.033820 0.237442 0.047230
v 0.033820 0.223665 0.092645
v 0.033820 0.201294 0.134500
v 0.033820 0.171186 0.171186
v 0.033820 0.134500 0.201293
v 0.033820 0.092645 0.223665
v 0.033820 0.047230 0.237442
v 0.033820 -0.000000 0.242093
v 0.033820 -0.047230 0.237442
v 0.033820 -0.092645 0.223665
v 0.033820 -0.134500 0.201293
v 0.033820 -0.171186 0.171186
v 0.033820 -0.201294 0.134500
v 0.033820 -0.223665 0.092645
v 0.033820 -0.237442 0.047230
v 0.033820 -0.242094 -0.000000
v 0.033820 -0.237442 -0.047230
v 0.033820 -0.223665 -0.092645
v 0.033820 -0.201294 -0.134500
v 0.033820 -0.171186 -0.171186
v 0.033820 -0.134500 -0.201294
v 0.033820 -0.092645 -0.223666
v 0.033820 -0.047230 -0.237442
v 0.033820 -0.000000 -0.242094
v 0.033820 0.047230 -0.237442
v 0.033820 0.092645 -0.223666
v 0.033820 0.134500 -0.201294
v 0.033820 0.171186 -0.171186
v 0.033820 0.201294 -0.134500
v 0.033820 0.223665 -0.092645
v 0.033820 0.237442 -0.047230
v 0.054734 0.378186 -0.000000
v 0.054734 0.375750 0.024730
v 0.005273 0.390850 -0.000000
v 0.005273 0.388415 0.024730
v 0.054734 0.337780 0.166461
v 0.005273 0.348701 0.172766
v 0.005273 0.325373 0.216410
v 0.054734 0.314452 0.210105
v 0.005273 0.216410 0.325372
v 0.054734 0.166461 0.337780
v 0.054734 0.210105 0.314452
v 0.005273 0.172766 0.348700
v 0.054734 0.024730 0.375750
v 0.005273 0.000000 0.390850
v 0.005273 0.024730 0.388414
v 0.054734 0.000000 0.378185
v 0.054734 -0.024730 0.375750
v 0.005273 -0.024730 0.388414
v 0.054734 -0.166461 0.337780
v 0.005273 -0.216410 0.325372
v 0.005273 -0.172766 0.348700
v 0.054734 -0.210105 0.314452
v 0.054734 -0.337780 0.166461
v 0.005273 -0.325373 0.216410
v 0.054734 -0.314452 0.210105
v 0.005273 -0.348701 0.172766
v 0.054734 -0.375750 0.024730
v 0.054734 -0.378186 -0.000000
v 0.005273 -0.388415 0.024730
v 0.005273 -0.390850 -0.000000
v 0.054734 -0.375750 -0.024731
v 0.005273 -0.388415 -0.024731
v 0.054734 -0.337780 -0.166462
v 0.005273 -0.325373 -0.216410
v 0.054734 -0.314452 -0.210105
v 0.005273 -0.348701 -0.172767
v 0.005273 -0.216410 -0.325373
v 0.054734 -0.166461 -0.337780
v 0.054734 -0.210105 -0.314452
v 0.005273 -0.172766 -0.348701
v 0.054734 -0.024730 -0.375750
v 0.005273 -0.024730 -0.388415
v 0.005273 0.000000 -0.390851
v 0.054734 0.000000 -0.378186
v 0.054734 0.024730 -0.375750
v 0.005273 0.024730 -0.388415
v 0.054734 0.166461 -0.337780
v 0.005273 0.172766 -0.348701
v 0.005273 0.216410 -0.325373
v 0.054734 0.210105 -0.314452
v 0.005273 0.325373 -0.216410
v 0.054734 0.314452 -0.210105
v 0.054734 0.337780 -0.166462
v 0.005273 0.348701 -0.172767
v 0.054734 0.375750 -0.024731
v 0.005273 0.388415 -0.024731
v -0.261115 0.546539 -0.000000
v -0.239434 0.568325 -0.000000
v -0.261115 0.536037 0.106624
v -0.239434 0.557405 0.110875
v -0.261115 0.504936 0.209151
v -0.239434 0.525064 0.217488
v -0.261115 0.454430 0.303640
v -0.239434 0.472545 0.315744
v -0.261115 0.386461 0.386461
v -0.239434 0.401867 0.401866
v -0.261115 0.303641 0.454430
v -0.239434 0.315745 0.472545
v -0.261115 0.209151 0.504936
v -0.239434 0.217489 0.525064
v -0.261115 0.106624 0.536037
v -0.239434 0.110875 0.557405
v -0.261115 -0.000000 0.546539
v -0.239434 -0.000000 0.568325
v -0.261115 -0.106624 0.536037
v -0.239434 -0.110875 0.557405
v -0.261115 -0.209151 0.504936
v -0.239434 -0.217489 0.525064
v -0.261115 -0.303641 0.454430
v -0.239434 -0.315745 0.472545
v -0.261115 -0.386461 0.386461
v -0.239434 -0.401867 0.401866
v -0.261115 -0.454430 0.303640
v -0.239434 -0.472545 0.315744
v -0.261115 -0.504936 0.209151
v -0.239434 -0.525064 0.217488
v -0.261115 -0.536037 0.106624
v -0.239434 -0.557405 0.110875
v -0.261115 -0.546539 -0.000000
v -0.239434 -0.568325 -0.000000
v -0.261115 -0.536037 -0.106625
v -0.239434 -0.557405 -0.110875
v -0.261115 -0.504936 -0.209152
v -0.239434 -0.525064 -0.217489
v -0.261115 -0.454430 -0.303641
v -0.239434 -0.472545 -0.315745
v -0.261115 -0.386461 -0.386461
v -0.239434 -0.401867 -0.401867
v -0.261115 -0.303641 -0.454431
v -0.239434 -0.315745 -0.472545
v -0.261115 -0.209151 -0.504936
v -0.239434 -0.217489 -0.525064
v -0.261115 -0.106624 -0.536037
v -0.239434 -0.110875 -0.557405
v -0.261115 -0.000000 -0.546539
v -0.239434 -0.000000 -0.568325
v -0.261115 0.106624 -0.536037
v -0.239434 0.110875 -0.557405
v -0.261115 0.209151 -0.504936
v -0.239434 0.217489 -0.525064
v -0.261115 0.303641 -0.454431
v -0.239434 0.315745 -0.472545
v -0.261115 0.386461 -0.386461
v -0.239434 0.401867 -0.401867
v -0.261115 0.454430 -0.303641
v -0.239434 0.472545 -0.315745
v -0.261115 0.504936 -0.209152
v -0.239434 0.525064 -0.217489
v -0.239434 0.557405 -0.110875
v -0.261115 0.536037 -0.106625
v 0.004498 0.546539 -0.000000
v -0.017184 0.568325 -0.000000
v -0.017184 0.557405 0.110875
v 0.004498 0.536037 0.106624
v -0.017184 0.525064 0.217488
v 0.004498 0.504936 0.209151
v -0.017184 0.472545 0.315744
v 0.004498 0.454430 0.303640
v -0.017184 0.401867 0.401866
v 0.004498 0.386461 0.386461
v -0.017184 0.315745 0.472545
v 0.004498 0.303641 0.454430
v -0.017184 0.217489 0.525064
v 0.004498 0.209151 0.504936
v -0.017184 0.110875 0.557405
v 0.004498 0.106624 0.536037
v -0.017184 0.000000 0.568325
v 0.004498 0.000000 0.546538
v -0.017184 -0.110875 0.557405
v 0.004498 -0.106624 0.536037
v -0.017184 -0.217489 0.525064
v 0.004498 -0.209151 0.504936
v -0.017184 -0.315745 0.472545
v 0.004498 -0.303641 0.454430
v -0.017184 -0.401867 0.401866
v 0.004498 -0.386461 0.386461
v -0.017184 -0.472545 0.315744
v 0.004498 -0.454430 0.303640
v -0.017184 -0.525064 0.217488
v 0.004498 -0.504936 0.209151
v -0.017183 -0.557405 0.110875
v 0.004498 -0.536037 0.106624
v -0.017184 -0.568325 -0.000000
v 0.004498 -0.546539 -0.000000
v -0.017184 -0.557405 -0.110875
v 0.004498 -0.536037 -0.106625
v -0.017184 -0.525064 -0.217489
v 0.004498 -0.504936 -0.209152
v -0.017184 -0.472545 -0.315745
v 0.004498 -0.454430 -0.303641
v -0.017184 -0.401867 -0.401867
v 0.004498 -0.386461 -0.386462
v -0.017184 -0.315745 -0.472546
v 0.004498 -0.303641 -0.454431
v -0.017184 -0.217489 -0.525064
v 0.004498 -0.209151 -0.504936
v -0.017184 -0.110875 -0.557405
v 0.004498 -0.106624 -0.536037
v -0.017184 0.000000 -0.568326
v 0.004498 0.000000 -0.546539
v -0.017184 0.110875 -0.557405
v 0.004498 0.106624 -0.536037
v -0.017184 0.217489 -0.525064
v 0.004498 0.209151 -0.504936
v -0.017184 0.315745 -0.472546
v 0.004498 0.303641 -0.454431
v -0.017184 0.401867 -0.401867
v 0.004498 0.386461 -0.386462
v -0.017184 0.472545 -0.315745
v 0.004498 0.454430 -0.303641
v -0.017184 0.525064 -0.217489
v 0.004498 0.504936 -0.209152
v -0.017184 0.557405 -0.110875
v 0.004498 0.536037 -0.106625
v 0.069273 -0.012768 -0.339094
v 0.069273 0.012767 -0.339094
v 0.108211 -0.012768 -0.339094
v 0.108211 0.012767 -0.339094
v 0.069273 -0.012768 -0.313559
v 0.069273 0.012767 -0.313559
v 0.108211 -0.012768 -0.313559
v 0.108211 0.012767 -0.313559
v 0.069273 0.158490 -0.300048
v 0.069273 0.180604 -0.287281
v 0.108211 0.158490 -0.300048
v 0.108211 0.180604 -0.287281
v 0.069273 0.145722 -0.277934
v 0.069273 0.167836 -0.265166
v 0.108211 0.145722 -0.277934
v 0.108211 0.167836 -0.265167
v 0.069273 0.287280 -0.180604
v 0.069273 0.300048 -0.158490
v 0.108211 0.287280 -0.180604
v 0.108211 0.300048 -0.158490
v 0.069273 0.265166 -0.167837
v 0.069273 0.277934 -0.145723
v 0.108211 0.265166 -0.167837
v 0.108211 0.277934 -0.145723
v 0.069273 0.339094 -0.012768
v 0.069273 0.339094 0.012767
v 0.108211 0.339094 -0.012768
v 0.108211 0.339094 0.012767
v 0.069273 0.313559 -0.012768
v 0.069273 0.313559 0.012767
v 0.108211 0.313559 -0.012768
v 0.108211 0.313559 0.012767
v 0.069273 0.300048 0.158490
v 0.069273 0.287280 0.180604
v 0.108211 0.300048 0.158490
v 0.108211 0.287280 0.180604
v 0.069273 0.277934 0.145722
v 0.069273 0.265166 0.167836
v 0.108211 0.277934 0.145722
v 0.108211 0.265166 0.167836
v 0.069273 0.180604 0.287280
v 0.069273 0.158490 0.300048
v 0.108211 0.180604 0.287280
v 0.108211 0.158490 0.300048
v 0.069273 0.167836 0.265166
v 0.069273 0.145723 0.277933
v 0.108211 0.167836 0.265166
v 0.108211 0.145723 0.277933
v 0.069273 0.012768 0.339094
v 0.069273 -0.012767 0.339094
v 0.108211 0.012768 0.339094
v 0.108211 -0.012767 0.339094
v 0.069273 0.012768 0.313559
v 0.069273 -0.012767 0.313559
v 0.108211 0.012768 0.313559
v 0.108211 -0.012767 0.313559
v 0.069273 -0.158490 0.300048
v 0.069273 -0.180604 0.287280
v 0.108211 -0.158490 0.300048
v 0.108211 -0.180604 0.287280
v 0.069273 -0.145722 0.277933
v 0.069273 -0.167836 0.265166
v 0.108211 -0.145722 0.277933
v 0.108211 -0.167836 0.265166
v 0.069273 -0.287280 0.180604
v 0.069273 -0.300048 0.158490
v 0.108211 -0.287280 0.180604
v 0.108211 -0.300048 0.158490
v 0.069273 -0.265166 0.167836
v 0.069273 -0.277934 0.145722
v 0.108211 -0.265166 0.167836
v 0.108211 -0.277934 0.145722
v 0.069273 -0.339094 0.012767
v 0.069273 -0.339094 -0.012768
v 0.108211 -0.339094 0.012767
v 0.108211 -0.339094 -0.012768
v 0.069273 -0.313559 0.012767
v 0.069273 -0.313559 -0.012768
v 0.108211 -0.313559 0.012767
v 0.108211 -0.313559 -0.012768
v 0.069273 -0.300048 -0.158490
v 0.069273 -0.287280 -0.180604
v 0.108211 -0.300048 -0.158490
v 0.108211 -0.287280 -0.180604
v 0.069273 -0.277934 -0.145723
v 0.069273 -0.265166 -0.167837
v 0.108211 -0.277934 -0.145723
v 0.108211 -0.265166 -0.167837
v 0.069273 -0.180604 -0.287281
v 0.069273 -0.158490 -0.300048
v 0.108211 -0.180604 -0.287281
v 0.108211 -0.158490 -0.300048
v 0.069273 -0.167836 -0.265166
v 0.069273 -0.145723 -0.277934
v 0.108211 -0.167836 -0.265166
v 0.108211 -0.145723 -0.277934
vn -1.0000 -0.0000 -0.0000
vn -0.0000 0.8819 0.4714
vn -0.0000 0.7730 0.6344
vn -0.0000 0.6344 0.7730
vn -0.0000 0.4714 0.8819
vn -0.0000 0.2903 0.9569
vn -0.0000 0.0980 0.9952
vn -0.0000 -0.0980 0.9952
vn -0.0000 -0.2903 0.9569
vn -0.0000 -0.4714 0.8819
vn -0.0000 -0.6344 0.7730
vn -0.0000 -0.7730 0.6344
vn -0.0000 -0.8819 0.4714
vn -0.0000 -0.9569 0.2903
vn -0.0000 -0.9952 0.0980
vn -0.0000 -0.9952 -0.0980
vn -0.0000 -0.9569 -0.2903
vn -0.0000 -0.8819 -0.4714
vn -0.0000 -0.7730 -0.6344
vn -0.0000 -0.6344 -0.7730
vn -0.0000 -0.4714 -0.8819
vn -0.0000 -0.2903 -0.9569
vn -0.0000 -0.0980 -0.9952
vn -0.0000 0.0980 -0.9952
vn -0.0000 0.2903 -0.9569
vn -0.0000 0.4714 -0.8819
vn -0.0000 0.6344 -0.7730
vn -0.0000 0.7730 -0.6344
vn -0.0000 0.8819 -0.4714
vn -0.0000 0.9569 -0.2903
vn -0.0000 0.9569 0.2903
vn 1.0000 -0.0000 -0.0000
vn -0.0000 0.9952 0.0980
vn 0.6354 -0.7685 0.0757
vn 0.7203 -0.6903 0.0680
vn 0.6354 -0.7389 0.2241
vn 0.6354 -0.6810 0.3640
vn 0.6354 -0.5969 0.4899
vn 0.6354 -0.4899 0.5969
vn 0.6354 -0.3640 0.6810
vn 0.6354 -0.2241 0.7389
vn 0.6354 -0.0757 0.7685
vn 0.6354 0.0757 0.7685
vn 0.6354 0.2241 0.7389
vn 0.6354 0.3640 0.6810
vn 0.6354 0.4899 0.5969
vn 0.6354 0.5969 0.4899
vn 0.6354 0.6810 0.3640
vn 0.6354 0.7389 0.2242
vn 0.6354 0.7685 0.0757
vn 0.6354 0.7685 -0.0757
vn 0.6354 0.7389 -0.2242
vn 0.6354 0.6810 -0.3640
vn 0.6354 0.5969 -0.4899
vn 0.6354 0.4899 -0.5969
vn 0.6354 0.3640 -0.6810
vn 0.6354 0.2241 -0.7389
vn 0.6354 0.0757 -0.7685
vn 0.6354 -0.0757 -0.7685
vn 0.6354 -0.2241 -0.7389
vn 0.6354 -0.3640 -0.6810
vn 0.6354 -0.4899 -0.5969
vn 0.6354 -0.5969 -0.4899
vn 0.6354 -0.6810 -0.3640
vn 0.6354 -0.7389 -0.2242
vn 0.6354 -0.7685 -0.0757
vn 0.2469 0.9644 0.0950
vn 0.2469 0.9273 0.2813
vn 0.2469 0.8546 0.4568
vn 0.2469 0.7491 0.6147
vn 0.2469 0.6147 0.7491
vn 0.2469 0.4568 0.8546
vn 0.2469 0.2813 0.9273
vn 0.2469 0.0950 0.9644
vn 0.2469 -0.0950 0.9644
vn 0.2469 -0.2813 0.9273
vn 0.2469 -0.4568 0.8546
vn 0.2469 -0.6147 0.7491
vn 0.2469 -0.7491 0.6147
vn 0.2469 -0.8546 0.4568
vn 0.2469 -0.9273 0.2813
vn 0.2469 -0.9644 0.0950
vn 0.2469 -0.9644 -0.0950
vn 0.2469 -0.9273 -0.2813
vn 0.2469 -0.8546 -0.4568
vn 0.2469 -0.7491 -0.6147
vn 0.2469 -0.6147 -0.7491
vn 0.2469 -0.4568 -0.8546
vn 0.2469 -0.2813 -0.9273
vn 0.2469 -0.0950 -0.9644
vn 0.2469 0.0950 -0.9644
vn 0.2469 0.2813 -0.9273
vn 0.2469 0.4568 -0.8546
vn 0.2469 0.6147 -0.7491
vn 0.2469 0.7491 -0.6147
vn 0.2469 0.8546 -0.4568
vn 0.2469 0.9273 -0.2813
vn 0.2469 0.9644 -0.0950
vn 0.9999 -0.0144 -0.0014
vn 0.9999 -0.0138 -0.0042
vn 0.9999 -0.0127 -0.0068
vn 0.9999 -0.0112 -0.0092
vn 0.9999 -0.0092 -0.0112
vn 0.9999 -0.0068 -0.0127
vn 0.9999 -0.0042 -0.0138
vn 0.9999 -0.0014 -0.0144
vn 0.9999 0.0014 -0.0144
vn 0.9999 0.0042 -0.0138
vn 0.9999 0.0068 -0.0127
vn 0.9999 0.0092 -0.0112
vn 0.9999 0.0112 -0.0092
vn 0.9999 0.0127 -0.0068
vn 0.9999 0.0138 -0.0042
vn 0.9999 0.0144 -0.0014
vn 0.9999 0.0144 0.0014
vn 0.9999 0.0138 0.0042
vn 0.9999 0.0127 0.0068
vn 0.9999 0.0112 0.0092
vn 0.9999 0.0092 0.0112
vn 0.9999 0.0068 0.0127
vn 0.9999 0.0042 0.0138
vn 0.9999 0.0014 0.0144
vn 0.9999 -0.0014 0.0144
vn 0.9999 -0.0042 0.0138
vn 0.9999 -0.0068 0.0127
vn 0.9999 -0.0092 0.0112
vn 0.9999 -0.0112 0.0092
vn 0.9999 -0.0127 0.0068
vn 0.9999 -0.0138 0.0042
vn 0.9999 -0.0144 0.0014
vn 0.7203 -0.6638 0.2014
vn 0.7203 -0.6118 0.3270
vn 0.7203 -0.5362 0.4401
vn 0.7203 -0.4401 0.5362
vn 0.7203 -0.3270 0.6118
vn 0.7203 -0.2014 0.6638
vn 0.7203 -0.0680 0.6903
vn 0.7203 0.0680 0.6903
vn 0.7203 0.2014 0.6638
vn 0.7203 0.3270 0.6118
vn 0.7203 0.4401 0.5362
vn 0.7203 0.5362 0.4401
vn 0.7203 0.6118 0.3270
vn 0.7203 0.6638 0.2014
vn 0.7203 0.6903 0.0680
vn 0.7203 0.6903 -0.0680
vn 0.7203 0.6638 -0.2014
vn 0.7203 0.6118 -0.3270
vn 0.7203 0.5362 -0.4401
vn 0.7203 0.4401 -0.5362
vn 0.7203 0.3270 -0.6118
vn 0.7203 0.2014 -0.6638
vn 0.7203 0.0680 -0.6903
vn 0.7203 -0.0680 -0.6903
vn 0.7203 -0.2014 -0.6638
vn 0.7203 -0.3270 -0.6118
vn 0.7203 -0.4401 -0.5362
vn 0.7203 -0.5362 -0.4401
vn 0.7203 -0.6118 -0.3270
vn 0.7203 -0.6638 -0.2014
vn 0.7203 -0.6903 -0.0680
vn -0.0000 -0.0000 -1.0000
vn -0.0000 -1.0000 -0.0000
vn -0.0000 1.0000 -0.0000
vn -0.0000 0.5000 -0.8660
vn -0.0000 -0.8660 -0.5000
vn -0.0000 0.8660 0.5000
vn -0.0000 0.8660 -0.5000
vn -0.0000 -0.5000 -0.8660
vn -0.0000 0.5000 0.8660
vn -0.0000 -0.0000 1.0000
vn -0.0000 -0.5000 0.8660
vn -0.0000 -0.8660 0.5000
vn 0.7071 0.7037 0.0693
vn -0.7071 0.7037 0.0693
vn 0.7071 0.6767 0.2053
vn -0.7071 0.6767 0.2053
vn 0.7071 0.6236 0.3333
vn -0.7071 0.6236 0.3333
vn 0.7071 0.5466 0.4486
vn -0.7071 0.5466 0.4486
vn 0.7071 0.4486 0.5466
vn -0.7071 0.4486 0.5466
vn 0.7071 0.3333 0.6236
vn -0.7071 0.3333 0.6236
vn 0.7071 0.2053 0.6767
vn -0.7071 0.2053 0.6767
vn 0.7071 0.0693 0.7037
vn -0.7071 0.0693 0.7037
vn 0.7071 -0.0693 0.7037
vn -0.7071 -0.0693 0.7037
vn 0.7071 -0.2053 0.6767
vn -0.7071 -0.2053 0.6767
vn 0.7071 -0.3333 0.6236
vn -0.7071 -0.3333 0.6236
vn 0.7071 -0.4486 0.5466
vn -0.7071 -0.4486 0.5466
vn 0.7071 -0.5466 0.4486
vn -0.7071 -0.5466 0.4486
vn 0.7071 -0.6236 0.3333
vn -0.7071 -0.6236 0.3333
vn 0.7071 -0.6767 0.2053
vn -0.7071 -0.6767 0.2053
vn 0.7071 -0.7037 0.0693
vn -0.7071 -0.7037 0.0693
vn 0.7071 -0.7037 -0.0693
vn -0.7071 -0.7037 -0.0693
vn 0.7071 -0.6767 -0.2053
vn -0.7071 -0.6767 -0.2053
vn 0.7071 -0.6236 -0.3333
vn -0.7071 -0.6236 -0.3333
vn 0.7071 -0.5466 -0.4486
vn -0.7071 -0.5466 -0.4486
vn 0.7071 -0.4486 -0.5466
vn -0.7071 -0.4486 -0.5466
vn 0.7071 -0.3333 -0.6236
vn -0.7071 -0.3333 -0.6236
vn 0.7071 -0.2053 -0.6767
vn -0.7071 -0.2053 -0.6767
vn 0.7071 -0.0693 -0.7037
vn -0.7071 -0.0693 -0.7037
vn 0.7071 0.0693 -0.7037
vn -0.7071 0.0693 -0.7037
vn 0.7071 0.2053 -0.6767
vn -0.7071 0.2053 -0.6767
vn 0.7071 0.3333 -0.6236
vn -0.7071 0.3333 -0.6236
vn 0.7071 0.4486 -0.5466
vn -0.7071 0.4486 -0.5466
vn 0.7071 0.5466 -0.4486
vn -0.7071 0.5466 -0.4486
vn 0.7071 0.6236 -0.3333
vn -0.7071 0.6236 -0.3333
vn -0.7071 0.7037 -0.0693
vn -0.7071 0.6767 -0.2053
vn 0.7071 0.6767 -0.2053
vn 0.7071 0.7037 -0.0693
vn -0.0000 0.9952 -0.0980
vn 0.6354 -0.7389 0.2242
vn 0.6354 0.7389 0.2241
vn 0.6354 -0.2242 -0.7389
vn 0.6354 -0.7389 -0.2241
vn 0.2451 0.8510 0.4644
vn 0.2469 0.8546 0.4567
vn 0.2448 0.4544 0.8565
vn 0.2459 -0.4601 0.8531
vn 0.2448 -0.8494 0.4676
vn 0.2459 -0.8571 -0.4527
vn 0.2469 -0.8546 -0.4567
vn 0.2452 -0.4539 -0.8567
vn 0.2448 0.4521 -0.8577
vn 0.2476 0.8521 -0.4612
vt 0.000829 0.935243
vt 0.019575 0.912401
vt 0.042418 0.931147
vt 0.209938 0.924477
vt 0.218434 0.928212
vt 0.209938 0.928212
vt 0.209938 0.921214
vt 0.218434 0.924477
vt 0.963896 0.525372
vt 0.955399 0.528807
vt 0.955399 0.525372
vt 0.963896 0.532667
vt 0.963896 0.528807
vt 0.963896 0.536804
vt 0.955399 0.532667
vt 0.963896 0.541060
vt 0.955399 0.536804
vt 0.963896 0.545270
vt 0.955399 0.541060
vt 0.963896 0.549272
vt 0.955399 0.545270
vt 0.963896 0.552914
vt 0.955399 0.549272
vt 0.963896 0.556055
vt 0.955399 0.552914
vt 0.859035 0.521639
vt 0.867532 0.524931
vt 0.859035 0.524931
vt 0.859035 0.517882
vt 0.867532 0.521639
vt 0.867532 0.513806
vt 0.867532 0.517882
vt 0.859035 0.509567
vt 0.859035 0.513806
vt 0.859035 0.505328
vt 0.867532 0.509567
vt 0.859035 0.501252
vt 0.867532 0.505328
vt 0.859035 0.497496
vt 0.867532 0.501252
vt 0.859035 0.494203
vt 0.867532 0.497496
vt 0.952054 0.788709
vt 0.960551 0.791912
vt 0.952054 0.791912
vt 0.952054 0.785021
vt 0.960551 0.788709
vt 0.960551 0.780987
vt 0.960551 0.785021
vt 0.952054 0.780987
vt 0.960551 0.776764
vt 0.952054 0.772514
vt 0.952054 0.776764
vt 0.960551 0.768400
vt 0.960551 0.772514
vt 0.952054 0.764580
vt 0.952054 0.768400
vt 0.960551 0.761201
vt 0.960551 0.764580
vt 0.209938 0.948618
vt 0.218434 0.951940
vt 0.209938 0.951940
vt 0.218434 0.944840
vt 0.218434 0.948618
vt 0.209938 0.940751
vt 0.209938 0.944840
vt 0.218434 0.932274
vt 0.209938 0.932274
vt 0.947031 0.530844
vt 0.946352 0.536674
vt 0.944097 0.534419
vt 0.218434 0.936508
vt 0.209938 0.936508
vt 0.751429 0.267559
vt 0.750211 0.264385
vt 0.751429 0.264581
vt 0.952203 0.537146
vt 0.948124 0.539326
vt 0.939841 0.527000
vt 0.941445 0.532647
vt 0.938498 0.531426
vt 0.935824 0.526201
vt 0.935370 0.530804
vt 0.932181 0.530804
vt 0.929053 0.531426
vt 0.931727 0.526201
vt 0.926106 0.532647
vt 0.927710 0.527000
vt 0.923454 0.534419
vt 0.923926 0.528568
vt 0.917623 0.533740
vt 0.921199 0.536674
vt 0.915348 0.537146
vt 0.919427 0.539326
vt 0.913780 0.540930
vt 0.918206 0.542273
vt 0.912981 0.544947
vt 0.917584 0.545401
vt 0.917584 0.548590
vt 0.918206 0.551718
vt 0.912981 0.549044
vt 0.915348 0.556845
vt 0.919427 0.554665
vt 0.921199 0.557317
vt 0.920520 0.563147
vt 0.923454 0.559572
vt 0.926106 0.561344
vt 0.927710 0.566991
vt 0.929053 0.562565
vt 0.932181 0.563187
vt 0.935370 0.563187
vt 0.931727 0.567790
vt 0.938498 0.562565
vt 0.935824 0.567790
vt 0.943625 0.565423
vt 0.941445 0.561344
vt 0.947031 0.563147
vt 0.944097 0.559572
vt 0.949927 0.560251
vt 0.946352 0.557317
vt 0.948124 0.554665
vt 0.953771 0.553061
vt 0.949344 0.551718
vt 0.954570 0.549044
vt 0.949967 0.548590
vt 0.954570 0.544947
vt 0.949967 0.545401
vt 0.953771 0.540930
vt 0.949344 0.542273
vt 0.871863 0.964897
vt 0.873597 0.966541
vt 0.872217 0.966677
vt 0.751429 0.261718
vt 0.750211 0.261333
vt 0.751429 0.259080
vt 0.948964 0.548491
vt 0.948964 0.545500
vt 0.948381 0.551426
vt 0.758738 0.258520
vt 0.757520 0.261682
vt 0.757520 0.259124
vt 0.758738 0.261247
vt 0.757520 0.264494
vt 0.758738 0.264244
vt 0.757520 0.267451
vt 0.758738 0.270583
vt 0.757520 0.270440
vt 0.757520 0.273346
vt 0.758738 0.273681
vt 0.757520 0.276058
vt 0.932280 0.562184
vt 0.935271 0.562184
vt 0.929345 0.561601
vt 0.753865 0.276028
vt 0.752647 0.273800
vt 0.753865 0.273405
vt 0.752647 0.270759
vt 0.753865 0.270551
vt 0.753865 0.267577
vt 0.752647 0.264411
vt 0.753865 0.264597
vt 0.753865 0.261724
vt 0.752647 0.261349
vt 0.753865 0.259070
vt 0.918587 0.545500
vt 0.918587 0.548491
vt 0.919170 0.542565
vt 0.756302 0.276056
vt 0.755084 0.273728
vt 0.756302 0.273373
vt 0.755084 0.270647
vt 0.756302 0.270483
vt 0.756302 0.267497
vt 0.755084 0.264302
vt 0.756302 0.264531
vt 0.756302 0.261698
vt 0.755084 0.261282
vt 0.756302 0.259107
vt 0.935271 0.531807
vt 0.932279 0.531807
vt 0.938206 0.532390
vt 0.751429 0.276038
vt 0.750211 0.273785
vt 0.751429 0.273399
vt 0.750211 0.270733
vt 0.751429 0.270536
vt 0.716804 0.966737
vt 0.716222 0.964895
vt 0.719943 0.964699
vt 0.719943 0.961845
vt 0.716222 0.962219
vt 0.718695 0.959430
vt 0.719943 0.959222
vt 0.716804 0.961335
vt 0.716222 0.959760
vt 0.716804 0.959676
vt 0.719943 0.956930
vt 0.716222 0.957611
vt 0.975642 0.701725
vt 0.979363 0.699948
vt 0.979363 0.702210
vt 0.978781 0.703849
vt 0.979363 0.704752
vt 0.976890 0.703631
vt 0.975642 0.704436
vt 0.975642 0.707342
vt 0.979363 0.707477
vt 0.976890 0.709365
vt 0.978781 0.711226
vt 0.979363 0.713052
vt 0.975642 0.713288
vt 0.975642 0.716100
vt 0.979363 0.715688
vt 0.976890 0.718439
vt 0.975642 0.718658
vt 0.978781 0.716558
vt 0.979363 0.718086
vt 0.978781 0.718176
vt 0.979363 0.720155
vt 0.761868 0.975990
vt 0.758147 0.977629
vt 0.758147 0.975460
vt 0.760620 0.974116
vt 0.761868 0.973351
vt 0.758729 0.973874
vt 0.758147 0.972986
vt 0.761868 0.970488
vt 0.758147 0.970302
vt 0.760620 0.968456
vt 0.758729 0.966565
vt 0.758147 0.964719
vt 0.761868 0.964533
vt 0.758147 0.962034
vt 0.760620 0.959237
vt 0.761868 0.959031
vt 0.761868 0.961670
vt 0.758147 0.959561
vt 0.758729 0.961146
vt 0.761868 0.956718
vt 0.758147 0.957392
vt 0.979266 0.210472
vt 0.975545 0.212027
vt 0.975545 0.209917
vt 0.976127 0.208366
vt 0.975545 0.207488
vt 0.978018 0.208620
vt 0.979266 0.207881
vt 0.975545 0.204832
vt 0.978018 0.203013
vt 0.979266 0.205048
vt 0.976127 0.201107
vt 0.975545 0.199251
vt 0.979266 0.199096
vt 0.975545 0.196542
vt 0.978018 0.193720
vt 0.979266 0.193523
vt 0.979266 0.196206
vt 0.976127 0.195644
vt 0.975545 0.194026
vt 0.976127 0.193948
vt 0.975545 0.191801
vt 0.719943 0.976180
vt 0.716222 0.977847
vt 0.716222 0.975659
vt 0.716804 0.974062
vt 0.716222 0.973171
vt 0.718695 0.974299
vt 0.719943 0.973526
vt 0.719943 0.970653
vt 0.716222 0.970478
vt 0.718695 0.968623
vt 0.875626 0.960838
vt 0.873190 0.964494
vt 0.872391 0.962567
vt 0.874067 0.958506
vt 0.871232 0.960832
vt 0.872084 0.956522
vt 0.869757 0.959357
vt 0.869751 0.954964
vt 0.868023 0.958198
vt 0.867160 0.953891
vt 0.866095 0.957400
vt 0.864049 0.956993
vt 0.861603 0.953343
vt 0.861963 0.956993
vt 0.859916 0.957400
vt 0.856260 0.954964
vt 0.857989 0.958198
vt 0.856254 0.959357
vt 0.851944 0.958506
vt 0.854779 0.960832
vt 0.853620 0.962567
vt 0.852822 0.964494
vt 0.850386 0.960838
vt 0.852415 0.966541
vt 0.849312 0.963430
vt 0.852415 0.968627
vt 0.848765 0.966181
vt 0.852822 0.970673
vt 0.848765 0.968986
vt 0.850386 0.974329
vt 0.853620 0.972601
vt 0.854779 0.974335
vt 0.856254 0.975810
vt 0.851944 0.976662
vt 0.857989 0.976969
vt 0.853928 0.978645
vt 0.859916 0.977768
vt 0.856260 0.980204
vt 0.861963 0.978175
vt 0.858852 0.981277
vt 0.864408 0.981824
vt 0.864049 0.978175
vt 0.867160 0.981277
vt 0.866095 0.977768
vt 0.869751 0.980204
vt 0.868023 0.976969
vt 0.869757 0.975810
vt 0.874067 0.976662
vt 0.871232 0.974335
vt 0.875626 0.974329
vt 0.872391 0.972601
vt 0.876699 0.971738
vt 0.873190 0.970673
vt 0.877246 0.968986
vt 0.873597 0.968627
vt 0.877246 0.966181
vt 0.854149 0.970271
vt 0.860319 0.958727
vt 0.872217 0.968491
vt 0.871863 0.970271
vt 0.871168 0.971947
vt 0.870160 0.973455
vt 0.868877 0.974738
vt 0.867369 0.975746
vt 0.865692 0.976441
vt 0.863913 0.976795
vt 0.862099 0.976795
vt 0.860319 0.976441
vt 0.858643 0.975746
vt 0.857134 0.974738
vt 0.855851 0.973455
vt 0.854843 0.971947
vt 0.853795 0.968491
vt 0.853795 0.966677
vt 0.854149 0.964897
vt 0.854843 0.963221
vt 0.855851 0.961712
vt 0.857134 0.960429
vt 0.858643 0.959421
vt 0.862099 0.958373
vt 0.863913 0.958373
vt 0.865692 0.958727
vt 0.867369 0.959421
vt 0.868877 0.960429
vt 0.870160 0.961712
vt 0.871168 0.963221
vt 0.992501 0.588160
vt 0.994392 0.586270
vt 0.994392 0.588160
vt 0.992501 0.621581
vt 0.994392 0.621581
vt 0.994392 0.623112
vt 0.993446 0.759381
vt 0.992501 0.758242
vt 0.994392 0.758242
vt 0.992501 0.664707
vt 0.994392 0.665754
vt 0.992501 0.665754
vt 0.992501 0.668816
vt 0.994392 0.667769
vt 0.994392 0.668816
vt 0.992501 0.598644
vt 0.994392 0.596977
vt 0.994392 0.598644
vt 0.992501 0.631130
vt 0.994392 0.629601
vt 0.994392 0.631130
vt 0.994392 0.767112
vt 0.992501 0.766065
vt 0.994392 0.766065
vt 0.992501 0.692639
vt 0.994392 0.693599
vt 0.992501 0.693599
vt 0.994392 0.718198
vt 0.992501 0.719099
vt 0.992501 0.717783
vt 0.994392 0.601940
vt 0.992501 0.600292
vt 0.994392 0.600292
vt 0.992501 0.634373
vt 0.994392 0.635902
vt 0.992501 0.635902
vt 0.994392 0.773827
vt 0.992501 0.774873
vt 0.992501 0.773827
vt 0.992501 0.720807
vt 0.994392 0.721696
vt 0.992501 0.721696
vt 0.994392 0.682899
vt 0.992501 0.683888
vt 0.992501 0.682469
vt 0.994392 0.582489
vt 0.992501 0.584380
vt 0.992501 0.582489
vt 0.993446 0.619864
vt 0.994392 0.621488
vt 0.992501 0.621488
vt 0.993446 0.757102
vt 0.994392 0.758241
vt 0.992501 0.758241
vt 0.992501 0.672359
vt 0.994392 0.673406
vt 0.992501 0.673406
vt 0.994392 0.678476
vt 0.992501 0.679521
vt 0.992501 0.677993
vt 0.994392 0.611745
vt 0.992501 0.610118
vt 0.994392 0.610118
vt 0.994392 0.635902
vt 0.992501 0.637431
vt 0.992501 0.635902
vt 0.992501 0.767236
vt 0.994392 0.768283
vt 0.992501 0.768283
vt 0.992501 0.685716
vt 0.994392 0.686694
vt 0.992501 0.686694
vt 0.994392 0.723380
vt 0.992501 0.724257
vt 0.992501 0.722977
vt 0.992501 0.595309
vt 0.994392 0.593623
vt 0.994392 0.595309
vt 0.994392 0.632659
vt 0.992501 0.631130
vt 0.994392 0.631130
vt 0.994392 0.768344
vt 0.992501 0.769391
vt 0.992501 0.768282
vt 0.992501 0.707594
vt 0.994392 0.708506
vt 0.992501 0.708506
vt 0.992501 0.694560
vt 0.994392 0.694977
vt 0.994392 0.590048
vt 0.992501 0.591936
vt 0.992501 0.590048
vt 0.994392 0.624643
vt 0.992501 0.624643
vt 0.992501 0.623112
vt 0.993446 0.759381
vt 0.994392 0.760521
vt 0.992501 0.760521
vt 0.992501 0.663177
vt 0.994392 0.664223
vt 0.992501 0.664223
vt 0.992501 0.666801
vt 0.994392 0.665754
vt 0.994392 0.667285
vt 0.994392 0.656569
vt 0.992501 0.654986
vt 0.994392 0.654986
vt 0.994392 0.627948
vt 0.992501 0.629477
vt 0.992501 0.627948
vt 0.992501 0.761692
vt 0.994392 0.762739
vt 0.992501 0.762739
vt 0.992501 0.696761
vt 0.994392 0.697715
vt 0.992501 0.697715
vt 0.992501 0.714726
vt 0.994392 0.713819
vt 0.994392 0.715144
vt 0.994392 0.605215
vt 0.992501 0.606853
vt 0.992501 0.605215
vt 0.994392 0.648567
vt 0.992501 0.647039
vt 0.994392 0.647039
vt 0.994392 0.769453
vt 0.992501 0.770500
vt 0.992501 0.769391
vt 0.992501 0.699509
vt 0.994392 0.700443
vt 0.992501 0.700443
vt 0.994392 0.702203
vt 0.992501 0.703145
vt 0.992501 0.701794
vt 0.992501 0.578707
vt 0.994392 0.580598
vt 0.992501 0.580598
vt 0.992501 0.615086
vt 0.994392 0.615086
vt 0.994392 0.616617
vt 0.993446 0.753683
vt 0.994392 0.754822
vt 0.992501 0.754822
vt 0.992501 0.680005
vt 0.994392 0.681050
vt 0.992501 0.681050
vt 0.994392 0.673889
vt 0.992501 0.674936
vt 0.992501 0.673406
vt 0.994392 0.606853
vt 0.992501 0.608490
vt 0.992501 0.606853
vt 0.994392 0.648691
vt 0.992501 0.650220
vt 0.992501 0.648629
vt 0.994392 0.771547
vt 0.992501 0.770500
vt 0.994392 0.770500
vt 0.992501 0.710243
vt 0.994392 0.711171
vt 0.992501 0.711171
vt 0.992501 0.705842
vt 0.994392 0.704918
vt 0.994392 0.705842
vt 0.992501 0.626342
vt 0.994392 0.627948
vt 0.992501 0.627948
vt 0.992501 0.637555
vt 0.994392 0.639084
vt 0.992501 0.639084
vt 0.992501 0.775982
vt 0.994392 0.774935
vt 0.994392 0.776044
vt 0.992501 0.715561
vt 0.994392 0.716468
vt 0.992501 0.716468
vt 0.992501 0.689466
vt 0.994392 0.688500
vt 0.994392 0.689466
vt 0.949927 0.533740
vt 0.947559 0.530200
vt 0.950571 0.533212
vt 0.038419 0.919411
vt 0.040051 0.923345
vt 0.037775 0.919939
vt 0.944018 0.527833
vt 0.040785 0.922953
vt 0.041618 0.927129
vt 0.943625 0.528568
vt 0.940083 0.526203
vt 0.043246 0.931065
vt 0.935905 0.525372
vt 0.042418 0.935243
vt 0.931646 0.525372
vt 0.043246 0.935325
vt 0.041618 0.939260
vt 0.927468 0.526203
vt 0.042415 0.939502
vt 0.040051 0.943045
vt 0.923533 0.527833
vt 0.040785 0.943437
vt 0.037775 0.946451
vt 0.919991 0.530200
vt 0.035407 0.949991
vt 0.034879 0.949347
vt 0.920520 0.530844
vt 0.916980 0.533212
vt 0.031473 0.951623
vt 0.914613 0.536753
vt 0.031866 0.952357
vt 0.027689 0.953190
vt 0.912983 0.540688
vt 0.023753 0.954818
vt 0.023671 0.953989
vt 0.912152 0.544866
vt 0.019494 0.954818
vt 0.019575 0.953989
vt 0.912152 0.549125
vt 0.015558 0.953190
vt 0.913780 0.553061
vt 0.912983 0.553303
vt 0.015316 0.953987
vt 0.011773 0.951623
vt 0.914613 0.557238
vt 0.011381 0.952357
vt 0.008368 0.949347
vt 0.916980 0.560780
vt 0.004827 0.946979
vt 0.005471 0.946451
vt 0.917624 0.560251
vt 0.919991 0.563791
vt 0.003196 0.943045
vt 0.923926 0.565423
vt 0.923533 0.566158
vt 0.002461 0.943437
vt 0.001628 0.939260
vt 0.927468 0.567788
vt 0.000000 0.935325
vt 0.931646 0.568619
vt 0.000000 0.931065
vt 0.000829 0.931147
vt 0.935905 0.568619
vt 0.001628 0.927129
vt 0.940083 0.567788
vt 0.000831 0.926888
vt 0.003196 0.923345
vt 0.939841 0.566991
vt 0.944018 0.566158
vt 0.004827 0.919411
vt 0.005471 0.919939
vt 0.947559 0.563791
vt 0.007839 0.916399
vt 0.008368 0.917043
vt 0.950571 0.560780
vt 0.011773 0.914767
vt 0.952938 0.557238
vt 0.011381 0.914033
vt 0.015558 0.913200
vt 0.954568 0.553303
vt 0.019494 0.911572
vt 0.955399 0.549125
vt 0.023753 0.911572
vt 0.023671 0.912401
vt 0.955399 0.544866
vt 0.027689 0.913200
vt 0.954568 0.540688
vt 0.027930 0.912403
vt 0.031473 0.914767
vt 0.034879 0.917043
vt 0.035407 0.916399
vt 0.952938 0.536753
vt 0.218434 0.940751
vt 0.993990 0.822857
vt 0.992501 0.823832
vt 0.992501 0.822857
vt 0.993477 0.946273
vt 0.992501 0.947250
vt 0.992501 0.946273
vt 0.993990 0.830657
vt 0.992501 0.831632
vt 0.992501 0.830657
vt 0.993990 0.809193
vt 0.992501 0.810169
vt 0.992501 0.809193
vt 0.992501 0.813097
vt 0.993990 0.814074
vt 0.992501 0.814074
vt 0.992501 0.844738
vt 0.993990 0.845599
vt 0.992501 0.845599
vt 0.993477 0.938464
vt 0.992501 0.939440
vt 0.992501 0.938464
vt 0.993990 0.885870
vt 0.992501 0.886688
vt 0.992501 0.885870
vt 0.993990 0.860875
vt 0.992501 0.861720
vt 0.992501 0.860875
vt 0.992501 0.870994
vt 0.993990 0.871834
vt 0.992501 0.871834
vt 0.993990 0.852415
vt 0.992501 0.853266
vt 0.992501 0.852415
vt 0.993477 0.957988
vt 0.992501 0.958964
vt 0.992501 0.957988
vt 0.993990 0.865102
vt 0.992501 0.865948
vt 0.992501 0.865102
vt 0.993990 0.877659
vt 0.992501 0.876830
vt 0.993990 0.876830
vt 0.993990 0.836960
vt 0.992501 0.837831
vt 0.992501 0.836960
vt 0.993990 0.816026
vt 0.992501 0.815050
vt 0.993990 0.815050
vt 0.993477 0.947249
vt 0.992501 0.948226
vt 0.992501 0.947249
vt 0.993990 0.811145
vt 0.992501 0.812121
vt 0.992501 0.811145
vt 0.992501 0.821881
vt 0.993990 0.820905
vt 0.993990 0.821881
vt 0.993990 0.828707
vt 0.992501 0.829682
vt 0.992501 0.828707
vt 0.993990 0.872674
vt 0.992501 0.873514
vt 0.992501 0.872674
vt 0.992501 0.936511
vt 0.993477 0.937487
vt 0.992501 0.937487
vt 0.993990 0.863411
vt 0.992501 0.864257
vt 0.992501 0.863411
vt 0.992501 0.844738
vt 0.993990 0.843877
vt 0.993990 0.844738
vt 0.992501 0.883417
vt 0.993990 0.884235
vt 0.992501 0.884235
vt 0.993990 0.838702
vt 0.993990 0.837831
vt 0.993477 0.955059
vt 0.992501 0.956035
vt 0.992501 0.955059
vt 0.992501 0.880146
vt 0.993990 0.879317
vt 0.993990 0.880146
vt 0.993990 0.850714
vt 0.992501 0.851564
vt 0.992501 0.850714
vt 0.993990 0.861720
vt 0.992501 0.862566
vt 0.992501 0.832607
vt 0.993990 0.831632
vt 0.993990 0.832607
vt 0.992501 0.949202
vt 0.993477 0.948226
vt 0.993477 0.949202
vt 0.992501 0.824808
vt 0.993990 0.823832
vt 0.993990 0.824808
vt 0.992501 0.814074
vt 0.993990 0.815050
vt 0.992501 0.815050
vt 0.993990 0.810169
vt 0.992501 0.811145
vt 0.992501 0.810169
vt 0.992501 0.885870
vt 0.993990 0.885052
vt 0.993990 0.885870
vt 0.993477 0.940416
vt 0.992501 0.939440
vt 0.993477 0.939440
vt 0.993990 0.846460
vt 0.992501 0.845599
vt 0.993990 0.845599
vt 0.992501 0.870154
vt 0.993990 0.870994
vt 0.993990 0.860030
vt 0.992501 0.860030
vt 0.993990 0.866793
vt 0.993990 0.865948
vt 0.992501 0.942368
vt 0.993477 0.941392
vt 0.993477 0.942368
vt 0.992501 0.852415
vt 0.993990 0.851565
vt 0.993990 0.852415
vt 0.993990 0.836089
vt 0.992501 0.836960
vt 0.992501 0.836089
vt 0.992501 0.878488
vt 0.993990 0.878488
vt 0.992501 0.813097
vt 0.993990 0.812121
vt 0.993990 0.813097
vt 0.992501 0.950178
vt 0.993477 0.949202
vt 0.993477 0.950178
vt 0.992501 0.816026
vt 0.993990 0.817002
vt 0.992501 0.817002
vt 0.993990 0.829682
vt 0.992501 0.830657
vt 0.992501 0.822857
vt 0.993990 0.821881
vt 0.993990 0.822857
vt 0.992501 0.864257
vt 0.993990 0.864257
vt 0.993477 0.952131
vt 0.992501 0.951154
vt 0.993477 0.951154
vt 0.993990 0.884235
vt 0.992501 0.885052
vt 0.992501 0.884235
vt 0.992501 0.843877
vt 0.993990 0.843016
vt 0.993990 0.843877
vt 0.993990 0.878488
vt 0.992501 0.879317
vt 0.992501 0.878488
vt 0.993477 0.957012
vt 0.992501 0.956035
vt 0.993477 0.956035
vt 0.992501 0.838702
vt 0.993990 0.839573
vt 0.992501 0.839573
vt 0.993990 0.862566
vt 0.992501 0.862566
vt 0.992501 0.849863
vt 0.218434 0.921214
vt 0.955399 0.556055
vt 0.867532 0.494203
vt 0.952054 0.761201
vt 0.750211 0.267559
vt 0.952203 0.556845
vt 0.750211 0.258520
vt 0.758738 0.267396
vt 0.758738 0.276571
vt 0.752647 0.276597
vt 0.752647 0.267588
vt 0.752647 0.258520
vt 0.755084 0.276588
vt 0.755084 0.267464
vt 0.755084 0.258520
vt 0.750211 0.276598
vt 0.719943 0.967673
vt 0.718695 0.967676
vt 0.718695 0.966732
vt 0.716804 0.967682
vt 0.716222 0.967683
vt 0.718695 0.961089
vt 0.975642 0.699312
vt 0.978781 0.702134
vt 0.976890 0.701916
vt 0.979363 0.710279
vt 0.978781 0.710287
vt 0.978781 0.709338
vt 0.976890 0.710314
vt 0.975642 0.710331
vt 0.976890 0.711253
vt 0.976890 0.716821
vt 0.975642 0.720864
vt 0.761868 0.978302
vt 0.758729 0.975543
vt 0.760620 0.975784
vt 0.758147 0.967510
vt 0.758729 0.967510
vt 0.758729 0.968456
vt 0.760620 0.967510
vt 0.761868 0.967510
vt 0.760620 0.966565
vt 0.760620 0.960905
vt 0.758729 0.959478
vt 0.979266 0.212722
vt 0.976127 0.210004
vt 0.978018 0.210259
vt 0.975545 0.202051
vt 0.976127 0.202055
vt 0.976127 0.202997
vt 0.978018 0.202071
vt 0.979266 0.202082
vt 0.978018 0.201123
vt 0.978018 0.195417
vt 0.979266 0.191149
vt 0.719943 0.978513
vt 0.716804 0.975740
vt 0.718695 0.975977
vt 0.716804 0.968628
vt 0.876699 0.963430
vt 0.864408 0.953343
vt 0.858852 0.953891
vt 0.853928 0.956522
vt 0.849312 0.971738
vt 0.861603 0.981824
vt 0.872084 0.978645
vt 0.992501 0.586270
vt 0.993446 0.621488
vt 0.994392 0.759288
vt 0.992501 0.759288
vt 0.994392 0.664223
vt 0.992501 0.667285
vt 0.992501 0.596977
vt 0.992501 0.629539
vt 0.992501 0.767174
vt 0.994392 0.692222
vt 0.994392 0.719099
vt 0.992501 0.601940
vt 0.994392 0.634312
vt 0.994392 0.774935
vt 0.994392 0.720398
vt 0.994392 0.683888
vt 0.994392 0.584380
vt 0.992501 0.619958
vt 0.994392 0.619958
vt 0.992501 0.757195
vt 0.994392 0.757195
vt 0.994392 0.671876
vt 0.994392 0.679521
vt 0.992501 0.611745
vt 0.994392 0.637493
vt 0.994392 0.767174
vt 0.994392 0.685291
vt 0.994392 0.724257
vt 0.992501 0.593623
vt 0.992501 0.632721
vt 0.994392 0.769391
vt 0.994392 0.707174
vt 0.994392 0.591936
vt 0.993446 0.624736
vt 0.992501 0.759474
vt 0.994392 0.759474
vt 0.994392 0.662693
vt 0.992501 0.665754
vt 0.992501 0.656569
vt 0.994392 0.629539
vt 0.994392 0.761630
vt 0.994392 0.696346
vt 0.992501 0.713819
vt 0.994392 0.606853
vt 0.992501 0.648629
vt 0.994392 0.770500
vt 0.994392 0.699079
vt 0.994392 0.703145
vt 0.994392 0.578707
vt 0.992501 0.616617
vt 0.993446 0.614993
vt 0.992501 0.753776
vt 0.994392 0.753776
vt 0.994392 0.679521
vt 0.994392 0.674936
vt 0.994392 0.608490
vt 0.994392 0.650220
vt 0.992501 0.771609
vt 0.994392 0.709839
vt 0.992501 0.704493
vt 0.994392 0.626342
vt 0.994392 0.637493
vt 0.992501 0.774935
vt 0.992501 0.688080
vt 0.042415 0.926888
vt 0.038419 0.946979
vt 0.027930 0.953987
vt 0.007839 0.949991
vt 0.000831 0.939502
vt 0.002461 0.922953
vt 0.015316 0.912403
vt 0.031866 0.914033
vt 0.993477 0.947250
vt 0.993990 0.831632
vt 0.993990 0.810169
vt 0.993990 0.813097
vt 0.993990 0.844738
vt 0.993477 0.939440
vt 0.993990 0.886688
vt 0.993990 0.853266
vt 0.993477 0.958964
vt 0.992501 0.877659
vt 0.993477 0.948226
vt 0.992501 0.820905
vt 0.993990 0.873514
vt 0.993477 0.936511
vt 0.993990 0.864257
vt 0.992501 0.843877
vt 0.993990 0.883417
vt 0.993477 0.956035
vt 0.992501 0.879317
vt 0.993990 0.851564
vt 0.993990 0.862566
vt 0.992501 0.831632
vt 0.992501 0.948226
vt 0.993990 0.814074
vt 0.993990 0.811145
vt 0.992501 0.885052
vt 0.992501 0.940416
vt 0.992501 0.846460
vt 0.993990 0.870154
vt 0.992501 0.866793
vt 0.992501 0.941392
vt 0.992501 0.851565
vt 0.993990 0.836960
vt 0.992501 0.949202
vt 0.993990 0.830657
vt 0.992501 0.821881
vt 0.992501 0.952131
vt 0.993990 0.885052
vt 0.992501 0.843016
vt 0.993990 0.879317
vt 0.992501 0.957012
vt 0.993990 0.849863
s 0
usemtl Material
f 303/1/1 271/3/1 319/2/1
f 335/4/2 333/6/2 270/5/2
f 337/7/3 335/4/3 272/8/3
f 337/9/4 274/11/4 276/10/4
f 341/12/5 339/13/5 276/10/5
f 343/14/6 341/12/6 278/15/6
f 345/16/7 343/14/7 280/17/7
f 347/18/8 345/16/8 282/19/8
f 349/20/9 347/18/9 284/21/9
f 351/22/10 349/20/10 286/23/10
f 353/24/11 351/22/11 288/25/11
f 355/26/12 353/28/12 290/27/12
f 357/29/13 355/26/13 292/30/13
f 357/29/14 294/32/14 296/31/14
f 361/33/15 359/34/15 296/31/15
f 363/35/16 361/33/16 298/36/16
f 365/37/17 363/35/17 300/38/17
f 367/39/18 365/37/18 302/40/18
f 369/41/19 367/39/19 304/42/19
f 371/43/20 369/45/20 306/44/20
f 373/46/21 371/43/21 308/47/21
f 373/46/22 310/49/22 312/48/22
f 375/50/23 312/48/23 314/51/23
f 379/52/24 377/53/24 314/51/24
f 379/52/25 316/55/25 318/54/25
f 383/56/26 381/57/26 318/54/26
f 383/56/27 320/59/27 322/58/27
f 387/60/28 385/62/28 322/61/28
f 387/60/29 324/64/29 326/63/29
f 391/65/30 389/66/30 326/63/30
f 333/6/31 331/68/31 268/67/31
f 332/69/32 5/71/32 1/70/32
f 331/68/33 330/73/33 266/72/33
f 1/70/32 64/78/32 392/77/32
f 336/79/32 8/81/32 7/80/32
f 338/82/32 9/83/32 8/81/32
f 13/84/32 9/83/32 338/82/32
f 15/85/32 13/84/32 340/86/32
f 16/87/32 15/85/32 342/88/32
f 17/89/32 16/87/32 344/90/32
f 348/91/32 20/92/32 17/89/32
f 350/93/32 23/94/32 20/92/32
f 352/95/32 24/96/32 23/94/32
f 354/97/32 26/98/32 24/96/32
f 29/99/32 26/98/32 354/97/32
f 31/100/32 29/99/32 356/101/32
f 360/102/32 32/103/32 31/100/32
f 34/104/32 32/103/32 360/102/32
f 364/105/32 37/106/32 34/104/32
f 39/107/32 37/106/32 364/105/32
f 368/108/32 40/109/32 39/107/32
f 42/110/32 40/109/32 368/108/32
f 45/111/32 42/110/32 370/112/32
f 47/113/32 45/111/32 372/114/32
f 376/115/32 48/116/32 47/113/32
f 378/117/32 50/118/32 48/116/32
f 380/119/32 53/120/32 50/118/32
f 55/121/32 53/120/32 380/119/32
f 384/122/32 56/123/32 55/121/32
f 386/124/32 58/125/32 56/123/32
f 388/126/32 61/127/32 58/125/32
f 390/128/32 63/129/32 61/127/32
f 392/77/32 64/78/32 63/129/32
f 7/80/32 5/71/32 332/69/32
f 4/358/162 2/360/162 3/359/162
f 254/361/32 6/363/32 250/362/32
f 252/364/1 3/366/1 2/365/1
f 253/367/163 2/369/163 4/368/163
f 6/370/164 3/372/164 249/371/164
f 12/373/165 10/375/165 11/374/165
f 12/376/32 14/378/32 256/377/32
f 255/379/1 11/381/1 10/380/1
f 258/382/166 10/384/166 12/383/166
f 255/385/167 256/387/167 14/386/167
f 22/388/168 21/390/168 18/389/168
f 262/391/32 21/393/32 22/392/32
f 19/394/1 18/396/1 261/395/1
f 261/397/169 18/399/169 21/398/169
f 260/400/170 259/402/170 22/401/170
f 28/403/164 25/405/164 27/404/164
f 211/406/32 28/408/32 30/407/32
f 209/409/1 27/411/1 25/410/1
f 210/412/162 25/414/162 28/413/162
f 263/415/171 264/417/171 30/416/171
f 38/418/167 36/420/167 33/419/167
f 36/421/32 38/423/32 214/422/32
f 213/424/1 35/426/1 33/425/1
f 216/427/165 33/429/165 36/428/165
f 213/430/172 214/432/172 38/431/172
f 43/433/170 46/435/170 44/434/170
f 220/436/32 44/438/32 46/437/32
f 218/439/1 219/441/1 43/440/1
f 218/442/168 41/444/168 44/443/168
f 219/445/173 217/446/173 46/383/173
f 52/447/171 49/449/171 51/448/171
f 226/450/32 54/452/32 223/451/32
f 224/453/1 51/455/1 49/454/1
f 225/456/164 49/458/164 52/457/164
f 221/459/163 223/461/163 54/460/163
f 62/462/172 60/464/172 57/463/172
f 60/465/32 62/467/32 229/466/32
f 227/468/1 59/470/1 57/469/1
f 230/471/167 57/473/167 60/472/167
f 227/474/166 229/476/166 62/475/166
f 67/477/173 65/479/173 66/478/173
f 234/480/32 67/482/32 68/481/32
f 231/483/1 233/485/1 66/484/1
f 231/486/170 65/488/170 67/487/170
f 233/489/169 232/491/169 68/490/169
f 71/492/163 69/494/163 70/493/163
f 240/495/32 72/497/32 237/496/32
f 236/498/1 70/500/1 69/499/1
f 239/501/171 69/503/171 71/502/171
f 235/504/162 237/506/162 72/505/162
f 75/507/166 73/509/166 74/508/166
f 244/510/32 242/512/32 75/511/32
f 241/513/1 74/515/1 73/514/1
f 243/516/172 73/518/172 75/517/172
f 76/519/165 74/521/165 241/520/165
f 80/522/169 79/524/169 77/523/169
f 248/525/32 79/527/32 80/526/32
f 246/528/1 247/530/1 78/529/1
f 246/531/173 77/533/173 79/532/173
f 80/534/168 78/536/168 247/535/168
f 329/537/174 330/539/174 331/538/174
f 266/540/175 265/542/175 267/541/175
f 332/69/176 331/538/176 333/543/176
f 268/544/177 267/541/177 269/545/177
f 334/546/178 333/543/178 335/547/178
f 269/545/179 271/3/179 272/548/179
f 336/79/180 335/547/180 337/549/180
f 272/548/181 271/3/181 273/550/181
f 338/82/182 337/549/182 339/551/182
f 274/552/183 273/550/183 275/553/183
f 340/86/184 339/551/184 341/554/184
f 276/555/185 275/553/185 277/556/185
f 341/554/186 343/557/186 344/90/186
f 278/558/187 277/556/187 279/559/187
f 344/90/188 343/557/188 345/560/188
f 279/559/189 281/562/189 282/561/189
f 346/563/190 345/560/190 347/564/190
f 282/561/191 281/562/191 283/565/191
f 348/91/192 347/564/192 349/566/192
f 284/567/193 283/565/193 285/568/193
f 350/93/194 349/566/194 351/569/194
f 285/568/195 287/571/195 288/570/195
f 352/95/196 351/569/196 353/572/196
f 287/571/197 289/574/197 290/573/197
f 353/572/198 355/575/198 356/101/198
f 290/573/199 289/574/199 291/576/199
f 355/575/200 357/578/200 358/577/200
f 292/579/201 291/576/201 293/580/201
f 358/577/202 357/578/202 359/581/202
f 294/582/203 293/580/203 295/583/203
f 360/102/204 359/581/204 361/584/204
f 295/583/205 297/586/205 298/585/205
f 362/587/206 361/584/206 363/588/206
f 298/585/207 297/586/207 299/589/207
f 363/588/208 365/591/208 366/590/208
f 300/592/209 299/589/209 301/593/209
f 365/591/210 367/594/210 368/108/210
f 301/593/211 303/1/211 304/595/211
f 368/108/212 367/594/212 369/596/212
f 303/1/213 305/598/213 306/597/213
f 370/112/214 369/596/214 371/599/214
f 306/597/215 305/598/215 307/600/215
f 372/114/216 371/599/216 373/601/216
f 308/602/217 307/600/217 309/603/217
f 374/604/218 373/601/218 375/605/218
f 309/603/219 311/607/219 312/606/219
f 376/115/220 375/605/220 377/608/220
f 311/607/221 313/610/221 314/609/221
f 378/117/222 377/608/222 379/611/222
f 314/609/223 313/610/223 315/612/223
f 380/119/224 379/611/224 381/613/224
f 316/614/225 315/612/225 317/615/225
f 381/613/226 383/616/226 384/122/226
f 317/615/227 319/2/227 320/617/227
f 384/122/228 383/616/228 385/618/228
f 319/2/229 321/620/229 322/619/229
f 386/124/230 385/618/230 387/621/230
f 322/619/231 321/620/231 323/622/231
f 388/126/232 387/621/232 389/623/232
f 324/624/233 323/622/233 325/625/233
f 266/540/234 327/627/234 328/626/234
f 325/625/235 328/626/235 327/627/235
f 390/128/236 389/623/236 391/628/236
f 330/539/237 329/537/237 392/77/237
f 330/73/238 391/65/238 327/629/238
f 271/3/1 275/553/1 273/550/1
f 275/553/1 279/559/1 277/556/1
f 279/559/1 283/565/1 281/562/1
f 283/565/1 287/571/1 285/568/1
f 287/571/1 291/576/1 289/574/1
f 291/576/1 295/583/1 293/580/1
f 295/583/1 299/589/1 297/586/1
f 299/589/1 303/1/1 301/593/1
f 303/1/1 307/600/1 305/598/1
f 307/600/1 311/607/1 309/603/1
f 311/607/1 315/612/1 313/610/1
f 315/612/1 319/2/1 317/615/1
f 319/2/1 323/622/1 321/620/1
f 323/622/1 328/626/1 325/625/1
f 328/626/1 267/541/1 265/542/1
f 267/541/1 271/3/1 269/545/1
f 271/3/1 279/559/1 275/553/1
f 279/559/1 287/571/1 283/565/1
f 287/571/1 295/583/1 291/576/1
f 295/583/1 303/1/1 299/589/1
f 303/1/1 311/607/1 307/600/1
f 311/607/1 319/2/1 315/612/1
f 319/2/1 328/626/1 323/622/1
f 328/626/1 271/3/1 267/541/1
f 271/3/1 287/571/1 279/559/1
f 287/571/1 303/1/1 295/583/1
f 303/1/1 319/2/1 311/607/1
f 319/2/1 271/3/1 328/626/1
f 271/3/1 303/1/1 287/571/1
f 335/4/2 270/5/2 272/8/2
f 337/7/3 272/8/3 274/796/3
f 337/9/4 276/10/4 339/13/4
f 341/12/5 276/10/5 278/15/5
f 343/14/6 278/15/6 280/17/6
f 345/16/7 280/17/7 282/19/7
f 347/18/8 282/19/8 284/21/8
f 349/20/9 284/21/9 286/23/9
f 351/22/10 286/23/10 288/25/10
f 353/24/11 288/25/11 290/797/11
f 355/26/12 290/27/12 292/30/12
f 357/29/13 292/30/13 294/32/13
f 357/29/14 296/31/14 359/34/14
f 361/33/15 296/31/15 298/36/15
f 363/35/16 298/36/16 300/38/16
f 365/37/17 300/38/17 302/40/17
f 367/39/18 302/40/18 304/42/18
f 369/41/19 304/42/19 306/798/19
f 371/43/20 306/44/20 308/47/20
f 373/46/21 308/47/21 310/49/21
f 373/46/22 312/48/22 375/50/22
f 375/50/23 314/51/23 377/53/23
f 379/52/24 314/51/24 316/55/24
f 379/52/25 318/54/25 381/57/25
f 383/56/26 318/54/26 320/59/26
f 383/56/27 322/58/27 385/799/27
f 387/60/28 322/61/28 324/64/28
f 387/60/29 326/63/29 389/66/29
f 391/65/30 326/63/30 327/629/30
f 333/6/31 268/67/31 270/5/31
f 332/69/32 1/70/32 329/537/32
f 331/68/33 266/72/33 268/67/33
f 1/70/32 392/77/32 329/537/32
f 336/79/32 7/80/32 334/546/32
f 338/82/32 8/81/32 336/79/32
f 13/84/32 338/82/32 340/86/32
f 15/85/32 340/86/32 342/88/32
f 16/87/32 342/88/32 344/90/32
f 17/89/32 344/90/32 346/563/32
f 348/91/32 17/89/32 346/563/32
f 350/93/32 20/92/32 348/91/32
f 352/95/32 23/94/32 350/93/32
f 354/97/32 24/96/32 352/95/32
f 29/99/32 354/97/32 356/101/32
f 31/100/32 356/101/32 358/577/32
f 360/102/32 31/100/32 358/577/32
f 34/104/32 360/102/32 362/587/32
f 364/105/32 34/104/32 362/587/32
f 39/107/32 364/105/32 366/590/32
f 368/108/32 39/107/32 366/590/32
f 42/110/32 368/108/32 370/112/32
f 45/111/32 370/112/32 372/114/32
f 47/113/32 372/114/32 374/604/32
f 376/115/32 47/113/32 374/604/32
f 378/117/32 48/116/32 376/115/32
f 380/119/32 50/118/32 378/117/32
f 55/121/32 380/119/32 382/801/32
f 384/122/32 55/121/32 382/801/32
f 386/124/32 56/123/32 384/122/32
f 388/126/32 58/125/32 386/124/32
f 390/128/32 61/127/32 388/126/32
f 392/77/32 63/129/32 390/128/32
f 7/80/32 332/69/32 334/546/32
f 4/358/162 3/359/162 6/862/162
f 6/363/32 254/361/32 4/452/32
f 254/361/32 250/362/32 251/863/32
f 3/366/1 252/364/1 249/864/1
f 252/364/1 2/365/1 253/865/1
f 253/367/163 4/368/163 254/866/163
f 6/370/164 249/371/164 250/867/164
f 12/373/165 11/374/165 14/868/165
f 12/376/32 256/377/32 257/869/32
f 255/379/1 10/380/1 258/870/1
f 258/382/166 12/383/166 257/871/166
f 255/385/167 14/386/167 11/872/167
f 22/388/168 18/389/168 19/873/168
f 262/391/32 22/392/32 259/874/32
f 19/394/1 261/395/1 260/875/1
f 261/397/169 21/398/169 262/876/169
f 260/400/170 22/401/170 19/877/170
f 28/403/164 27/404/164 30/878/164
f 28/408/32 211/406/32 212/879/32
f 211/406/32 30/407/32 264/880/32
f 27/411/1 209/409/1 263/881/1
f 209/409/1 25/410/1 210/882/1
f 210/412/162 28/413/162 212/883/162
f 263/415/171 30/416/171 27/884/171
f 38/418/167 33/419/167 35/885/167
f 36/421/32 214/422/32 215/886/32
f 213/424/1 33/425/1 216/887/1
f 216/427/165 36/428/165 215/888/165
f 213/430/172 38/431/172 35/889/172
f 43/433/170 44/434/170 41/890/170
f 220/436/32 46/437/32 217/891/32
f 218/439/1 43/440/1 41/892/1
f 218/442/168 44/443/168 220/893/168
f 219/445/173 46/383/173 43/384/173
f 52/447/171 51/448/171 54/894/171
f 54/452/32 226/450/32 52/363/32
f 226/450/32 223/451/32 222/895/32
f 51/455/1 224/453/1 221/896/1
f 224/453/1 49/454/1 225/897/1
f 225/456/164 52/457/164 226/898/164
f 221/459/163 54/460/163 51/899/163
f 62/462/172 57/463/172 59/900/172
f 60/465/32 229/466/32 228/901/32
f 227/468/1 57/469/1 230/902/1
f 230/471/167 60/472/167 228/903/167
f 227/474/166 62/475/166 59/904/166
f 67/477/173 66/478/173 68/905/173
f 234/480/32 68/481/32 232/906/32
f 231/483/1 66/484/1 65/907/1
f 231/486/170 67/487/170 234/908/170
f 233/489/169 68/490/169 66/909/169
f 71/492/163 70/493/163 72/910/163
f 72/497/32 240/495/32 71/911/32
f 240/495/32 237/496/32 238/912/32
f 70/500/1 236/498/1 235/913/1
f 236/498/1 69/499/1 239/914/1
f 239/501/171 71/502/171 240/915/171
f 235/504/162 72/505/162 70/916/162
f 75/507/166 74/508/166 76/917/166
f 244/510/32 75/511/32 76/918/32
f 241/513/1 73/514/1 243/919/1
f 243/516/172 75/517/172 242/920/172
f 76/519/165 241/520/165 244/921/165
f 80/522/169 77/523/169 78/922/169
f 248/525/32 80/526/32 245/923/32
f 246/528/1 78/529/1 77/924/1
f 246/531/173 79/532/173 248/476/173
f 80/534/168 247/535/168 245/925/168
f 329/537/174 331/538/174 332/69/174
f 266/540/175 267/541/175 268/544/175
f 332/69/176 333/543/176 334/546/176
f 268/544/177 269/545/177 270/926/177
f 334/546/178 335/547/178 336/79/178
f 269/545/179 272/548/179 270/926/179
f 336/79/180 337/549/180 338/82/180
f 272/548/181 273/550/181 274/552/181
f 338/82/182 339/551/182 340/86/182
f 274/552/183 275/553/183 276/555/183
f 340/86/184 341/554/184 342/88/184
f 276/555/185 277/556/185 278/558/185
f 341/554/186 344/90/186 342/88/186
f 278/558/187 279/559/187 280/927/187
f 344/90/188 345/560/188 346/563/188
f 279/559/189 282/561/189 280/927/189
f 346/563/190 347/564/190 348/91/190
f 282/561/191 283/565/191 284/567/191
f 348/91/192 349/566/192 350/93/192
f 284/567/193 285/568/193 286/928/193
f 350/93/194 351/569/194 352/95/194
f 285/568/195 288/570/195 286/928/195
f 352/95/196 353/572/196 354/97/196
f 287/571/197 290/573/197 288/570/197
f 353/572/198 356/101/198 354/97/198
f 290/573/199 291/576/199 292/579/199
f 355/575/200 358/577/200 356/101/200
f 292/579/201 293/580/201 294/582/201
f 358/577/202 359/581/202 360/102/202
f 294/582/203 295/583/203 296/929/203
f 360/102/204 361/584/204 362/587/204
f 295/583/205 298/585/205 296/929/205
f 362/587/206 363/588/206 364/105/206
f 298/585/207 299/589/207 300/592/207
f 363/588/208 366/590/208 364/105/208
f 300/592/209 301/593/209 302/930/209
f 365/591/210 368/108/210 366/590/210
f 301/593/211 304/595/211 302/930/211
f 368/108/212 369/596/212 370/112/212
f 303/1/213 306/597/213 304/595/213
f 370/112/214 371/599/214 372/114/214
f 306/597/215 307/600/215 308/602/215
f 372/114/216 373/601/216 374/604/216
f 308/602/217 309/603/217 310/931/217
f 374/604/218 375/605/218 376/115/218
f 309/603/219 312/606/219 310/931/219
f 376/115/220 377/608/220 378/117/220
f 311/607/221 314/609/221 312/606/221
f 378/117/222 379/611/222 380/119/222
f 314/609/223 315/612/223 316/614/223
f 380/119/224 381/613/224 382/801/224
f 316/614/225 317/615/225 318/932/225
f 381/613/226 384/122/226 382/801/226
f 317/615/227 320/617/227 318/932/227
f 384/122/228 385/618/228 386/124/228
f 319/2/229 322/619/229 320/617/229
f 386/124/230 387/621/230 388/126/230
f 322/619/231 323/622/231 324/624/231
f 388/126/232 389/623/232 390/128/232
f 324/624/233 325/625/233 326/933/233
f 266/540/234 328/626/234 265/542/234
f 325/625/235 327/627/235 326/933/235
f 390/128/236 391/628/236 392/77/236
f 330/539/237 392/77/237 391/628/237
f 330/73/238 327/629/238 266/72/238
usemtl metal
f 113/74/34 144/76/34 64/75/34
f 177/130/35 208/132/35 112/131/35
f 64/75/36 144/76/36 143/133/36
f 63/134/37 143/133/37 142/135/37
f 61/127/38 142/137/38 141/136/38
f 58/125/39 141/136/39 140/138/39
f 56/139/40 140/141/40 139/140/40
f 55/142/41 139/140/41 138/143/41
f 53/144/42 138/143/42 137/145/42
f 137/145/43 136/147/43 48/146/43
f 48/146/44 136/147/44 135/148/44
f 47/149/45 135/148/45 134/150/45
f 45/111/46 134/152/46 133/151/46
f 133/151/47 132/153/47 40/109/47
f 132/154/48 131/156/48 39/155/48
f 131/156/49 130/158/49 37/157/49
f 37/157/50 130/158/50 129/159/50
f 129/159/51 128/161/51 32/160/51
f 32/160/52 128/161/52 127/162/52
f 31/163/53 127/162/53 126/164/53
f 29/99/54 126/166/54 125/165/54
f 26/98/55 125/165/55 124/167/55
f 124/168/56 123/170/56 23/169/56
f 123/170/57 122/172/57 20/171/57
f 20/171/58 122/172/58 121/173/58
f 121/173/59 120/175/59 16/174/59
f 16/174/60 120/175/60 119/176/60
f 15/177/61 119/176/61 118/178/61
f 13/84/62 118/180/62 117/179/62
f 9/83/63 117/179/63 116/181/63
f 116/182/64 115/184/64 7/183/64
f 115/184/65 114/186/65 5/185/65
f 5/185/66 114/186/66 113/74/66
f 210/187/67 114/189/67 146/188/67
f 115/190/68 147/191/68 146/188/68
f 215/192/69 115/190/69 116/193/69
f 213/194/69 216/196/69 148/195/69
f 117/197/70 149/198/70 148/195/70
f 118/199/71 150/201/71 149/200/71
f 218/202/72 151/203/72 150/201/72
f 220/204/72 118/199/72 119/205/72
f 120/206/73 152/207/73 151/203/73
f 223/208/74 152/207/74 120/206/74
f 225/209/75 122/211/75 154/210/75
f 123/212/76 155/213/76 154/210/76
f 228/214/77 123/212/77 124/215/77
f 227/216/77 230/218/77 156/217/77
f 157/219/78 156/217/78 124/215/78
f 126/220/79 158/222/79 157/221/79
f 234/223/80 126/220/80 127/224/80
f 231/225/80 159/226/80 158/222/80
f 128/227/81 160/228/81 159/226/81
f 237/229/82 160/228/82 128/227/82
f 239/230/83 130/232/83 162/231/83
f 163/233/84 162/231/84 130/232/84
f 242/234/85 131/236/85 132/235/85
f 164/237/85 163/233/85 241/238/85
f 133/239/86 165/240/86 164/237/86
f 134/241/87 166/243/87 165/242/87
f 246/244/88 167/245/88 166/243/88
f 248/246/88 134/241/88 135/247/88
f 168/248/89 167/245/89 135/247/89
f 250/249/90 168/248/90 136/250/90
f 253/251/91 138/253/91 170/252/91
f 171/254/92 170/252/92 138/253/92
f 257/255/93 139/257/93 140/256/93
f 255/258/93 258/260/93 172/259/93
f 173/261/94 172/259/94 140/256/94
f 142/262/95 174/264/95 173/263/95
f 261/265/96 175/266/96 174/264/96
f 142/262/96 143/268/96 262/267/96
f 144/269/97 176/270/97 175/266/97
f 264/271/98 176/270/98 144/269/98
f 146/272/99 82/274/99 81/273/99
f 147/275/100 83/276/100 82/274/100
f 148/277/101 84/278/101 83/276/101
f 149/279/102 85/280/102 84/278/102
f 150/281/103 86/282/103 85/280/103
f 87/283/104 86/282/104 150/281/104
f 152/284/105 88/285/105 87/283/105
f 89/286/106 88/285/106 152/284/106
f 154/287/107 90/288/107 89/286/107
f 91/289/108 90/288/108 154/287/108
f 156/290/109 92/291/109 91/289/109
f 93/292/110 92/291/110 156/290/110
f 94/293/111 93/292/111 157/294/111
f 95/295/112 94/293/112 158/296/112
f 96/297/113 95/295/113 159/298/113
f 97/299/114 96/297/114 160/300/114
f 162/301/115 98/302/115 97/299/115
f 99/303/116 98/302/116 162/301/116
f 100/304/117 99/303/117 163/305/117
f 101/306/118 100/304/118 164/307/118
f 102/308/119 101/306/119 165/309/119
f 103/310/120 102/308/120 166/311/120
f 168/312/121 104/313/121 103/310/121
f 169/314/122 105/315/122 104/313/122
f 170/316/123 106/317/123 105/315/123
f 107/318/124 106/317/124 170/316/124
f 172/319/125 108/320/125 107/318/125
f 173/321/126 109/322/126 108/320/126
f 174/323/127 110/324/127 109/322/127
f 175/325/128 111/326/128 110/324/128
f 176/327/129 112/131/129 111/326/129
f 81/273/130 112/131/130 176/327/130
f 112/131/131 208/132/131 207/330/131
f 207/330/132 206/331/132 110/324/132
f 110/324/133 206/331/133 205/332/133
f 109/322/134 205/332/134 204/333/134
f 108/320/135 204/333/135 203/334/135
f 203/334/136 202/335/136 106/317/136
f 106/317/137 202/335/137 201/336/137
f 201/336/138 200/337/138 104/313/138
f 104/313/139 200/337/139 199/338/139
f 199/338/140 198/339/140 102/308/140
f 102/308/141 198/339/141 197/340/141
f 101/306/142 197/340/142 196/341/142
f 196/341/143 195/342/143 99/303/143
f 195/342/144 194/343/144 98/302/144
f 98/302/145 194/343/145 193/328/145
f 193/328/146 192/344/146 96/297/146
f 96/297/147 192/344/147 191/345/147
f 191/345/148 190/346/148 94/293/148
f 190/346/149 189/347/149 93/292/149
f 189/347/150 188/348/150 92/291/150
f 188/348/151 187/349/151 91/289/151
f 187/349/152 186/350/152 90/288/152
f 90/288/153 186/350/153 185/329/153
f 89/286/154 185/329/154 184/351/154
f 88/285/155 184/351/155 183/352/155
f 87/283/156 183/352/156 182/353/156
f 86/282/157 182/353/157 181/354/157
f 85/280/158 181/354/158 180/355/158
f 84/278/159 180/355/159 179/356/159
f 83/276/160 179/356/160 178/357/160
f 178/357/161 177/130/161 81/273/161
f 113/74/34 64/75/34 1/800/34
f 177/130/35 112/131/35 81/273/35
f 64/75/239 143/133/239 63/134/239
f 63/134/37 142/135/37 61/802/37
f 61/127/38 141/136/38 58/125/38
f 58/125/39 140/138/39 56/123/39
f 56/139/40 139/140/40 55/142/40
f 55/142/41 138/143/41 53/144/41
f 53/144/42 137/145/42 50/803/42
f 137/145/43 48/146/43 50/803/43
f 48/146/44 135/148/44 47/149/44
f 47/149/45 134/150/45 45/804/45
f 45/111/46 133/151/46 42/110/46
f 133/151/47 40/109/47 42/110/47
f 132/154/48 39/155/48 40/805/48
f 131/156/240 37/157/240 39/155/240
f 37/157/50 129/159/50 34/806/50
f 129/159/51 32/160/51 34/806/51
f 32/160/52 127/162/52 31/163/52
f 31/163/53 126/164/53 29/807/53
f 29/99/54 125/165/54 26/98/54
f 26/98/55 124/167/55 24/96/55
f 124/168/56 23/169/56 24/808/56
f 123/170/57 20/171/57 23/169/57
f 20/171/58 121/173/58 17/809/58
f 121/173/59 16/174/59 17/809/59
f 16/174/241 119/176/241 15/177/241
f 15/177/61 118/178/61 13/810/61
f 13/84/62 117/179/62 9/83/62
f 9/83/63 116/181/63 8/81/63
f 116/182/64 7/183/64 8/811/64
f 115/184/242 5/185/242 7/183/242
f 5/185/66 113/74/66 1/800/66
f 113/812/67 212/814/67 211/813/67
f 210/187/67 145/816/67 209/815/67
f 114/189/67 212/814/67 113/812/67
f 210/187/67 146/188/67 145/816/67
f 114/189/67 210/187/67 212/814/67
f 115/190/68 146/188/68 114/189/68
f 147/191/69 214/817/69 213/194/69
f 115/190/69 214/817/69 147/191/69
f 216/196/243 116/193/243 148/195/243
f 115/190/69 215/192/69 214/817/69
f 215/192/244 116/193/244 216/196/244
f 213/194/69 148/195/69 147/191/69
f 117/197/70 148/195/70 116/193/70
f 118/199/71 149/200/71 117/818/71
f 218/202/72 150/201/72 219/819/72
f 220/204/72 151/203/72 218/202/72
f 118/199/245 219/819/245 150/201/245
f 118/199/72 217/820/72 219/819/72
f 220/204/72 119/205/72 151/203/72
f 118/199/72 220/204/72 217/820/72
f 120/206/73 151/203/73 119/205/73
f 153/821/74 221/823/74 224/822/74
f 223/208/74 121/825/74 222/824/74
f 152/207/74 221/823/74 153/821/74
f 223/208/74 120/206/74 121/825/74
f 152/207/74 223/208/74 221/823/74
f 122/211/75 222/824/75 121/825/75
f 122/211/75 226/826/75 222/824/75
f 224/822/75 154/210/75 153/821/75
f 122/211/75 225/209/75 226/826/75
f 225/209/75 154/210/75 224/822/75
f 123/212/76 154/210/76 122/211/76
f 155/213/77 229/827/77 227/216/77
f 123/212/77 229/827/77 155/213/77
f 230/218/246 124/215/246 156/217/246
f 123/212/77 228/214/77 229/827/77
f 228/214/77 124/215/77 230/218/77
f 227/216/77 156/217/77 155/213/77
f 157/219/78 124/215/78 125/828/78
f 126/220/79 157/221/79 125/829/79
f 126/220/247 233/830/247 158/222/247
f 126/220/80 232/831/80 233/830/80
f 231/225/80 127/224/80 159/226/80
f 126/220/80 234/223/80 232/831/80
f 234/223/80 127/224/80 231/225/80
f 231/225/80 158/222/80 233/830/80
f 128/227/81 159/226/81 127/224/81
f 160/228/82 236/833/82 161/832/82
f 160/228/82 235/834/82 236/833/82
f 238/835/82 128/227/82 129/836/82
f 160/228/82 237/229/82 235/834/82
f 237/229/82 128/227/82 238/835/82
f 130/232/83 238/835/83 129/836/83
f 130/232/83 240/837/83 238/835/83
f 236/833/83 162/231/83 161/832/83
f 130/232/83 239/230/83 240/837/83
f 239/230/83 162/231/83 236/833/83
f 163/233/84 130/232/84 131/236/84
f 163/233/85 244/838/85 241/238/85
f 131/236/85 244/838/85 163/233/85
f 243/839/248 132/235/248 164/237/248
f 131/236/85 242/234/85 244/838/85
f 242/234/249 132/235/249 243/839/249
f 164/237/85 241/238/85 243/839/85
f 133/239/86 164/237/86 132/235/86
f 134/241/87 165/242/87 133/840/87
f 246/244/88 166/243/88 247/841/88
f 134/241/250 247/841/250 166/243/250
f 134/241/88 245/842/88 247/841/88
f 246/244/88 135/247/88 167/245/88
f 134/241/88 248/246/88 245/842/88
f 248/246/88 135/247/88 246/244/88
f 168/248/89 135/247/89 136/250/89
f 169/843/90 249/845/90 252/844/90
f 250/249/90 137/847/90 251/846/90
f 168/248/90 249/845/90 169/843/90
f 250/249/90 136/250/90 137/847/90
f 168/248/90 250/249/90 249/845/90
f 138/253/91 251/846/91 137/847/91
f 138/253/91 254/848/91 251/846/91
f 252/844/91 170/252/91 169/843/91
f 138/253/91 253/251/91 254/848/91
f 253/251/91 170/252/91 252/844/91
f 171/254/92 138/253/92 139/257/92
f 171/254/93 256/849/93 255/258/93
f 139/257/93 256/849/93 171/254/93
f 258/260/251 140/256/251 172/259/251
f 139/257/93 257/255/93 256/849/93
f 257/255/93 140/256/93 258/260/93
f 255/258/93 172/259/93 171/254/93
f 173/261/94 140/256/94 141/850/94
f 142/262/95 173/263/95 141/851/95
f 261/265/96 174/264/96 260/852/96
f 142/262/252 260/852/252 174/264/252
f 142/262/96 259/853/96 260/852/96
f 261/265/96 143/268/96 175/266/96
f 142/262/96 262/267/96 259/853/96
f 262/267/96 143/268/96 261/265/96
f 144/269/97 175/266/97 143/268/97
f 145/816/98 263/854/98 209/815/98
f 264/271/98 113/812/98 211/813/98
f 176/270/98 263/854/98 145/816/98
f 264/271/98 144/269/98 113/812/98
f 176/270/98 264/271/98 263/854/98
f 146/272/99 81/273/99 145/855/99
f 147/275/100 82/274/100 146/272/100
f 148/277/101 83/276/101 147/275/101
f 149/279/102 84/278/102 148/277/102
f 150/281/103 85/280/103 149/279/103
f 87/283/104 150/281/104 151/856/104
f 152/284/105 87/283/105 151/856/105
f 89/286/106 152/284/106 153/857/106
f 154/287/107 89/286/107 153/857/107
f 91/289/108 154/287/108 155/858/108
f 156/290/109 91/289/109 155/858/109
f 93/292/110 156/290/110 157/294/110
f 94/293/111 157/294/111 158/296/111
f 95/295/112 158/296/112 159/298/112
f 96/297/113 159/298/113 160/300/113
f 97/299/114 160/300/114 161/859/114
f 162/301/115 97/299/115 161/859/115
f 99/303/116 162/301/116 163/305/116
f 100/304/117 163/305/117 164/307/117
f 101/306/118 164/307/118 165/309/118
f 102/308/119 165/309/119 166/311/119
f 103/310/120 166/311/120 167/860/120
f 168/312/121 103/310/121 167/860/121
f 169/314/122 104/313/122 168/312/122
f 170/316/123 105/315/123 169/314/123
f 107/318/124 170/316/124 171/861/124
f 172/319/125 107/318/125 171/861/125
f 173/321/126 108/320/126 172/319/126
f 174/323/127 109/322/127 173/321/127
f 175/325/128 110/324/128 174/323/128
f 176/327/129 111/326/129 175/325/129
f 81/273/130 176/327/130 145/855/130
f 112/131/131 207/330/131 111/326/131
f 207/330/132 110/324/132 111/326/132
f 110/324/133 205/332/133 109/322/133
f 109/322/134 204/333/134 108/320/134
f 108/320/135 203/334/135 107/318/135
f 203/334/136 106/317/136 107/318/136
f 106/317/137 201/336/137 105/315/137
f 201/336/138 104/313/138 105/315/138
f 104/313/139 199/338/139 103/310/139
f 199/338/140 102/308/140 103/310/140
f 102/308/141 197/340/141 101/306/141
f 101/306/142 196/341/142 100/304/142
f 196/341/143 99/303/143 100/304/143
f 195/342/144 98/302/144 99/303/144
f 98/302/145 193/328/145 97/299/145
f 193/328/146 96/297/146 97/299/146
f 96/297/147 191/345/147 95/295/147
f 191/345/148 94/293/148 95/295/148
f 190/346/149 93/292/149 94/293/149
f 189/347/150 92/291/150 93/292/150
f 188/348/151 91/289/151 92/291/151
f 187/349/152 90/288/152 91/289/152
f 90/288/153 185/329/153 89/286/153
f 89/286/154 184/351/154 88/285/154
f 88/285/155 183/352/155 87/283/155
f 87/283/156 182/353/156 86/282/156
f 86/282/157 181/354/157 85/280/157
f 85/280/158 180/355/158 84/278/158
f 84/278/159 179/356/159 83/276/159
f 83/276/160 178/357/160 82/274/160
f 178/357/161 81/273/161 82/274/161
usemtl Black
f 193/328/32 177/130/32 185/329/32
f 177/130/32 207/330/32 208/132/32
f 207/330/32 205/332/32 206/331/32
f 205/332/32 203/334/32 204/333/32
f 203/334/32 201/336/32 202/335/32
f 201/336/32 199/338/32 200/337/32
f 199/338/32 197/340/32 198/339/32
f 197/340/32 195/342/32 196/341/32
f 195/342/32 193/328/32 194/343/32
f 193/328/32 191/345/32 192/344/32
f 191/345/32 189/347/32 190/346/32
f 189/347/32 187/349/32 188/348/32
f 187/349/32 185/329/32 186/350/32
f 185/329/32 183/352/32 184/351/32
f 183/352/32 181/354/32 182/353/32
f 181/354/32 179/356/32 180/355/32
f 179/356/32 177/130/32 178/357/32
f 177/130/32 205/332/32 207/330/32
f 205/332/32 201/336/32 203/334/32
f 201/336/32 197/340/32 199/338/32
f 197/340/32 193/328/32 195/342/32
f 193/328/32 189/347/32 191/345/32
f 189/347/32 185/329/32 187/349/32
f 185/329/32 181/354/32 183/352/32
f 181/354/32 177/130/32 179/356/32
f 177/130/32 201/336/32 205/332/32
f 201/336/32 193/328/32 197/340/32
f 193/328/32 185/329/32 189/347/32
f 185/329/32 177/130/32 181/354/32
f 177/130/32 193/328/32 201/336/32
usemtl Grey
f 395/630/162 393/632/162 394/631/162
f 399/633/32 395/635/32 396/634/32
f 397/636/171 399/638/171 400/637/171
f 393/639/163 395/641/163 399/640/163
f 400/642/164 396/644/164 394/643/164
f 401/645/165 402/647/165 404/646/165
f 407/648/32 403/650/32 404/649/32
f 405/651/172 407/653/172 408/652/172
f 401/654/166 403/656/166 407/655/166
f 408/657/167 404/659/167 402/658/167
f 411/660/168 409/662/168 410/661/168
f 415/663/32 411/665/32 412/664/32
f 413/666/173 415/668/173 416/667/173
f 411/669/169 415/671/169 413/670/169
f 414/672/170 416/674/170 412/673/170
f 417/675/164 418/677/164 420/676/164
f 423/678/32 419/680/32 420/679/32
f 421/681/163 423/683/163 424/682/163
f 417/684/162 419/686/162 423/685/162
f 422/687/171 424/689/171 420/688/171
f 427/690/167 425/692/167 426/691/167
f 427/693/32 428/695/32 432/694/32
f 429/696/166 431/698/166 432/697/166
f 425/699/165 427/701/165 431/700/165
f 432/702/172 428/704/172 426/703/172
f 433/705/170 434/706/170 436/673/170
f 439/707/32 435/709/32 436/708/32
f 437/710/169 439/712/169 440/711/169
f 433/713/168 435/715/168 439/714/168
f 438/716/173 440/655/173 436/717/173
f 443/718/171 441/720/171 442/719/171
f 447/721/32 443/723/32 444/722/32
f 445/724/162 447/726/162 448/725/162
f 443/727/164 447/729/164 445/728/164
f 446/730/163 448/732/163 444/731/163
f 451/733/172 449/735/172 450/734/172
f 451/736/32 452/738/32 456/737/32
f 455/739/165 456/741/165 454/740/165
f 451/742/167 455/657/167 453/743/167
f 454/744/166 456/745/166 452/656/166
f 457/746/173 458/747/173 460/667/173
f 463/748/32 459/750/32 460/749/32
f 461/751/168 463/753/168 464/752/168
f 457/754/170 459/756/170 463/755/170
f 462/757/169 464/758/169 460/669/169
f 467/759/163 465/761/163 466/760/163
f 471/762/32 467/764/32 468/763/32
f 471/765/164 472/767/164 470/766/164
f 465/768/171 467/688/171 471/769/171
f 470/770/162 472/772/162 468/771/162
f 473/666/166 474/774/166 476/773/166
f 475/775/32 476/777/32 480/776/32
f 477/692/167 479/690/167 480/658/167
f 473/778/172 475/780/172 479/779/172
f 478/781/165 480/783/165 476/782/165
f 483/784/169 481/786/169 482/785/169
f 483/787/32 484/789/32 488/788/32
f 487/790/170 488/792/170 486/791/170
f 481/793/173 483/794/173 487/698/173
f 488/795/168 484/715/168 482/713/168
f 395/630/162 394/631/162 396/725/162
f 399/633/32 396/634/32 400/934/32
f 397/636/171 400/637/171 398/935/171
f 393/639/163 399/640/163 397/936/163
f 400/642/164 394/643/164 398/937/164
f 401/645/165 404/646/165 403/938/165
f 407/648/32 404/649/32 408/939/32
f 405/651/172 408/652/172 406/940/172
f 401/654/166 407/655/166 405/716/166
f 408/657/167 402/658/167 406/743/167
f 411/660/168 410/661/168 412/941/168
f 415/663/32 412/664/32 416/942/32
f 413/666/173 416/667/173 414/747/173
f 411/669/169 413/670/169 409/943/169
f 414/672/170 412/673/170 410/706/170
f 417/675/164 420/676/164 419/765/164
f 423/678/32 420/679/32 424/944/32
f 421/681/163 424/682/163 422/760/163
f 417/684/162 423/685/162 421/945/162
f 422/687/171 420/688/171 418/768/171
f 427/690/167 426/691/167 428/946/167
f 427/693/32 432/694/32 431/947/32
f 429/696/166 432/697/166 430/948/166
f 425/699/165 431/700/165 429/949/165
f 432/702/172 426/703/172 430/950/172
f 433/705/170 436/673/170 435/790/170
f 439/707/32 436/708/32 440/951/32
f 437/710/169 440/711/169 438/952/169
f 433/713/168 439/714/168 437/953/168
f 438/716/173 436/717/173 434/954/173
f 443/718/171 442/719/171 444/955/171
f 447/721/32 444/722/32 448/956/32
f 445/724/162 448/725/162 446/631/162
f 443/727/164 445/728/164 441/957/164
f 446/730/163 444/731/163 442/958/163
f 451/733/172 450/734/172 452/959/172
f 451/736/32 456/737/32 455/960/32
f 455/739/165 454/740/165 453/961/165
f 451/742/167 453/743/167 449/962/167
f 454/744/166 452/656/166 450/654/166
f 457/746/173 460/667/173 459/963/173
f 463/748/32 460/749/32 464/964/32
f 461/751/168 464/752/168 462/965/168
f 457/754/170 463/755/170 461/966/170
f 462/757/169 460/669/169 458/943/169
f 467/759/163 466/760/163 468/682/163
f 471/762/32 468/763/32 472/967/32
f 471/765/164 470/766/164 469/675/164
f 465/768/171 471/769/171 469/968/171
f 470/770/162 468/771/162 466/969/162
f 473/666/166 476/773/166 475/668/166
f 475/775/32 480/776/32 479/970/32
f 477/692/167 480/658/167 478/659/167
f 473/778/172 479/779/172 477/971/172
f 478/781/165 476/782/165 474/972/165
f 483/784/169 482/785/169 484/973/169
f 483/787/32 488/788/32 487/974/32
f 487/790/170 486/791/170 485/705/170
f 481/793/173 487/698/173 485/696/173
f 488/795/168 482/713/168 486/975/168
o rear
v -1.255588 0.425557 -0.000000
v -1.024214 0.034638 0.277298
v -1.255588 0.417380 -0.083022
v -1.024214 -0.034638 0.277298
v -1.255588 0.393163 -0.162854
v -1.024214 0.034638 0.346574
v -1.255588 0.353837 -0.236427
v -1.024214 -0.034638 0.346574
v -1.255588 0.300914 -0.300914
v -1.255588 0.236427 -0.353838
v -1.024214 0.168646 0.222828
v -1.024214 0.108652 0.257466
v -1.255588 0.162853 -0.393163
v -1.255588 0.083022 -0.417380
v -1.024214 0.203284 0.282823
v -1.024214 0.143290 0.317460
v -1.255588 0.000000 -0.425557
v -1.024214 0.257466 0.108652
v -1.255588 -0.083022 -0.417380
v -1.024214 0.222829 0.168646
v -1.255588 -0.162853 -0.393163
v -1.024214 0.317461 0.143290
v -1.255588 -0.236427 -0.353838
v -1.024214 0.282823 0.203284
v -1.255588 -0.300914 -0.300914
v -1.024214 0.277298 -0.034638
v -1.255588 -0.353837 -0.236427
v -1.024214 0.277298 0.034637
v -1.255588 -0.393163 -0.162854
v -1.024214 0.346574 -0.034638
v -1.255588 -0.417380 -0.083022
v -1.024214 0.346574 0.034637
v -1.255588 -0.425557 -0.000000
v -1.255588 -0.417380 0.083022
v -1.024214 0.222829 -0.168647
v -1.024214 0.257466 -0.108652
v -1.255588 -0.393163 0.162853
v -1.255588 -0.353837 0.236426
v -1.024214 0.282823 -0.203284
v -1.024214 0.317461 -0.143290
v -1.255588 -0.300914 0.300914
v -1.024214 0.108652 -0.257467
v -1.255588 -0.236427 0.353837
v -1.024214 0.168646 -0.222829
v -1.255588 -0.162853 0.393163
v -1.255588 -0.083022 0.417379
v -1.024214 0.143290 -0.317461
v -1.024214 0.203284 -0.282823
v -1.255588 0.000000 0.425556
v -1.255588 0.083022 0.417379
v -1.024214 -0.034638 -0.277299
v -1.024214 0.034638 -0.277299
v -1.255588 0.162853 0.393163
v -1.024214 -0.034638 -0.346574
v -1.255588 0.236427 0.353837
v -1.024214 0.034638 -0.346574
v -1.255588 0.300914 0.300914
v -1.024214 -0.168646 -0.222829
v -1.255588 0.353837 0.236426
v -1.024214 -0.108652 -0.257467
v -1.255588 0.393163 0.162853
v -1.255588 0.417380 0.083022
v -1.024214 -0.203284 -0.282823
v -1.024214 -0.143290 -0.317461
v -1.024214 -0.257466 -0.108652
v -1.024214 -0.222829 -0.168647
v -1.024214 -0.317461 -0.143290
v -1.024214 -0.282823 -0.203284
v -1.024214 -0.277298 0.034637
v -1.024214 -0.277298 -0.034638
v -1.024214 -0.346574 0.034637
v -1.024214 -0.346574 -0.034638
v -1.024214 -0.222829 0.168646
v -1.024214 -0.257466 0.108652
v -1.024214 -0.282823 0.203284
v -1.024214 -0.317461 0.143290
v -1.024214 -0.108652 0.257466
v -1.024214 -0.168646 0.222828
v -1.024214 -0.143290 0.317460
v -1.024214 -0.203284 0.282823
v -1.223722 0.385954 -0.000000
v -1.223722 0.378538 -0.075296
v -1.223722 0.356575 -0.147698
v -1.223722 0.320909 -0.214425
v -1.223722 0.272911 -0.272911
v -1.223722 0.214424 -0.320909
v -1.223722 0.147698 -0.356575
v -1.223722 0.075296 -0.378538
v -1.223722 0.000000 -0.385954
v -1.223722 -0.075296 -0.378538
v -1.223722 -0.147698 -0.356575
v -1.223722 -0.214424 -0.320909
v -1.223722 -0.272911 -0.272911
v -1.223722 -0.320909 -0.214425
v -1.223722 -0.356575 -0.147698
v -1.223722 -0.378538 -0.075296
v -1.223722 -0.385954 -0.000000
v -1.223722 -0.378538 0.075296
v -1.223722 -0.356575 0.147698
v -1.223722 -0.320909 0.214424
v -1.223722 -0.272911 0.272910
v -1.223722 -0.214424 0.320909
v -1.223722 -0.147698 0.356574
v -1.223722 -0.075296 0.378537
v -1.223722 0.000000 0.385954
v -1.223722 0.075296 0.378537
v -1.223722 0.147698 0.356574
v -1.223722 0.214424 0.320909
v -1.223722 0.272911 0.272910
v -1.223722 0.320909 0.214424
v -1.223722 0.356575 0.147698
v -1.223722 0.378538 0.075296
v -1.046402 0.248258 -0.000000
v -1.046402 0.243488 -0.048433
v -1.046402 0.229361 -0.095005
v -1.046402 0.206419 -0.137925
v -1.046402 0.175545 -0.175545
v -1.046402 0.137925 -0.206419
v -1.046402 0.095004 -0.229361
v -1.046402 0.048433 -0.243488
v -1.046402 0.000000 -0.248258
v -1.046402 -0.048433 -0.243488
v -1.046402 -0.095004 -0.229361
v -1.046402 -0.137925 -0.206419
v -1.046402 -0.175545 -0.175545
v -1.046402 -0.206419 -0.137925
v -1.046402 -0.229361 -0.095005
v -1.046402 -0.243488 -0.048433
v -1.046402 -0.248258 -0.000000
v -1.046402 -0.243488 0.048432
v -1.046402 -0.229361 0.095004
v -1.046402 -0.206419 0.137925
v -1.046402 -0.175545 0.175545
v -1.046402 -0.137925 0.206419
v -1.046402 -0.095004 0.229360
v -1.046402 -0.048433 0.243488
v -1.046402 0.000000 0.248258
v -1.046402 0.048433 0.243488
v -1.046402 0.095004 0.229360
v -1.046402 0.137925 0.206419
v -1.046402 0.175545 0.175545
v -1.046402 0.206419 0.137925
v -1.046402 0.229361 0.095004
v -1.046402 0.243488 0.048432
v -1.046402 0.375459 -0.000000
v -1.046402 0.368245 0.073248
v -1.046402 0.346879 0.143682
v -1.046402 0.312183 0.208594
v -1.046402 0.265490 0.265489
v -1.046402 0.208594 0.312183
v -1.046402 0.143682 0.346879
v -1.046402 0.073248 0.368245
v -1.046402 0.000000 0.375459
v -1.046402 -0.073248 0.368245
v -1.046402 -0.143682 0.346879
v -1.046402 -0.208594 0.312183
v -1.046402 -0.265490 0.265489
v -1.046402 -0.312183 0.208594
v -1.046402 -0.346879 0.143682
v -1.046402 -0.368245 0.073248
v -1.046402 -0.375459 -0.000000
v -1.046402 -0.368245 -0.073249
v -1.046402 -0.346879 -0.143682
v -1.046402 -0.312183 -0.208594
v -1.046402 -0.265490 -0.265490
v -1.046402 -0.208594 -0.312183
v -1.046402 -0.143682 -0.346879
v -1.046402 -0.073248 -0.368245
v -1.046402 0.000000 -0.375460
v -1.046402 0.073248 -0.368245
v -1.046402 0.143682 -0.346879
v -1.046402 0.208594 -0.312183
v -1.046402 0.265490 -0.265490
v -1.046402 0.312183 -0.208594
v -1.046402 0.346879 -0.143682
v -1.046402 0.368245 -0.073249
v -1.228174 0.220312 -0.000000
v -1.228174 0.216079 0.042981
v -1.228174 0.203542 0.084310
v -1.228174 0.183183 0.122399
v -1.228174 0.155784 0.155784
v -1.228174 0.122399 0.183183
v -1.228174 0.084310 0.203542
v -1.228174 0.042981 0.216079
v -1.228174 0.000000 0.220312
v -1.228174 -0.042981 0.216079
v -1.228174 -0.084310 0.203542
v -1.228174 -0.122399 0.183183
v -1.228174 -0.155784 0.155784
v -1.228174 -0.183183 0.122399
v -1.228174 -0.203542 0.084310
v -1.228174 -0.216079 0.042981
v -1.228174 -0.220312 -0.000000
v -1.228174 -0.216079 -0.042981
v -1.228174 -0.203542 -0.084310
v -1.228174 -0.183183 -0.122399
v -1.228174 -0.155784 -0.155785
v -1.228174 -0.122399 -0.183183
v -1.228174 -0.084310 -0.203542
v -1.228174 -0.042981 -0.216079
v -1.228174 0.000000 -0.220313
v -1.228174 0.042981 -0.216079
v -1.228174 0.084310 -0.203542
v -1.228174 0.122399 -0.183183
v -1.228174 0.155784 -0.155785
v -1.228174 0.183183 -0.122399
v -1.228174 0.203542 -0.084310
v -1.228174 0.216079 -0.042981
v -1.212370 0.248258 -0.000000
v -1.212370 0.243488 0.048432
v -1.212370 0.229361 0.095004
v -1.212370 0.206419 0.137925
v -1.212370 0.175545 0.175545
v -1.212370 0.137925 0.206419
v -1.212370 0.095004 0.229360
v -1.212370 0.048433 0.243488
v -1.212370 0.000000 0.248258
v -1.212370 -0.048433 0.243488
v -1.212370 -0.095004 0.229360
v -1.212370 -0.137925 0.206419
v -1.212370 -0.175545 0.175545
v -1.212370 -0.206419 0.137925
v -1.212370 -0.229361 0.095004
v -1.212370 -0.243488 0.048432
v -1.212370 -0.248258 -0.000000
v -1.212370 -0.243488 -0.048433
v -1.212370 -0.229361 -0.095005
v -1.212370 -0.206419 -0.137925
v -1.212370 -0.175545 -0.175545
v -1.212370 -0.137925 -0.206419
v -1.212370 -0.095004 -0.229361
v -1.212370 -0.048433 -0.243488
v -1.212370 0.000000 -0.248258
v -1.212370 0.048433 -0.243488
v -1.212370 0.095004 -0.229361
v -1.212370 0.137925 -0.206419
v -1.212370 0.175545 -0.175545
v -1.212370 0.206419 -0.137925
v -1.212370 0.229361 -0.095005
v -1.212370 0.243488 -0.048433
v -1.046402 0.277298 0.034637
v -1.046402 0.346574 0.034637
v -1.046402 0.277298 -0.000000
v -1.046402 0.346574 -0.000000
v -1.046402 0.288784 0.192959
v -1.046402 0.231060 0.154389
v -1.046402 0.257466 0.108652
v -1.046402 0.317461 0.143290
v -1.046402 0.282823 0.203284
v -1.046402 0.222829 0.168646
v -1.046402 0.203284 0.282823
v -1.046402 0.192959 0.288784
v -1.046402 0.168646 0.222828
v -1.046402 0.154389 0.231060
v -1.046402 0.143290 0.317460
v -1.046402 0.108652 0.257466
v -1.046402 0.000000 0.346574
v -1.046402 0.034638 0.277298
v -1.046402 0.000000 0.277298
v -1.046402 0.034638 0.346574
v -1.046402 -0.034638 0.277298
v -1.046402 -0.034638 0.346574
v -1.046402 -0.192959 0.288784
v -1.046402 -0.154389 0.231060
v -1.046402 -0.143290 0.317460
v -1.046402 -0.108652 0.257466
v -1.046402 -0.203284 0.282823
v -1.046402 -0.168646 0.222828
v -1.046402 -0.282823 0.203284
v -1.046402 -0.288784 0.192959
v -1.046402 -0.231060 0.154389
v -1.046402 -0.222829 0.168646
v -1.046402 -0.317461 0.143290
v -1.046402 -0.257466 0.108652
v -1.046402 -0.277298 0.034637
v -1.046402 -0.346574 -0.000000
v -1.046402 -0.277298 -0.000000
v -1.046402 -0.346574 0.034637
v -1.046402 -0.277298 -0.034638
v -1.046402 -0.346574 -0.034638
v -1.046402 -0.288784 -0.192959
v -1.046402 -0.231060 -0.154390
v -1.046402 -0.257466 -0.108652
v -1.046402 -0.317461 -0.143290
v -1.046402 -0.222829 -0.168647
v -1.046402 -0.282823 -0.203284
v -1.046402 -0.168646 -0.222829
v -1.046402 -0.154389 -0.231060
v -1.046402 -0.192959 -0.288784
v -1.046402 -0.203284 -0.282823
v -1.046402 -0.143290 -0.317461
v -1.046402 -0.108652 -0.257467
v -1.046402 -0.034638 -0.277299
v -1.046402 0.000000 -0.277299
v -1.046402 0.000000 -0.346574
v -1.046402 -0.034638 -0.346574
v -1.046402 0.034638 -0.277299
v -1.046402 0.034638 -0.346574
v -1.046402 0.154389 -0.231060
v -1.046402 0.192959 -0.288784
v -1.046402 0.108652 -0.257467
v -1.046402 0.143290 -0.317461
v -1.046402 0.168646 -0.222829
v -1.046402 0.203284 -0.282823
v -1.046402 0.222829 -0.168647
v -1.046402 0.231060 -0.154390
v -1.046402 0.288784 -0.192959
v -1.046402 0.282823 -0.203284
v -1.046402 0.257466 -0.108652
v -1.046402 0.317461 -0.143290
v -1.046402 0.277298 -0.034638
v -1.046402 0.346574 -0.034638
v -0.989974 0.546539 -0.000000
v -1.011656 0.568325 -0.000000
v -0.989974 0.536037 -0.106625
v -1.011656 0.557405 -0.110875
v -0.989974 0.504936 -0.209152
v -1.011656 0.525064 -0.217489
v -0.989974 0.454430 -0.303641
v -1.011656 0.472545 -0.315745
v -0.989974 0.386461 -0.386461
v -1.011656 0.401867 -0.401867
v -0.989974 0.303641 -0.454431
v -1.011656 0.315745 -0.472545
v -0.989974 0.209151 -0.504936
v -1.011656 0.217489 -0.525064
v -0.989974 0.106624 -0.536037
v -1.011656 0.110875 -0.557405
v -0.989974 -0.000000 -0.546539
v -1.011656 -0.000000 -0.568326
v -0.989974 -0.106624 -0.536037
v -1.011656 -0.110875 -0.557405
v -0.989974 -0.209151 -0.504936
v -1.011656 -0.217489 -0.525064
v -0.989974 -0.303641 -0.454431
v -1.011656 -0.315745 -0.472545
v -0.989974 -0.386461 -0.386461
v -1.011656 -0.401867 -0.401867
v -0.989974 -0.454430 -0.303641
v -1.011656 -0.472545 -0.315745
v -0.989974 -0.504936 -0.209152
v -1.011656 -0.525064 -0.217489
v -0.989974 -0.536037 -0.106625
v -1.011656 -0.557405 -0.110875
v -0.989974 -0.546539 -0.000000
v -1.011656 -0.568325 -0.000000
v -0.989974 -0.536037 0.106624
v -1.011656 -0.557405 0.110875
v -0.989974 -0.504936 0.209151
v -1.011656 -0.525064 0.217488
v -0.989974 -0.454430 0.303640
v -1.011656 -0.472545 0.315744
v -0.989974 -0.386461 0.386461
v -1.011656 -0.401867 0.401866
v -0.989974 -0.303641 0.454430
v -1.011656 -0.315745 0.472545
v -0.989974 -0.209151 0.504936
v -1.011656 -0.217489 0.525064
v -0.989974 -0.106624 0.536037
v -1.011656 -0.110875 0.557405
v -0.989974 -0.000000 0.546538
v -1.011656 -0.000000 0.568325
v -0.989974 0.106624 0.536037
v -1.011656 0.110875 0.557405
v -0.989974 0.209151 0.504936
v -1.011656 0.217489 0.525064
v -0.989974 0.303641 0.454430
v -1.011656 0.315745 0.472545
v -0.989974 0.386461 0.386461
v -1.011656 0.401867 0.401866
v -0.989974 0.454430 0.303640
v -1.011656 0.472545 0.315744
v -0.989974 0.504936 0.209151
v -1.011656 0.525064 0.217488
v -1.011656 0.557405 0.110875
v -0.989974 0.536037 0.106624
v -1.255588 0.546539 -0.000000
v -1.233906 0.568325 -0.000000
v -1.233906 0.557405 -0.110875
v -1.255588 0.536037 -0.106625
v -1.233906 0.525064 -0.217489
v -1.255588 0.504936 -0.209152
v -1.233906 0.472545 -0.315745
v -1.255588 0.454430 -0.303641
v -1.233906 0.401867 -0.401867
v -1.255588 0.386461 -0.386461
v -1.233906 0.315745 -0.472545
v -1.255588 0.303641 -0.454431
v -1.233906 0.217489 -0.525064
v -1.255588 0.209151 -0.504936
v -1.233906 0.110875 -0.557405
v -1.255588 0.106624 -0.536037
v -1.233906 0.000000 -0.568326
v -1.255588 0.000000 -0.546539
v -1.233906 -0.110875 -0.557405
v -1.255588 -0.106624 -0.536037
v -1.233906 -0.217489 -0.525064
v -1.255588 -0.209151 -0.504936
v -1.233906 -0.315745 -0.472545
v -1.255588 -0.303641 -0.454431
v -1.233906 -0.401867 -0.401867
v -1.255588 -0.386461 -0.386461
v -1.233906 -0.472545 -0.315745
v -1.255588 -0.454430 -0.303641
v -1.233906 -0.525064 -0.217489
v -1.255588 -0.504936 -0.209152
v -1.233906 -0.557405 -0.110875
v -1.255588 -0.536037 -0.106625
v -1.233906 -0.568325 -0.000000
v -1.255588 -0.546539 -0.000000
v -1.233906 -0.557405 0.110875
v -1.255588 -0.536037 0.106624
v -1.233906 -0.525064 0.217488
v -1.255588 -0.504936 0.209151
v -1.233906 -0.472545 0.315744
v -1.255588 -0.454430 0.303640
v -1.233906 -0.401867 0.401866
v -1.255588 -0.386461 0.386461
v -1.233906 -0.315745 0.472545
v -1.255588 -0.303641 0.454430
v -1.233906 -0.217489 0.525064
v -1.255588 -0.209151 0.504936
v -1.233906 -0.110875 0.557405
v -1.255588 -0.106624 0.536037
v -1.233906 0.000000 0.568325
v -1.255588 0.000000 0.546538
v -1.233906 0.110875 0.557405
v -1.255588 0.106624 0.536037
v -1.233906 0.217489 0.525064
v -1.255588 0.209151 0.504936
v -1.233906 0.315745 0.472545
v -1.255588 0.303641 0.454430
v -1.233906 0.401867 0.401866
v -1.255588 0.386461 0.386461
v -1.233906 0.472545 0.315744
v -1.255588 0.454430 0.303640
v -1.233906 0.525064 0.217488
v -1.255588 0.504936 0.209151
v -1.233906 0.557405 0.110875
v -1.255588 0.536037 0.106624
v 1.255587 0.425556 -0.000001
v 1.024214 0.034638 0.277298
v 1.255587 0.417379 -0.083022
v 1.024214 -0.034638 0.277298
v 1.255587 0.393163 -0.162854
v 1.024214 0.034638 0.346573
v 1.255587 0.353837 -0.236427
v 1.024214 -0.034638 0.346573
v 1.255587 0.300914 -0.300914
v 1.255587 0.236427 -0.353838
v 1.024214 0.168646 0.222828
v 1.024214 0.108652 0.257466
v 1.255587 0.162853 -0.393163
v 1.255587 0.083022 -0.417380
v 1.024214 0.203284 0.282822
v 1.024214 0.143290 0.317460
v 1.255587 0.000000 -0.425557
v 1.024214 0.257466 0.108652
v 1.255587 -0.083022 -0.417380
v 1.024214 0.222829 0.168646
v 1.255587 -0.162853 -0.393163
v 1.024214 0.317461 0.143289
v 1.255588 -0.236427 -0.353838
v 1.024214 0.282823 0.203283
v 1.255588 -0.300914 -0.300914
v 1.024214 0.277298 -0.034638
v 1.255588 -0.353837 -0.236427
v 1.024214 0.277298 0.034637
v 1.255588 -0.393163 -0.162854
v 1.024214 0.346574 -0.034638
v 1.255588 -0.417379 -0.083022
v 1.024214 0.346574 0.034637
v 1.255588 -0.425556 -0.000001
v 1.255588 -0.417379 0.083021
v 1.024214 0.222829 -0.168647
v 1.024214 0.257466 -0.108653
v 1.255588 -0.393163 0.162853
v 1.255588 -0.353837 0.236426
v 1.024214 0.282823 -0.203285
v 1.024214 0.317461 -0.143290
v 1.255588 -0.300914 0.300913
v 1.024214 0.108652 -0.257467
v 1.255588 -0.236427 0.353837
v 1.024214 0.168646 -0.222829
v 1.255587 -0.162853 0.393162
v 1.255587 -0.083022 0.417379
v 1.024214 0.143290 -0.317461
v 1.024214 0.203284 -0.282823
v 1.255587 0.000000 0.425556
v 1.255587 0.083022 0.417379
v 1.024214 -0.034638 -0.277299
v 1.024214 0.034638 -0.277299
v 1.255587 0.162853 0.393162
v 1.024214 -0.034638 -0.346574
v 1.255587 0.236427 0.353837
v 1.024214 0.034638 -0.346574
v 1.255587 0.300914 0.300913
v 1.024214 -0.168646 -0.222829
v 1.255587 0.353837 0.236426
v 1.024214 -0.108652 -0.257467
v 1.255587 0.393163 0.162853
v 1.255587 0.417379 0.083021
v 1.024214 -0.203284 -0.282823
v 1.024214 -0.143290 -0.317461
v 1.024214 -0.257466 -0.108653
v 1.024214 -0.222829 -0.168647
v 1.024214 -0.317461 -0.143290
v 1.024214 -0.282823 -0.203285
v 1.024214 -0.277298 0.034637
v 1.024214 -0.277298 -0.034638
v 1.024214 -0.346574 0.034637
v 1.024214 -0.346574 -0.034638
v 1.024214 -0.222829 0.168646
v 1.024214 -0.257466 0.108652
v 1.024214 -0.282823 0.203283
v 1.024214 -0.317461 0.143289
v 1.024214 -0.108652 0.257466
v 1.024214 -0.168646 0.222828
v 1.024214 -0.143290 0.317460
v 1.024214 -0.203284 0.282822
v 1.223722 0.385954 -0.000001
v 1.223722 0.378538 -0.075296
v 1.223722 0.356575 -0.147699
v 1.223722 0.320909 -0.214425
v 1.223722 0.272910 -0.272911
v 1.223722 0.214424 -0.320909
v 1.223722 0.147698 -0.356575
v 1.223722 0.075296 -0.378538
v 1.223722 0.000000 -0.385954
v 1.223722 -0.075296 -0.378538
v 1.223722 -0.147698 -0.356575
v 1.223722 -0.214424 -0.320909
v 1.223722 -0.272910 -0.272911
v 1.223722 -0.320909 -0.214425
v 1.223722 -0.356575 -0.147699
v 1.223722 -0.378538 -0.075296
v 1.223722 -0.385954 -0.000001
v 1.223722 -0.378538 0.075295
v 1.223722 -0.356575 0.147698
v 1.223722 -0.320909 0.214424
v 1.223722 -0.272910 0.272910
v 1.223722 -0.214424 0.320908
v 1.223722 -0.147698 0.356574
v 1.223722 -0.075296 0.378537
v 1.223722 0.000000 0.385953
v 1.223722 0.075296 0.378537
v 1.223722 0.147698 0.356574
v 1.223722 0.214424 0.320908
v 1.223722 0.272910 0.272910
v 1.223722 0.320909 0.214424
v 1.223722 0.356575 0.147698
v 1.223722 0.378538 0.075295
v 1.046402 0.248258 -0.000001
v 1.046402 0.243488 -0.048433
v 1.046402 0.229361 -0.095005
v 1.046402 0.206419 -0.137925
v 1.046402 0.175545 -0.175545
v 1.046402 0.137925 -0.206420
v 1.046402 0.095004 -0.229361
v 1.046402 0.048433 -0.243488
v 1.046402 0.000000 -0.248259
v 1.046402 -0.048433 -0.243488
v 1.046402 -0.095004 -0.229361
v 1.046402 -0.137925 -0.206420
v 1.046402 -0.175545 -0.175545
v 1.046402 -0.206419 -0.137925
v 1.046402 -0.229361 -0.095005
v 1.046402 -0.243488 -0.048433
v 1.046402 -0.248258 -0.000001
v 1.046402 -0.243488 0.048432
v 1.046402 -0.229361 0.095004
v 1.046402 -0.206419 0.137924
v 1.046402 -0.175545 0.175544
v 1.046402 -0.137925 0.206419
v 1.046402 -0.095004 0.229360
v 1.046402 -0.048433 0.243487
v 1.046402 0.000000 0.248258
v 1.046402 0.048433 0.243487
v 1.046402 0.095004 0.229360
v 1.046402 0.137925 0.206419
v 1.046402 0.175545 0.175544
v 1.046402 0.206419 0.137924
v 1.046402 0.229361 0.095004
v 1.046402 0.243488 0.048432
v 1.046402 0.375459 -0.000001
v 1.046402 0.368245 0.073248
v 1.046402 0.346879 0.143682
v 1.046402 0.312183 0.208593
v 1.046402 0.265490 0.265489
v 1.046402 0.208594 0.312182
v 1.046402 0.143682 0.346879
v 1.046402 0.073248 0.368244
v 1.046402 0.000000 0.375459
v 1.046402 -0.073248 0.368244
v 1.046402 -0.143682 0.346879
v 1.046402 -0.208594 0.312182
v 1.046402 -0.265490 0.265489
v 1.046402 -0.312183 0.208593
v 1.046402 -0.346879 0.143682
v 1.046402 -0.368245 0.073248
v 1.046402 -0.375459 -0.000001
v 1.046402 -0.368245 -0.073249
v 1.046402 -0.346879 -0.143683
v 1.046402 -0.312183 -0.208594
v 1.046402 -0.265490 -0.265490
v 1.046402 -0.208594 -0.312183
v 1.046402 -0.143682 -0.346880
v 1.046402 -0.073248 -0.368245
v 1.046402 0.000000 -0.375460
v 1.046402 0.073248 -0.368245
v 1.046402 0.143682 -0.346880
v 1.046402 0.208594 -0.312183
v 1.046402 0.265490 -0.265490
v 1.046402 0.312183 -0.208594
v 1.046402 0.346879 -0.143683
v 1.046402 0.368245 -0.073249
v 1.228173 0.220312 -0.000001
v 1.228173 0.216079 0.042980
v 1.228173 0.203542 0.084309
v 1.228173 0.183183 0.122398
v 1.228173 0.155784 0.155784
v 1.228173 0.122399 0.183182
v 1.228174 0.084310 0.203542
v 1.228174 0.042981 0.216079
v 1.228174 0.000000 0.220312
v 1.228174 -0.042981 0.216079
v 1.228174 -0.084310 0.203542
v 1.228174 -0.122399 0.183182
v 1.228174 -0.155784 0.155784
v 1.228174 -0.183183 0.122398
v 1.228174 -0.203542 0.084309
v 1.228174 -0.216079 0.042980
v 1.228174 -0.220312 -0.000000
v 1.228174 -0.216079 -0.042981
v 1.228174 -0.203542 -0.084310
v 1.228174 -0.183183 -0.122399
v 1.228174 -0.155784 -0.155785
v 1.228174 -0.122399 -0.183184
v 1.228174 -0.084310 -0.203543
v 1.228174 -0.042981 -0.216080
v 1.228174 0.000000 -0.220313
v 1.228174 0.042981 -0.216080
v 1.228174 0.084310 -0.203543
v 1.228173 0.122399 -0.183184
v 1.228173 0.155784 -0.155785
v 1.228173 0.183183 -0.122399
v 1.228173 0.203542 -0.084310
v 1.228173 0.216079 -0.042981
v 1.212370 0.248258 -0.000001
v 1.212370 0.243488 0.048432
v 1.212370 0.229361 0.095004
v 1.212370 0.206419 0.137924
v 1.212370 0.175545 0.175544
v 1.212370 0.137925 0.206419
v 1.212370 0.095004 0.229360
v 1.212370 0.048433 0.243487
v 1.212370 0.000000 0.248258
v 1.212370 -0.048433 0.243487
v 1.212370 -0.095004 0.229360
v 1.212370 -0.137925 0.206419
v 1.212370 -0.175545 0.175544
v 1.212370 -0.206419 0.137924
v 1.212370 -0.229361 0.095004
v 1.212370 -0.243488 0.048432
v 1.212370 -0.248258 -0.000001
v 1.212370 -0.243488 -0.048433
v 1.212370 -0.229361 -0.095005
v 1.212370 -0.206419 -0.137925
v 1.212370 -0.175545 -0.175545
v 1.212370 -0.137925 -0.206420
v 1.212370 -0.095004 -0.229361
v 1.212370 -0.048433 -0.243488
v 1.212370 0.000000 -0.248259
v 1.212370 0.048433 -0.243488
v 1.212370 0.095004 -0.229361
v 1.212370 0.137925 -0.206420
v 1.212370 0.175545 -0.175545
v 1.212370 0.206419 -0.137925
v 1.212370 0.229361 -0.095005
v 1.212370 0.243488 -0.048433
v 1.046402 0.277298 0.034637
v 1.046402 0.346574 0.034637
v 1.046402 0.277298 -0.000001
v 1.046402 0.346574 -0.000001
v 1.046402 0.288784 0.192959
v 1.046402 0.231060 0.154389
v 1.046402 0.257466 0.108652
v 1.046402 0.317461 0.143289
v 1.046402 0.282823 0.203283
v 1.046402 0.222829 0.168646
v 1.046402 0.203284 0.282822
v 1.046402 0.192959 0.288783
v 1.046402 0.168646 0.222828
v 1.046402 0.154389 0.231059
v 1.046402 0.143290 0.317460
v 1.046402 0.108652 0.257466
v 1.046402 0.000000 0.346573
v 1.046402 0.034638 0.277298
v 1.046402 0.000000 0.277298
v 1.046402 0.034638 0.346573
v 1.046402 -0.034638 0.277298
v 1.046402 -0.034638 0.346573
v 1.046402 -0.192959 0.288783
v 1.046402 -0.154389 0.231059
v 1.046402 -0.143290 0.317460
v 1.046402 -0.108652 0.257466
v 1.046402 -0.203284 0.282822
v 1.046402 -0.168646 0.222828
v 1.046402 -0.282823 0.203283
v 1.046402 -0.288784 0.192959
v 1.046402 -0.231060 0.154389
v 1.046402 -0.222829 0.168646
v 1.046402 -0.317461 0.143289
v 1.046402 -0.257466 0.108652
v 1.046402 -0.277298 0.034637
v 1.046402 -0.346574 -0.000001
v 1.046402 -0.277298 -0.000001
v 1.046402 -0.346574 0.034637
v 1.046402 -0.277298 -0.034638
v 1.046402 -0.346574 -0.034638
v 1.046402 -0.288784 -0.192960
v 1.046402 -0.231060 -0.154390
v 1.046402 -0.257466 -0.108653
v 1.046402 -0.317461 -0.143290
v 1.046402 -0.222829 -0.168647
v 1.046402 -0.282823 -0.203285
v 1.046402 -0.168646 -0.222829
v 1.046402 -0.154389 -0.231060
v 1.046402 -0.192959 -0.288784
v 1.046402 -0.203284 -0.282823
v 1.046402 -0.143290 -0.317461
v 1.046402 -0.108652 -0.257467
v 1.046402 -0.034638 -0.277299
v 1.046402 0.000000 -0.277299
v 1.046402 0.000000 -0.346574
v 1.046402 -0.034638 -0.346574
v 1.046402 0.034638 -0.277299
v 1.046402 0.034638 -0.346574
v 1.046402 0.154389 -0.231060
v 1.046402 0.192959 -0.288784
v 1.046402 0.108652 -0.257467
v 1.046402 0.143290 -0.317461
v 1.046402 0.168646 -0.222829
v 1.046402 0.203284 -0.282823
v 1.046402 0.222829 -0.168647
v 1.046402 0.231060 -0.154390
v 1.046402 0.288784 -0.192960
v 1.046402 0.282823 -0.203285
v 1.046402 0.257466 -0.108653
v 1.046402 0.317461 -0.143290
v 1.046402 0.277298 -0.034638
v 1.046402 0.346574 -0.034638
v 0.989974 0.546539 -0.000001
v 1.011656 0.568325 -0.000001
v 0.989974 0.536037 -0.106625
v 1.011656 0.557405 -0.110875
v 0.989974 0.504936 -0.209152
v 1.011656 0.525064 -0.217489
v 0.989974 0.454430 -0.303641
v 1.011656 0.472545 -0.315745
v 0.989974 0.386461 -0.386462
v 1.011656 0.401867 -0.401867
v 0.989974 0.303641 -0.454431
v 1.011656 0.315745 -0.472546
v 0.989974 0.209151 -0.504936
v 1.011656 0.217489 -0.525065
v 0.989974 0.106624 -0.536038
v 1.011656 0.110875 -0.557405
v 0.989974 -0.000000 -0.546539
v 1.011656 -0.000000 -0.568326
v 0.989974 -0.106624 -0.536038
v 1.011656 -0.110875 -0.557405
v 0.989974 -0.209151 -0.504936
v 1.011656 -0.217489 -0.525065
v 0.989974 -0.303641 -0.454431
v 1.011656 -0.315745 -0.472546
v 0.989974 -0.386461 -0.386462
v 1.011656 -0.401867 -0.401867
v 0.989974 -0.454430 -0.303641
v 1.011656 -0.472545 -0.315745
v 0.989974 -0.504936 -0.209152
v 1.011656 -0.525064 -0.217489
v 0.989974 -0.536037 -0.106625
v 1.011656 -0.557405 -0.110875
v 0.989974 -0.546539 -0.000001
v 1.011656 -0.568325 -0.000001
v 0.989974 -0.536037 0.106624
v 1.011656 -0.557405 0.110874
v 0.989974 -0.504936 0.209151
v 1.011656 -0.525064 0.217488
v 0.989974 -0.454430 0.303640
v 1.011656 -0.472545 0.315744
v 0.989974 -0.386461 0.386461
v 1.011656 -0.401867 0.401866
v 0.989974 -0.303641 0.454430
v 1.011656 -0.315745 0.472545
v 0.989974 -0.209151 0.504935
v 1.011656 -0.217489 0.525064
v 0.989974 -0.106624 0.536037
v 1.011656 -0.110875 0.557404
v 0.989974 -0.000000 0.546538
v 1.011656 -0.000000 0.568325
v 0.989974 0.106624 0.536037
v 1.011656 0.110875 0.557404
v 0.989974 0.209151 0.504935
v 1.011656 0.217489 0.525064
v 0.989974 0.303641 0.454430
v 1.011656 0.315745 0.472545
v 0.989974 0.386461 0.386461
v 1.011656 0.401867 0.401866
v 0.989974 0.454430 0.303640
v 1.011656 0.472545 0.315744
v 0.989974 0.504936 0.209151
v 1.011656 0.525064 0.217488
v 1.011656 0.557405 0.110874
v 0.989974 0.536037 0.106624
v 1.255587 0.546539 -0.000001
v 1.233906 0.568325 -0.000001
v 1.233906 0.557405 -0.110875
v 1.255587 0.536037 -0.106625
v 1.233906 0.525064 -0.217489
v 1.255587 0.504936 -0.209152
v 1.233906 0.472545 -0.315745
v 1.255587 0.454430 -0.303641
v 1.233906 0.401867 -0.401867
v 1.255587 0.386461 -0.386462
v 1.233906 0.315745 -0.472546
v 1.255587 0.303641 -0.454431
v 1.233906 0.217489 -0.525065
v 1.255587 0.209151 -0.504936
v 1.233906 0.110875 -0.557405
v 1.255587 0.106624 -0.536038
v 1.233906 0.000000 -0.568326
v 1.255587 0.000000 -0.546539
v 1.233906 -0.110875 -0.557405
v 1.255587 -0.106624 -0.536038
v 1.233906 -0.217489 -0.525065
v 1.255588 -0.209151 -0.504936
v 1.233906 -0.315745 -0.472546
v 1.255588 -0.303641 -0.454431
v 1.233906 -0.401867 -0.401867
v 1.255588 -0.386461 -0.386462
v 1.233906 -0.472545 -0.315745
v 1.255588 -0.454430 -0.303641
v 1.233906 -0.525064 -0.217489
v 1.255588 -0.504936 -0.209152
v 1.233906 -0.557405 -0.110875
v 1.255588 -0.536037 -0.106625
v 1.233906 -0.568325 -0.000001
v 1.255588 -0.546539 -0.000001
v 1.233906 -0.557405 0.110874
v 1.255588 -0.536037 0.106624
v 1.233906 -0.525064 0.217488
v 1.255588 -0.504936 0.209151
v 1.233906 -0.472545 0.315744
v 1.255588 -0.454430 0.303640
v 1.233906 -0.401867 0.401866
v 1.255588 -0.386461 0.386461
v 1.233906 -0.315745 0.472545
v 1.255588 -0.303641 0.454430
v 1.233906 -0.217489 0.525064
v 1.255588 -0.209151 0.504935
v 1.233906 -0.110875 0.557404
v 1.255587 -0.106624 0.536036
v 1.233906 0.000000 0.568325
v 1.255587 0.000000 0.546538
v 1.233906 0.110875 0.557404
v 1.255587 0.106624 0.536036
v 1.233906 0.217489 0.525064
v 1.255587 0.209151 0.504935
v 1.233906 0.315745 0.472545
v 1.255587 0.303641 0.454430
v 1.233906 0.401867 0.401866
v 1.255587 0.386461 0.386461
v 1.233906 0.472545 0.315744
v 1.255587 0.454430 0.303640
v 1.233906 0.525064 0.217488
v 1.255587 0.504936 0.209151
v 1.233906 0.557405 0.110874
v 1.255587 0.536037 0.106624
v -0.969936 0.425556 -0.000001
v -0.738562 0.034638 0.277298
v -0.969936 0.417379 -0.083022
v -0.738562 -0.034638 0.277298
v -0.969936 0.393163 -0.162854
v -0.738562 0.034638 0.346573
v -0.969936 0.353837 -0.236427
v -0.738562 -0.034638 0.346573
v -0.969936 0.300914 -0.300914
v -0.969936 0.236427 -0.353838
v -0.738562 0.168646 0.222828
v -0.738562 0.108652 0.257466
v -0.969936 0.162853 -0.393163
v -0.969936 0.083022 -0.417380
v -0.738562 0.203284 0.282822
v -0.738562 0.143290 0.317460
v -0.969936 0.000000 -0.425557
v -0.738562 0.257466 0.108652
v -0.969936 -0.083022 -0.417380
v -0.738562 0.222829 0.168646
v -0.969936 -0.162853 -0.393163
v -0.738562 0.317461 0.143289
v -0.969936 -0.236427 -0.353838
v -0.738562 0.282823 0.203283
v -0.969936 -0.300914 -0.300914
v -0.738562 0.277298 -0.034638
v -0.969936 -0.353837 -0.236427
v -0.738562 0.277298 0.034637
v -0.969936 -0.393163 -0.162854
v -0.738562 0.346574 -0.034638
v -0.969936 -0.417379 -0.083022
v -0.738562 0.346574 0.034637
v -0.969936 -0.425556 -0.000001
v -0.969936 -0.417379 0.083021
v -0.738562 0.222829 -0.168647
v -0.738562 0.257466 -0.108653
v -0.969936 -0.393163 0.162853
v -0.969936 -0.353837 0.236426
v -0.738562 0.282823 -0.203285
v -0.738562 0.317461 -0.143290
v -0.969936 -0.300914 0.300913
v -0.738562 0.108652 -0.257467
v -0.969936 -0.236427 0.353837
v -0.738562 0.168646 -0.222829
v -0.969936 -0.162853 0.393162
v -0.969936 -0.083022 0.417379
v -0.738562 0.143290 -0.317461
v -0.738562 0.203284 -0.282823
v -0.969936 0.000000 0.425556
v -0.969936 0.083022 0.417379
v -0.738562 -0.034638 -0.277299
v -0.738562 0.034638 -0.277299
v -0.969936 0.162853 0.393162
v -0.738562 -0.034638 -0.346574
v -0.969936 0.236427 0.353837
v -0.738562 0.034638 -0.346574
v -0.969936 0.300914 0.300913
v -0.738562 -0.168646 -0.222829
v -0.969936 0.353837 0.236426
v -0.738562 -0.108652 -0.257467
v -0.969936 0.393163 0.162853
v -0.969936 0.417379 0.083021
v -0.738562 -0.203284 -0.282823
v -0.738562 -0.143290 -0.317461
v -0.738562 -0.257466 -0.108653
v -0.738562 -0.222829 -0.168647
v -0.738562 -0.317461 -0.143290
v -0.738562 -0.282823 -0.203285
v -0.738562 -0.277298 0.034637
v -0.738562 -0.277298 -0.034638
v -0.738562 -0.346574 0.034637
v -0.738562 -0.346574 -0.034638
v -0.738562 -0.222829 0.168646
v -0.738562 -0.257466 0.108652
v -0.738562 -0.282823 0.203283
v -0.738562 -0.317461 0.143289
v -0.738562 -0.108652 0.257466
v -0.738562 -0.168646 0.222828
v -0.738562 -0.143290 0.317460
v -0.738562 -0.203284 0.282822
v -0.938071 0.385954 -0.000001
v -0.938071 0.378538 -0.075296
v -0.938071 0.356575 -0.147699
v -0.938071 0.320909 -0.214425
v -0.938071 0.272910 -0.272911
v -0.938071 0.214424 -0.320909
v -0.938071 0.147698 -0.356575
v -0.938071 0.075296 -0.378538
v -0.938071 0.000000 -0.385954
v -0.938071 -0.075296 -0.378538
v -0.938071 -0.147698 -0.356575
v -0.938071 -0.214424 -0.320909
v -0.938071 -0.272910 -0.272911
v -0.938071 -0.320909 -0.214425
v -0.938071 -0.356575 -0.147699
v -0.938071 -0.378538 -0.075296
v -0.938071 -0.385954 -0.000001
v -0.938071 -0.378538 0.075295
v -0.938071 -0.356575 0.147698
v -0.938071 -0.320909 0.214424
v -0.938071 -0.272910 0.272910
v -0.938071 -0.214424 0.320908
v -0.938071 -0.147698 0.356574
v -0.938071 -0.075296 0.378537
v -0.938071 0.000000 0.385953
v -0.938071 0.075296 0.378537
v -0.938071 0.147698 0.356574
v -0.938071 0.214424 0.320908
v -0.938071 0.272910 0.272910
v -0.938071 0.320909 0.214424
v -0.938071 0.356575 0.147698
v -0.938071 0.378538 0.075295
v -0.760750 0.248258 -0.000001
v -0.760750 0.243488 -0.048433
v -0.760750 0.229361 -0.095005
v -0.760750 0.206419 -0.137925
v -0.760750 0.175545 -0.175545
v -0.760750 0.137925 -0.206420
v -0.760750 0.095004 -0.229361
v -0.760750 0.048433 -0.243488
v -0.760750 0.000000 -0.248259
v -0.760750 -0.048433 -0.243488
v -0.760750 -0.095004 -0.229361
v -0.760750 -0.137925 -0.206420
v -0.760750 -0.175545 -0.175545
v -0.760750 -0.206419 -0.137925
v -0.760750 -0.229361 -0.095005
v -0.760750 -0.243488 -0.048433
v -0.760750 -0.248258 -0.000001
v -0.760750 -0.243488 0.048432
v -0.760750 -0.229361 0.095004
v -0.760750 -0.206419 0.137924
v -0.760750 -0.175545 0.175544
v -0.760750 -0.137925 0.206419
v -0.760750 -0.095004 0.229360
v -0.760750 -0.048433 0.243487
v -0.760750 0.000000 0.248258
v -0.760750 0.048433 0.243487
v -0.760750 0.095004 0.229360
v -0.760750 0.137925 0.206419
v -0.760750 0.175545 0.175544
v -0.760750 0.206419 0.137924
v -0.760750 0.229361 0.095004
v -0.760750 0.243488 0.048432
v -0.760750 0.375459 -0.000001
v -0.760750 0.368245 0.073248
v -0.760750 0.346879 0.143682
v -0.760750 0.312183 0.208593
v -0.760750 0.265490 0.265489
v -0.760750 0.208594 0.312182
v -0.760750 0.143682 0.346879
v -0.760750 0.073248 0.368244
v -0.760750 0.000000 0.375459
v -0.760750 -0.073248 0.368244
v -0.760750 -0.143682 0.346879
v -0.760750 -0.208594 0.312182
v -0.760750 -0.265490 0.265489
v -0.760750 -0.312183 0.208593
v -0.760750 -0.346879 0.143682
v -0.760750 -0.368245 0.073248
v -0.760750 -0.375459 -0.000001
v -0.760750 -0.368245 -0.073249
v -0.760750 -0.346879 -0.143683
v -0.760750 -0.312183 -0.208594
v -0.760750 -0.265490 -0.265490
v -0.760750 -0.208594 -0.312183
v -0.760750 -0.143682 -0.346880
v -0.760750 -0.073248 -0.368245
v -0.760750 0.000000 -0.375460
v -0.760750 0.073248 -0.368245
v -0.760750 0.143682 -0.346880
v -0.760750 0.208594 -0.312183
v -0.760750 0.265490 -0.265490
v -0.760750 0.312183 -0.208594
v -0.760750 0.346879 -0.143683
v -0.760750 0.368245 -0.073249
v -0.942522 0.220312 -0.000001
v -0.942522 0.216079 0.042980
v -0.942522 0.203542 0.084309
v -0.942522 0.183183 0.122398
v -0.942522 0.155784 0.155784
v -0.942522 0.122399 0.183182
v -0.942522 0.084310 0.203542
v -0.942522 0.042981 0.216079
v -0.942522 0.000000 0.220312
v -0.942522 -0.042981 0.216079
v -0.942522 -0.084310 0.203542
v -0.942522 -0.122399 0.183182
v -0.942522 -0.155784 0.155784
v -0.942522 -0.183183 0.122398
v -0.942522 -0.203542 0.084309
v -0.942522 -0.216079 0.042980
v -0.942522 -0.220312 -0.000000
v -0.942522 -0.216079 -0.042981
v -0.942522 -0.203542 -0.084310
v -0.942522 -0.183183 -0.122399
v -0.942522 -0.155784 -0.155785
v -0.942522 -0.122399 -0.183184
v -0.942522 -0.084310 -0.203543
v -0.942522 -0.042981 -0.216080
v -0.942522 0.000000 -0.220313
v -0.942522 0.042981 -0.216080
v -0.942522 0.084310 -0.203543
v -0.942522 0.122399 -0.183184
v -0.942522 0.155784 -0.155785
v -0.942522 0.183183 -0.122399
v -0.942522 0.203542 -0.084310
v -0.942522 0.216079 -0.042981
v -0.926718 0.248258 -0.000001
v -0.926718 0.243488 0.048432
v -0.926718 0.229361 0.095004
v -0.926718 0.206419 0.137924
v -0.926718 0.175545 0.175544
v -0.926718 0.137925 0.206419
v -0.926718 0.095004 0.229360
v -0.926718 0.048433 0.243487
v -0.926718 0.000000 0.248258
v -0.926718 -0.048433 0.243487
v -0.926718 -0.095004 0.229360
v -0.926718 -0.137925 0.206419
v -0.926718 -0.175545 0.175544
v -0.926718 -0.206419 0.137924
v -0.926718 -0.229361 0.095004
v -0.926718 -0.243488 0.048432
v -0.926718 -0.248258 -0.000001
v -0.926718 -0.243488 -0.048433
v -0.926718 -0.229361 -0.095005
v -0.926718 -0.206419 -0.137925
v -0.926718 -0.175545 -0.175545
v -0.926718 -0.137925 -0.206420
v -0.926718 -0.095004 -0.229361
v -0.926718 -0.048433 -0.243488
v -0.926718 0.000000 -0.248259
v -0.926718 0.048433 -0.243488
v -0.926718 0.095004 -0.229361
v -0.926718 0.137925 -0.206420
v -0.926718 0.175545 -0.175545
v -0.926718 0.206419 -0.137925
v -0.926718 0.229361 -0.095005
v -0.926718 0.243488 -0.048433
v -0.760750 0.277298 0.034637
v -0.760750 0.346574 0.034637
v -0.760750 0.277298 -0.000001
v -0.760750 0.346574 -0.000001
v -0.760750 0.288784 0.192959
v -0.760750 0.231060 0.154389
v -0.760750 0.257466 0.108652
v -0.760750 0.317461 0.143289
v -0.760750 0.282823 0.203283
v -0.760750 0.222829 0.168646
v -0.760750 0.203284 0.282822
v -0.760750 0.192959 0.288783
v -0.760750 0.168646 0.222828
v -0.760750 0.154389 0.231059
v -0.760750 0.143290 0.317460
v -0.760750 0.108652 0.257466
v -0.760750 0.000000 0.346573
v -0.760750 0.034638 0.277298
v -0.760750 0.000000 0.277298
v -0.760750 0.034638 0.346573
v -0.760750 -0.034638 0.277298
v -0.760750 -0.034638 0.346573
v -0.760750 -0.192959 0.288783
v -0.760750 -0.154389 0.231059
v -0.760750 -0.143290 0.317460
v -0.760750 -0.108652 0.257466
v -0.760750 -0.203284 0.282822
v -0.760750 -0.168646 0.222828
v -0.760750 -0.282823 0.203283
v -0.760750 -0.288784 0.192959
v -0.760750 -0.231060 0.154389
v -0.760750 -0.222829 0.168646
v -0.760750 -0.317461 0.143289
v -0.760750 -0.257466 0.108652
v -0.760750 -0.277298 0.034637
v -0.760750 -0.346574 -0.000001
v -0.760750 -0.277298 -0.000001
v -0.760750 -0.346574 0.034637
v -0.760750 -0.277298 -0.034638
v -0.760750 -0.346574 -0.034638
v -0.760750 -0.288784 -0.192960
v -0.760750 -0.231060 -0.154390
v -0.760750 -0.257466 -0.108653
v -0.760750 -0.317461 -0.143290
v -0.760750 -0.222829 -0.168647
v -0.760750 -0.282823 -0.203285
v -0.760750 -0.168646 -0.222829
v -0.760750 -0.154389 -0.231060
v -0.760750 -0.192959 -0.288784
v -0.760750 -0.203284 -0.282823
v -0.760750 -0.143290 -0.317461
v -0.760750 -0.108652 -0.257467
v -0.760750 -0.034638 -0.277299
v -0.760750 0.000000 -0.277299
v -0.760750 0.000000 -0.346574
v -0.760750 -0.034638 -0.346574
v -0.760750 0.034638 -0.277299
v -0.760750 0.034638 -0.346574
v -0.760750 0.154389 -0.231060
v -0.760750 0.192959 -0.288784
v -0.760750 0.108652 -0.257467
v -0.760750 0.143290 -0.317461
v -0.760750 0.168646 -0.222829
v -0.760750 0.203284 -0.282823
v -0.760750 0.222829 -0.168647
v -0.760750 0.231060 -0.154390
v -0.760750 0.288784 -0.192960
v -0.760750 0.282823 -0.203285
v -0.760750 0.257466 -0.108653
v -0.760750 0.317461 -0.143290
v -0.760750 0.277298 -0.034638
v -0.760750 0.346574 -0.034638
v -0.704322 0.546539 -0.000001
v -0.726004 0.568325 -0.000001
v -0.704322 0.536037 -0.106625
v -0.726004 0.557405 -0.110875
v -0.704322 0.504936 -0.209152
v -0.726004 0.525064 -0.217489
v -0.704322 0.454430 -0.303641
v -0.726004 0.472545 -0.315745
v -0.704322 0.386461 -0.386462
v -0.726004 0.401867 -0.401867
v -0.704322 0.303641 -0.454431
v -0.726004 0.315745 -0.472546
v -0.704322 0.209151 -0.504936
v -0.726004 0.217489 -0.525065
v -0.704322 0.106624 -0.536038
v -0.726004 0.110875 -0.557405
v -0.704322 -0.000000 -0.546539
v -0.726004 -0.000000 -0.568326
v -0.704322 -0.106624 -0.536038
v -0.726004 -0.110875 -0.557405
v -0.704322 -0.209151 -0.504936
v -0.726004 -0.217489 -0.525065
v -0.704322 -0.303641 -0.454431
v -0.726004 -0.315745 -0.472546
v -0.704322 -0.386461 -0.386462
v -0.726004 -0.401867 -0.401867
v -0.704322 -0.454430 -0.303641
v -0.726004 -0.472545 -0.315745
v -0.704322 -0.504936 -0.209152
v -0.726004 -0.525064 -0.217489
v -0.704322 -0.536037 -0.106625
v -0.726004 -0.557405 -0.110875
v -0.704322 -0.546539 -0.000001
v -0.726004 -0.568325 -0.000001
v -0.704322 -0.536037 0.106624
v -0.726004 -0.557405 0.110874
v -0.704322 -0.504936 0.209151
v -0.726004 -0.525064 0.217488
v -0.704322 -0.454430 0.303640
v -0.726004 -0.472545 0.315744
v -0.704322 -0.386461 0.386461
v -0.726004 -0.401867 0.401866
v -0.704322 -0.303641 0.454430
v -0.726004 -0.315745 0.472545
v -0.704322 -0.209151 0.504935
v -0.726004 -0.217489 0.525064
v -0.704322 -0.106624 0.536037
v -0.726004 -0.110875 0.557404
v -0.704322 -0.000000 0.546538
v -0.726004 -0.000000 0.568325
v -0.704322 0.106624 0.536037
v -0.726004 0.110875 0.557404
v -0.704322 0.209151 0.504935
v -0.726004 0.217489 0.525064
v -0.704322 0.303641 0.454430
v -0.726004 0.315745 0.472545
v -0.704322 0.386461 0.386461
v -0.726004 0.401867 0.401866
v -0.704322 0.454430 0.303640
v -0.726004 0.472545 0.315744
v -0.704322 0.504936 0.209151
v -0.726004 0.525064 0.217488
v -0.726004 0.557405 0.110874
v -0.704322 0.536037 0.106624
v -0.969936 0.546539 -0.000001
v -0.948254 0.568325 -0.000001
v -0.948254 0.557405 -0.110875
v -0.969936 0.536037 -0.106625
v -0.948254 0.525064 -0.217489
v -0.969936 0.504936 -0.209152
v -0.948254 0.472545 -0.315745
v -0.969936 0.454430 -0.303641
v -0.948254 0.401867 -0.401867
v -0.969936 0.386461 -0.386462
v -0.948254 0.315745 -0.472546
v -0.969936 0.303641 -0.454431
v -0.948254 0.217489 -0.525065
v -0.969936 0.209151 -0.504936
v -0.948254 0.110875 -0.557405
v -0.969936 0.106624 -0.536038
v -0.948254 0.000000 -0.568326
v -0.969936 0.000000 -0.546539
v -0.948254 -0.110875 -0.557405
v -0.969936 -0.106624 -0.536038
v -0.948254 -0.217489 -0.525065
v -0.969936 -0.209151 -0.504936
v -0.948254 -0.315745 -0.472546
v -0.969936 -0.303641 -0.454431
v -0.948254 -0.401867 -0.401867
v -0.969936 -0.386461 -0.386462
v -0.948254 -0.472545 -0.315745
v -0.969936 -0.454430 -0.303641
v -0.948254 -0.525064 -0.217489
v -0.969936 -0.504936 -0.209152
v -0.948254 -0.557405 -0.110875
v -0.969936 -0.536037 -0.106625
v -0.948254 -0.568325 -0.000001
v -0.969936 -0.546539 -0.000001
v -0.948254 -0.557405 0.110874
v -0.969936 -0.536037 0.106624
v -0.948254 -0.525064 0.217488
v -0.969936 -0.504936 0.209151
v -0.948254 -0.472545 0.315744
v -0.969936 -0.454430 0.303640
v -0.948254 -0.401867 0.401866
v -0.969936 -0.386461 0.386461
v -0.948254 -0.315745 0.472545
v -0.969936 -0.303641 0.454430
v -0.948254 -0.217489 0.525064
v -0.969936 -0.209151 0.504935
v -0.948254 -0.110875 0.557404
v -0.969936 -0.106624 0.536036
v -0.948254 0.000000 0.568325
v -0.969936 0.000000 0.546538
v -0.948254 0.110875 0.557404
v -0.969936 0.106624 0.536036
v -0.948254 0.217489 0.525064
v -0.969936 0.209151 0.504935
v -0.948254 0.315745 0.472545
v -0.969936 0.303641 0.454430
v -0.948254 0.401867 0.401866
v -0.969936 0.386461 0.386461
v -0.948254 0.472545 0.315744
v -0.969936 0.454430 0.303640
v -0.948254 0.525064 0.217488
v -0.969936 0.504936 0.209151
v -0.948254 0.557405 0.110874
v -0.969936 0.536037 0.106624
v 0.969936 0.425556 -0.000001
v 0.738562 0.034638 0.277298
v 0.969936 0.417379 -0.083023
v 0.738562 -0.034638 0.277298
v 0.969936 0.393163 -0.162854
v 0.738562 0.034638 0.346573
v 0.969936 0.353837 -0.236427
v 0.738562 -0.034638 0.346573
v 0.969936 0.300914 -0.300915
v 0.969936 0.236427 -0.353838
v 0.738562 0.168646 0.222828
v 0.738562 0.108652 0.257466
v 0.969936 0.162853 -0.393164
v 0.969936 0.083022 -0.417380
v 0.738562 0.203284 0.282822
v 0.738562 0.143290 0.317460
v 0.969936 0.000000 -0.425557
v 0.738562 0.257466 0.108651
v 0.969936 -0.083022 -0.417380
v 0.738562 0.222829 0.168646
v 0.969936 -0.162853 -0.393164
v 0.738562 0.317460 0.143289
v 0.969936 -0.236426 -0.353838
v 0.738562 0.282823 0.203283
v 0.969936 -0.300914 -0.300915
v 0.738562 0.277298 -0.034638
v 0.969936 -0.353837 -0.236427
v 0.738562 0.277298 0.034637
v 0.969936 -0.393163 -0.162854
v 0.738562 0.346574 -0.034638
v 0.969936 -0.417379 -0.083023
v 0.738562 0.346574 0.034637
v 0.969936 -0.425556 -0.000001
v 0.969936 -0.417379 0.083021
v 0.738562 0.222829 -0.168647
v 0.738562 0.257466 -0.108653
v 0.969936 -0.393163 0.162853
v 0.969936 -0.353837 0.236426
v 0.738562 0.282823 -0.203285
v 0.738562 0.317460 -0.143291
v 0.969936 -0.300914 0.300913
v 0.738562 0.108652 -0.257467
v 0.969936 -0.236426 0.353836
v 0.738562 0.168646 -0.222829
v 0.969936 -0.162853 0.393162
v 0.969936 -0.083022 0.417379
v 0.738562 0.143290 -0.317461
v 0.738562 0.203284 -0.282824
v 0.969936 0.000000 0.425556
v 0.969936 0.083022 0.417379
v 0.738562 -0.034638 -0.277299
v 0.738562 0.034638 -0.277299
v 0.969936 0.162853 0.393162
v 0.738562 -0.034638 -0.346575
v 0.969936 0.236427 0.353836
v 0.738562 0.034638 -0.346575
v 0.969936 0.300914 0.300913
v 0.738562 -0.168646 -0.222829
v 0.969936 0.353837 0.236426
v 0.738562 -0.108652 -0.257467
v 0.969936 0.393163 0.162853
v 0.969936 0.417379 0.083021
v 0.738562 -0.203284 -0.282824
v 0.738562 -0.143290 -0.317461
v 0.738562 -0.257466 -0.108653
v 0.738562 -0.222829 -0.168647
v 0.738562 -0.317460 -0.143291
v 0.738562 -0.282823 -0.203285
v 0.738562 -0.277298 0.034637
v 0.738562 -0.277298 -0.034638
v 0.738562 -0.346574 0.034637
v 0.738562 -0.346574 -0.034638
v 0.738562 -0.222829 0.168646
v 0.738562 -0.257466 0.108651
v 0.738562 -0.282823 0.203283
v 0.738562 -0.317460 0.143289
v 0.738562 -0.108652 0.257466
v 0.738562 -0.168646 0.222828
v 0.738562 -0.143290 0.317460
v 0.738562 -0.203284 0.282822
v 0.938071 0.385954 -0.000001
v 0.938071 0.378538 -0.075297
v 0.938071 0.356575 -0.147699
v 0.938071 0.320909 -0.214425
v 0.938071 0.272910 -0.272911
v 0.938071 0.214424 -0.320909
v 0.938071 0.147698 -0.356575
v 0.938071 0.075296 -0.378538
v 0.938071 0.000000 -0.385954
v 0.938071 -0.075296 -0.378538
v 0.938071 -0.147698 -0.356575
v 0.938071 -0.214424 -0.320909
v 0.938071 -0.272910 -0.272911
v 0.938071 -0.320909 -0.214425
v 0.938071 -0.356575 -0.147699
v 0.938071 -0.378538 -0.075297
v 0.938071 -0.385954 -0.000001
v 0.938071 -0.378538 0.075295
v 0.938071 -0.356575 0.147697
v 0.938071 -0.320909 0.214424
v 0.938071 -0.272910 0.272910
v 0.938071 -0.214424 0.320908
v 0.938071 -0.147698 0.356574
v 0.938071 -0.075296 0.378537
v 0.938071 0.000000 0.385953
v 0.938071 0.075296 0.378537
v 0.938071 0.147698 0.356574
v 0.938071 0.214424 0.320908
v 0.938071 0.272910 0.272910
v 0.938071 0.320909 0.214424
v 0.938071 0.356575 0.147697
v 0.938071 0.378538 0.075295
v 0.760750 0.248258 -0.000001
v 0.760750 0.243488 -0.048433
v 0.760750 0.229361 -0.095005
v 0.760750 0.206419 -0.137926
v 0.760750 0.175545 -0.175546
v 0.760750 0.137925 -0.206420
v 0.760750 0.095004 -0.229361
v 0.760750 0.048433 -0.243489
v 0.760750 0.000000 -0.248259
v 0.760750 -0.048433 -0.243489
v 0.760750 -0.095004 -0.229361
v 0.760750 -0.137925 -0.206420
v 0.760750 -0.175545 -0.175546
v 0.760750 -0.206419 -0.137926
v 0.760750 -0.229361 -0.095005
v 0.760750 -0.243488 -0.048433
v 0.760750 -0.248258 -0.000001
v 0.760750 -0.243488 0.048432
v 0.760750 -0.229361 0.095004
v 0.760750 -0.206419 0.137924
v 0.760750 -0.175545 0.175544
v 0.760750 -0.137925 0.206418
v 0.760750 -0.095004 0.229360
v 0.760750 -0.048433 0.243487
v 0.760750 0.000000 0.248257
v 0.760750 0.048433 0.243487
v 0.760750 0.095004 0.229360
v 0.760750 0.137925 0.206418
v 0.760750 0.175545 0.175544
v 0.760750 0.206419 0.137924
v 0.760750 0.229361 0.095004
v 0.760750 0.243488 0.048432
v 0.760750 0.375459 -0.000001
v 0.760750 0.368245 0.073248
v 0.760750 0.346879 0.143681
v 0.760750 0.312183 0.208593
v 0.760750 0.265490 0.265489
v 0.760750 0.208594 0.312182
v 0.760750 0.143682 0.346878
v 0.760750 0.073248 0.368244
v 0.760750 0.000000 0.375458
v 0.760750 -0.073248 0.368244
v 0.760750 -0.143682 0.346878
v 0.760750 -0.208594 0.312182
v 0.760750 -0.265490 0.265489
v 0.760750 -0.312183 0.208593
v 0.760750 -0.346879 0.143681
v 0.760750 -0.368245 0.073248
v 0.760750 -0.375459 -0.000001
v 0.760750 -0.368245 -0.073249
v 0.760750 -0.346879 -0.143683
v 0.760750 -0.312183 -0.208595
v 0.760750 -0.265490 -0.265491
v 0.760750 -0.208594 -0.312184
v 0.760750 -0.143682 -0.346880
v 0.760750 -0.073248 -0.368246
v 0.760750 0.000000 -0.375460
v 0.760750 0.073248 -0.368246
v 0.760750 0.143682 -0.346880
v 0.760750 0.208594 -0.312184
v 0.760750 0.265490 -0.265491
v 0.760750 0.312183 -0.208595
v 0.760750 0.346879 -0.143683
v 0.760750 0.368245 -0.073249
v 0.942522 0.220312 -0.000001
v 0.942522 0.216079 0.042980
v 0.942522 0.203542 0.084309
v 0.942522 0.183183 0.122398
v 0.942522 0.155784 0.155784
v 0.942522 0.122399 0.183182
v 0.942522 0.084310 0.203541
v 0.942522 0.042981 0.216078
v 0.942522 0.000000 0.220312
v 0.942522 -0.042981 0.216078
v 0.942522 -0.084310 0.203541
v 0.942522 -0.122399 0.183182
v 0.942522 -0.155784 0.155784
v 0.942522 -0.183183 0.122398
v 0.942522 -0.203542 0.084309
v 0.942522 -0.216079 0.042980
v 0.942522 -0.220312 -0.000001
v 0.942522 -0.216079 -0.042982
v 0.942522 -0.203542 -0.084311
v 0.942522 -0.183183 -0.122400
v 0.942522 -0.155784 -0.155785
v 0.942522 -0.122399 -0.183184
v 0.942522 -0.084310 -0.203543
v 0.942522 -0.042981 -0.216080
v 0.942522 0.000000 -0.220313
v 0.942522 0.042981 -0.216080
v 0.942522 0.084310 -0.203543
v 0.942522 0.122399 -0.183184
v 0.942522 0.155784 -0.155785
v 0.942522 0.183183 -0.122400
v 0.942522 0.203542 -0.084311
v 0.942522 0.216079 -0.042982
v 0.926718 0.248258 -0.000001
v 0.926718 0.243488 0.048432
v 0.926718 0.229361 0.095004
v 0.926718 0.206419 0.137924
v 0.926718 0.175545 0.175544
v 0.926718 0.137925 0.206418
v 0.926718 0.095004 0.229360
v 0.926718 0.048433 0.243487
v 0.926718 0.000000 0.248257
v 0.926718 -0.048433 0.243487
v 0.926718 -0.095004 0.229360
v 0.926718 -0.137925 0.206418
v 0.926718 -0.175545 0.175544
v 0.926718 -0.206419 0.137924
v 0.926718 -0.229361 0.095004
v 0.926718 -0.243488 0.048432
v 0.926718 -0.248258 -0.000001
v 0.926718 -0.243488 -0.048433
v 0.926718 -0.229361 -0.095005
v 0.926718 -0.206419 -0.137926
v 0.926718 -0.175545 -0.175546
v 0.926718 -0.137925 -0.206420
v 0.926718 -0.095004 -0.229361
v 0.926718 -0.048433 -0.243489
v 0.926718 0.000000 -0.248259
v 0.926718 0.048433 -0.243489
v 0.926718 0.095004 -0.229361
v 0.926718 0.137925 -0.206420
v 0.926718 0.175545 -0.175546
v 0.926718 0.206419 -0.137926
v 0.926718 0.229361 -0.095005
v 0.926718 0.243488 -0.048433
v 0.760750 0.277298 0.034637
v 0.760750 0.346574 0.034637
v 0.760750 0.277298 -0.000001
v 0.760750 0.346574 -0.000001
v 0.760750 0.288784 0.192958
v 0.760750 0.231060 0.154389
v 0.760750 0.257466 0.108651
v 0.760750 0.317460 0.143289
v 0.760750 0.282823 0.203283
v 0.760750 0.222829 0.168646
v 0.760750 0.203284 0.282822
v 0.760750 0.192959 0.288783
v 0.760750 0.168646 0.222828
v 0.760750 0.154389 0.231059
v 0.760750 0.143290 0.317460
v 0.760750 0.108652 0.257466
v 0.760750 0.000000 0.346573
v 0.760750 0.034638 0.277298
v 0.760750 0.000000 0.277298
v 0.760750 0.034638 0.346573
v 0.760750 -0.034638 0.277298
v 0.760750 -0.034638 0.346573
v 0.760750 -0.192959 0.288783
v 0.760750 -0.154389 0.231059
v 0.760750 -0.143290 0.317460
v 0.760750 -0.108652 0.257466
v 0.760750 -0.203284 0.282822
v 0.760750 -0.168646 0.222828
v 0.760750 -0.282823 0.203283
v 0.760750 -0.288784 0.192958
v 0.760750 -0.231060 0.154389
v 0.760750 -0.222829 0.168646
v 0.760750 -0.317460 0.143289
v 0.760750 -0.257466 0.108651
v 0.760750 -0.277298 0.034637
v 0.760750 -0.346574 -0.000001
v 0.760750 -0.277298 -0.000001
v 0.760750 -0.346574 0.034637
v 0.760750 -0.277298 -0.034638
v 0.760750 -0.346574 -0.034638
v 0.760750 -0.288784 -0.192960
v 0.760750 -0.231060 -0.154390
v 0.760750 -0.257466 -0.108653
v 0.760750 -0.317460 -0.143291
v 0.760750 -0.222829 -0.168647
v 0.760750 -0.282823 -0.203285
v 0.760750 -0.168646 -0.222829
v 0.760750 -0.154389 -0.231061
v 0.760750 -0.192959 -0.288785
v 0.760750 -0.203284 -0.282824
v 0.760750 -0.143290 -0.317461
v 0.760750 -0.108652 -0.257467
v 0.760750 -0.034638 -0.277299
v 0.760750 0.000000 -0.277299
v 0.760750 0.000000 -0.346575
v 0.760750 -0.034638 -0.346575
v 0.760750 0.034638 -0.277299
v 0.760750 0.034638 -0.346575
v 0.760750 0.154389 -0.231061
v 0.760750 0.192959 -0.288785
v 0.760750 0.108652 -0.257467
v 0.760750 0.143290 -0.317461
v 0.760750 0.168646 -0.222829
v 0.760750 0.203284 -0.282824
v 0.760750 0.222829 -0.168647
v 0.760750 0.231060 -0.154390
v 0.760750 0.288784 -0.192960
v 0.760750 0.282823 -0.203285
v 0.760750 0.257466 -0.108653
v 0.760750 0.317460 -0.143291
v 0.760750 0.277298 -0.034638
v 0.760750 0.346574 -0.034638
v 0.704322 0.546539 -0.000001
v 0.726004 0.568325 -0.000001
v 0.704322 0.536037 -0.106625
v 0.726004 0.557405 -0.110876
v 0.704322 0.504936 -0.209152
v 0.726004 0.525064 -0.217489
v 0.704322 0.454430 -0.303641
v 0.726004 0.472545 -0.315745
v 0.704322 0.386461 -0.386462
v 0.726004 0.401867 -0.401867
v 0.704322 0.303641 -0.454431
v 0.726004 0.315745 -0.472546
v 0.704322 0.209151 -0.504937
v 0.726004 0.217489 -0.525065
v 0.704322 0.106624 -0.536038
v 0.726004 0.110875 -0.557406
v 0.704322 -0.000000 -0.546539
v 0.726004 -0.000000 -0.568326
v 0.704322 -0.106624 -0.536038
v 0.726004 -0.110875 -0.557406
v 0.704322 -0.209151 -0.504937
v 0.726004 -0.217489 -0.525065
v 0.704322 -0.303641 -0.454431
v 0.726004 -0.315745 -0.472546
v 0.704322 -0.386461 -0.386462
v 0.726004 -0.401867 -0.401867
v 0.704322 -0.454430 -0.303641
v 0.726004 -0.472545 -0.315745
v 0.704322 -0.504936 -0.209152
v 0.726004 -0.525064 -0.217489
v 0.704322 -0.536037 -0.106625
v 0.726004 -0.557405 -0.110876
v 0.704322 -0.546539 -0.000001
v 0.726004 -0.568325 -0.000001
v 0.704322 -0.536037 0.106624
v 0.726004 -0.557405 0.110874
v 0.704322 -0.504936 0.209151
v 0.726004 -0.525064 0.217488
v 0.704322 -0.454430 0.303640
v 0.726004 -0.472545 0.315744
v 0.704322 -0.386461 0.386460
v 0.726004 -0.401867 0.401866
v 0.704322 -0.303641 0.454429
v 0.726004 -0.315745 0.472544
v 0.704322 -0.209151 0.504935
v 0.726004 -0.217489 0.525063
v 0.704322 -0.106624 0.536036
v 0.726004 -0.110875 0.557404
v 0.704322 -0.000000 0.546538
v 0.726004 -0.000000 0.568324
v 0.704322 0.106624 0.536036
v 0.726004 0.110875 0.557404
v 0.704322 0.209151 0.504935
v 0.726004 0.217489 0.525063
v 0.704322 0.303641 0.454429
v 0.726004 0.315745 0.472544
v 0.704322 0.386461 0.386460
v 0.726004 0.401867 0.401866
v 0.704322 0.454430 0.303640
v 0.726004 0.472545 0.315744
v 0.704322 0.504936 0.209151
v 0.726004 0.525064 0.217488
v 0.726004 0.557405 0.110874
v 0.704322 0.536037 0.106624
v 0.969936 0.546539 -0.000001
v 0.948254 0.568325 -0.000001
v 0.948254 0.557405 -0.110876
v 0.969936 0.536037 -0.106625
v 0.948254 0.525064 -0.217489
v 0.969936 0.504936 -0.209152
v 0.948254 0.472545 -0.315745
v 0.969936 0.454430 -0.303641
v 0.948254 0.401867 -0.401867
v 0.969936 0.386461 -0.386462
v 0.948254 0.315745 -0.472546
v 0.969936 0.303641 -0.454431
v 0.948254 0.217489 -0.525065
v 0.969936 0.209151 -0.504937
v 0.948254 0.110875 -0.557406
v 0.969936 0.106624 -0.536038
v 0.948254 0.000000 -0.568326
v 0.969936 0.000000 -0.546539
v 0.948254 -0.110875 -0.557406
v 0.969936 -0.106624 -0.536038
v 0.948254 -0.217489 -0.525065
v 0.969936 -0.209151 -0.504937
v 0.948254 -0.315745 -0.472546
v 0.969936 -0.303641 -0.454431
v 0.948254 -0.401867 -0.401867
v 0.969936 -0.386461 -0.386462
v 0.948254 -0.472545 -0.315745
v 0.969936 -0.454430 -0.303641
v 0.948254 -0.525064 -0.217489
v 0.969936 -0.504936 -0.209152
v 0.948254 -0.557405 -0.110876
v 0.969936 -0.536037 -0.106625
v 0.948254 -0.568325 -0.000001
v 0.969936 -0.546539 -0.000001
v 0.948254 -0.557405 0.110874
v 0.969936 -0.536037 0.106624
v 0.948254 -0.525064 0.217488
v 0.969936 -0.504936 0.209151
v 0.948254 -0.472545 0.315744
v 0.969936 -0.454430 0.303640
v 0.948254 -0.401867 0.401866
v 0.969936 -0.386461 0.386460
v 0.948254 -0.315745 0.472544
v 0.969936 -0.303641 0.454429
v 0.948254 -0.217489 0.525063
v 0.969936 -0.209151 0.504935
v 0.948254 -0.110875 0.557404
v 0.969936 -0.106624 0.536036
v 0.948254 0.000000 0.568324
v 0.969936 0.000000 0.546538
v 0.948254 0.110875 0.557404
v 0.969936 0.106624 0.536036
v 0.948254 0.217489 0.525063
v 0.969936 0.209151 0.504935
v 0.948254 0.315745 0.472544
v 0.969936 0.303641 0.454429
v 0.948254 0.401867 0.401866
v 0.969936 0.386461 0.386460
v 0.948254 0.472545 0.315744
v 0.969936 0.454430 0.303640
v 0.948254 0.525064 0.217488
v 0.969936 0.504936 0.209151
v 0.948254 0.557405 0.110874
v 0.969936 0.536037 0.106624
v -1.223077 -0.006982 0.185424
v -1.223077 0.006982 0.185424
v -1.244369 -0.006982 0.185424
v -1.244369 0.006982 0.185424
v -1.223077 -0.006982 0.171461
v -1.223077 0.006982 0.171461
v -1.244369 -0.006982 0.171461
v -1.244369 0.006982 0.171461
v -1.223077 0.086666 0.164073
v -1.223077 0.098759 0.157091
v -1.244369 0.086666 0.164073
v -1.244369 0.098759 0.157091
v -1.223077 0.079685 0.151980
v -1.223077 0.091777 0.144999
v -1.244369 0.079685 0.151980
v -1.244369 0.091777 0.144999
v -1.223077 0.157092 0.098758
v -1.223077 0.164073 0.086666
v -1.244369 0.157092 0.098758
v -1.244369 0.164073 0.086666
v -1.223077 0.144999 0.091776
v -1.223077 0.151981 0.079684
v -1.244369 0.144999 0.091776
v -1.244369 0.151981 0.079684
v -1.223077 0.185425 0.006981
v -1.223077 0.185425 -0.006982
v -1.244369 0.185425 0.006981
v -1.244369 0.185425 -0.006982
v -1.223077 0.171462 0.006981
v -1.223077 0.171462 -0.006982
v -1.244369 0.171462 0.006981
v -1.244369 0.171462 -0.006982
v -1.223077 0.164074 -0.086667
v -1.223077 0.157092 -0.098759
v -1.244369 0.164074 -0.086667
v -1.244369 0.157092 -0.098759
v -1.223077 0.151981 -0.079685
v -1.223077 0.144999 -0.091778
v -1.244369 0.151981 -0.079685
v -1.244369 0.144999 -0.091778
v -1.223077 0.098759 -0.157093
v -1.223077 0.086666 -0.164074
v -1.244369 0.098759 -0.157093
v -1.244369 0.086666 -0.164074
v -1.223077 0.091777 -0.145000
v -1.223077 0.079685 -0.151982
v -1.244369 0.091777 -0.145000
v -1.244369 0.079685 -0.151982
v -1.223077 0.006982 -0.185426
v -1.223077 -0.006982 -0.185426
v -1.244369 0.006982 -0.185426
v -1.244369 -0.006982 -0.185426
v -1.223077 0.006982 -0.171462
v -1.223077 -0.006982 -0.171462
v -1.244369 0.006982 -0.171462
v -1.244369 -0.006982 -0.171462
v -1.223077 -0.086666 -0.164074
v -1.223077 -0.098759 -0.157093
v -1.244369 -0.086666 -0.164074
v -1.244369 -0.098759 -0.157093
v -1.223077 -0.079685 -0.151982
v -1.223077 -0.091777 -0.145000
v -1.244369 -0.079685 -0.151982
v -1.244369 -0.091777 -0.145000
v -1.223077 -0.157092 -0.098760
v -1.223077 -0.164073 -0.086667
v -1.244369 -0.157092 -0.098760
v -1.244369 -0.164073 -0.086667
v -1.223077 -0.144999 -0.091778
v -1.223077 -0.151981 -0.079685
v -1.244369 -0.144999 -0.091778
v -1.244369 -0.151981 -0.079685
v -1.223077 -0.185425 -0.006982
v -1.223077 -0.185425 0.006981
v -1.244369 -0.185425 -0.006982
v -1.244369 -0.185425 0.006981
v -1.223077 -0.171462 -0.006982
v -1.223077 -0.171462 0.006981
v -1.244369 -0.171462 -0.006982
v -1.244369 -0.171462 0.006981
v -1.223077 -0.164074 0.086665
v -1.223077 -0.157092 0.098758
v -1.244369 -0.164074 0.086665
v -1.244369 -0.157092 0.098758
v -1.223077 -0.151981 0.079684
v -1.223077 -0.144999 0.091776
v -1.244369 -0.151981 0.079684
v -1.244369 -0.144999 0.091776
v -1.223077 -0.098759 0.157091
v -1.223077 -0.086666 0.164073
v -1.244369 -0.098759 0.157091
v -1.244369 -0.086666 0.164073
v -1.223077 -0.091777 0.144999
v -1.223077 -0.079685 0.151980
v -1.244369 -0.091777 0.144999
v -1.244369 -0.079685 0.151980
vn 1.0000 -0.0000 -0.0000
vn -0.0000 0.8819 -0.4714
vn -0.0000 0.7730 -0.6344
vn -0.0000 0.6344 -0.7730
vn -0.0000 0.4714 -0.8819
vn -0.0000 0.2903 -0.9569
vn -0.0000 0.0980 -0.9952
vn -0.0000 -0.0980 -0.9952
vn -0.0000 -0.2903 -0.9569
vn -0.0000 -0.4714 -0.8819
vn -0.0000 -0.6344 -0.7730
vn -0.0000 -0.7730 -0.6344
vn -0.0000 -0.8819 -0.4714
vn -0.0000 -0.9569 -0.2903
vn -0.0000 -0.9952 -0.0980
vn -0.0000 -0.9952 0.0980
vn -0.0000 -0.9569 0.2903
vn -0.0000 -0.8819 0.4714
vn -0.0000 -0.7730 0.6344
vn -0.0000 -0.6344 0.7730
vn -0.0000 -0.4714 0.8819
vn -0.0000 -0.2903 0.9569
vn -0.0000 -0.0980 0.9952
vn -0.0000 0.0980 0.9952
vn -0.0000 0.2903 0.9569
vn -0.0000 0.4714 0.8819
vn -0.0000 0.6344 0.7730
vn -0.0000 0.7730 0.6344
vn -0.0000 0.8819 0.4714
vn -0.0000 0.9569 0.2903
vn -0.0000 0.9569 -0.2903
vn -1.0000 -0.0000 -0.0000
vn -0.0000 0.9952 -0.0980
vn -0.7776 -0.6257 -0.0616
vn -0.7776 -0.6017 -0.1825
vn -0.7776 -0.5545 -0.2964
vn -0.7776 -0.4860 -0.3989
vn -0.7776 -0.3989 -0.4860
vn -0.7776 -0.2964 -0.5545
vn -0.7776 -0.1825 -0.6017
vn -0.7776 -0.0616 -0.6257
vn -0.7776 0.0616 -0.6257
vn -0.7776 0.1825 -0.6017
vn -0.7776 0.2964 -0.5545
vn -0.7776 0.3989 -0.4860
vn -0.7776 0.4860 -0.3989
vn -0.7776 0.5545 -0.2964
vn -0.7776 0.6017 -0.1825
vn -0.7776 0.6257 -0.0616
vn -0.7776 0.6257 0.0616
vn -0.7776 0.6017 0.1825
vn -0.7776 0.5545 0.2964
vn -0.7776 0.4860 0.3989
vn -0.7776 0.3989 0.4860
vn -0.7776 0.2964 0.5545
vn -0.7776 0.1825 0.6017
vn -0.7776 0.0616 0.6257
vn -0.7776 -0.0616 0.6257
vn -0.7776 -0.1825 0.6017
vn -0.7776 -0.2964 0.5545
vn -0.7776 -0.3989 0.4860
vn -0.7776 -0.4860 0.3989
vn -0.7776 -0.5545 0.2964
vn -0.7776 -0.6017 0.1825
vn -0.7776 -0.6257 0.0616
vn -0.0588 -0.9553 -0.2898
vn -0.0588 -0.7717 0.6333
vn -0.0588 0.0978 -0.9935
vn -0.0588 -0.9935 -0.0978
vn -0.0588 0.9935 -0.0978
vn -0.0588 0.2898 0.9553
vn -0.0588 -0.8804 -0.4706
vn -0.0588 -0.8804 0.4706
vn -0.0588 0.2898 -0.9553
vn -0.0588 0.9935 0.0978
vn -0.0588 0.0978 0.9935
vn -0.0588 -0.7717 -0.6333
vn -0.0588 -0.9553 0.2898
vn -0.0588 0.4706 -0.8804
vn -0.0588 0.9553 0.2898
vn -0.0588 -0.0978 0.9935
vn -0.0588 -0.6333 -0.7717
vn -0.0588 -0.9935 0.0978
vn -0.0588 0.6333 -0.7717
vn -0.0588 0.8804 0.4706
vn -0.0588 -0.2898 0.9553
vn -0.0588 -0.4706 -0.8804
vn -0.0588 0.7717 -0.6333
vn -0.0588 0.7717 0.6333
vn -0.0588 -0.4706 0.8804
vn -0.0588 -0.2898 -0.9553
vn -0.0588 0.8804 -0.4706
vn -0.0588 0.6333 0.7717
vn -0.0588 -0.6333 0.7717
vn -0.0588 -0.0978 -0.9935
vn -0.0588 0.9553 -0.2898
vn -0.0588 0.4706 0.8804
vn -0.0000 0.9952 0.0980
vn -0.8694 0.4917 0.0484
vn -0.8694 0.4728 0.1434
vn -0.8694 0.4357 0.2329
vn -0.8694 0.3819 0.3134
vn -0.8694 0.3134 0.3819
vn -0.8694 0.2329 0.4357
vn -0.8694 0.1434 0.4728
vn -0.8694 0.0484 0.4917
vn -0.8694 -0.0484 0.4917
vn -0.8694 -0.1434 0.4728
vn -0.8694 -0.2329 0.4357
vn -0.8694 -0.3134 0.3819
vn -0.8694 -0.3819 0.3134
vn -0.8694 -0.4357 0.2329
vn -0.8694 -0.4728 0.1434
vn -0.8694 -0.4917 0.0484
vn -0.8694 -0.4917 -0.0484
vn -0.8694 -0.4728 -0.1434
vn -0.8694 -0.4357 -0.2329
vn -0.8694 -0.3819 -0.3134
vn -0.8694 -0.3134 -0.3819
vn -0.8694 -0.2329 -0.4357
vn -0.8694 -0.1434 -0.4728
vn -0.8694 -0.0484 -0.4917
vn -0.8694 0.0484 -0.4917
vn -0.8694 0.1434 -0.4728
vn -0.8694 0.2329 -0.4357
vn -0.8694 0.3134 -0.3819
vn -0.8694 0.3819 -0.3134
vn -0.8694 0.4357 -0.2329
vn -0.8694 0.4728 -0.1434
vn -0.8694 0.4917 -0.0484
vn -0.0000 -0.0000 1.0000
vn -0.0000 -0.0000 -1.0000
vn -0.0000 -1.0000 -0.0000
vn -0.0000 1.0000 -0.0000
vn -0.0000 0.5000 0.8660
vn -0.0000 -0.5000 -0.8660
vn -0.0000 -0.8660 0.5000
vn -0.0000 0.8660 -0.5000
vn -0.0000 0.8660 0.5000
vn -0.0000 -0.8660 -0.5000
vn -0.0000 -0.5000 0.8660
vn -0.0000 0.5000 -0.8660
vn -0.7071 0.7037 -0.0693
vn 0.7071 0.7037 -0.0693
vn -0.7071 0.6767 -0.2053
vn 0.7071 0.6767 -0.2053
vn -0.7071 0.6236 -0.3333
vn 0.7071 0.6236 -0.3333
vn -0.7071 0.5466 -0.4486
vn 0.7071 0.5466 -0.4486
vn -0.7071 0.4486 -0.5466
vn 0.7071 0.4486 -0.5466
vn -0.7071 0.3333 -0.6236
vn 0.7071 0.3333 -0.6236
vn -0.7071 0.2053 -0.6767
vn 0.7071 0.2053 -0.6767
vn -0.7071 0.0693 -0.7037
vn 0.7071 0.0693 -0.7037
vn -0.7071 -0.0693 -0.7037
vn 0.7071 -0.0693 -0.7037
vn -0.7071 -0.2053 -0.6767
vn 0.7071 -0.2053 -0.6767
vn -0.7071 -0.3333 -0.6236
vn 0.7071 -0.3333 -0.6236
vn -0.7071 -0.4486 -0.5466
vn 0.7071 -0.4486 -0.5466
vn -0.7071 -0.5466 -0.4486
vn 0.7071 -0.5466 -0.4486
vn -0.7071 -0.6236 -0.3333
vn 0.7071 -0.6236 -0.3333
vn -0.7071 -0.6767 -0.2053
vn 0.7071 -0.6767 -0.2053
vn -0.7071 -0.7037 -0.0693
vn 0.7071 -0.7037 -0.0693
vn -0.7071 -0.7037 0.0693
vn 0.7071 -0.7037 0.0693
vn -0.7071 -0.6767 0.2053
vn 0.7071 -0.6767 0.2053
vn -0.7071 -0.6236 0.3333
vn 0.7071 -0.6236 0.3333
vn -0.7071 -0.5466 0.4486
vn 0.7071 -0.5466 0.4486
vn -0.7071 -0.4486 0.5466
vn 0.7071 -0.4486 0.5466
vn -0.7071 -0.3333 0.6236
vn 0.7071 -0.3333 0.6236
vn -0.7071 -0.2053 0.6767
vn 0.7071 -0.2053 0.6767
vn -0.7071 -0.0693 0.7037
vn 0.7071 -0.0693 0.7037
vn -0.7071 0.0693 0.7037
vn 0.7071 0.0693 0.7037
vn -0.7071 0.2053 0.6767
vn 0.7071 0.2053 0.6767
vn -0.7071 0.3333 0.6236
vn 0.7071 0.3333 0.6236
vn -0.7071 0.4486 0.5466
vn 0.7071 0.4486 0.5466
vn -0.7071 0.5466 0.4486
vn 0.7071 0.5466 0.4486
vn -0.7071 0.6236 0.3333
vn 0.7071 0.6236 0.3333
vn 0.7071 0.7037 0.0693
vn 0.7071 0.6767 0.2053
vn -0.7071 0.6767 0.2053
vn -0.7071 0.7037 0.0693
vn 0.7776 -0.6257 -0.0616
vn 0.7776 -0.6017 -0.1825
vn 0.7776 -0.5545 -0.2964
vn 0.7776 -0.4860 -0.3989
vn 0.7776 -0.3989 -0.4860
vn 0.7776 -0.2964 -0.5545
vn 0.7776 -0.1825 -0.6017
vn 0.7776 -0.0616 -0.6257
vn 0.7776 0.0616 -0.6257
vn 0.7776 0.1825 -0.6017
vn 0.7776 0.2964 -0.5545
vn 0.7776 0.3989 -0.4860
vn 0.7776 0.4860 -0.3989
vn 0.7776 0.5545 -0.2964
vn 0.7776 0.6017 -0.1825
vn 0.7776 0.6257 -0.0616
vn 0.7776 0.6257 0.0616
vn 0.7776 0.6017 0.1825
vn 0.7776 0.5545 0.2964
vn 0.7776 0.4860 0.3989
vn 0.7776 0.3989 0.4860
vn 0.7776 0.2964 0.5545
vn 0.7776 0.1825 0.6017
vn 0.7776 0.0616 0.6257
vn 0.7776 -0.0616 0.6257
vn 0.7776 -0.1825 0.6017
vn 0.7776 -0.2964 0.5545
vn 0.7776 -0.3989 0.4860
vn 0.7776 -0.4860 0.3989
vn 0.7776 -0.5545 0.2964
vn 0.7776 -0.6016 0.1825
vn 0.7776 -0.6257 0.0616
vn 0.0588 -0.9553 -0.2898
vn 0.0588 -0.7717 0.6333
vn 0.0588 0.0978 -0.9935
vn 0.0588 -0.9935 -0.0978
vn 0.0588 0.9935 -0.0978
vn 0.0588 0.2898 0.9553
vn 0.0588 -0.8804 -0.4706
vn 0.0588 -0.8804 0.4706
vn 0.0588 0.2898 -0.9553
vn 0.0588 0.9935 0.0978
vn 0.0588 0.0978 0.9935
vn 0.0588 -0.7717 -0.6333
vn 0.0588 -0.9553 0.2898
vn 0.0588 0.4706 -0.8804
vn 0.0588 0.9553 0.2898
vn 0.0588 -0.0978 0.9935
vn 0.0588 -0.6333 -0.7717
vn 0.0588 -0.9935 0.0978
vn 0.0588 0.6333 -0.7717
vn 0.0588 0.8804 0.4706
vn 0.0588 -0.2898 0.9553
vn 0.0588 -0.4706 -0.8804
vn 0.0588 0.7717 -0.6333
vn 0.0588 0.7717 0.6333
vn 0.0588 -0.4706 0.8804
vn 0.0588 -0.2898 -0.9553
vn 0.0588 0.8804 -0.4706
vn 0.0588 0.6333 0.7717
vn 0.0588 -0.6333 0.7717
vn 0.0588 -0.0978 -0.9935
vn 0.0588 0.9553 -0.2898
vn 0.0588 0.4706 0.8804
vn 1.0000 -0.0001 -0.0000
vn 1.0000 0.0001 -0.0000
vn 0.8694 0.4917 0.0484
vn 0.8694 0.4728 0.1434
vn 0.8694 0.4357 0.2329
vn 0.8694 0.3819 0.3134
vn 0.8694 0.3134 0.3819
vn 0.8694 0.2329 0.4357
vn 0.8694 0.1434 0.4728
vn 0.8694 0.0484 0.4917
vn 0.8694 -0.0484 0.4917
vn 0.8694 -0.1434 0.4728
vn 0.8694 -0.2329 0.4357
vn 0.8694 -0.3134 0.3819
vn 0.8694 -0.3819 0.3134
vn 0.8694 -0.4357 0.2329
vn 0.8694 -0.4728 0.1434
vn 0.8694 -0.4917 0.0484
vn 0.8694 -0.4917 -0.0484
vn 0.8694 -0.4728 -0.1434
vn 0.8694 -0.4357 -0.2329
vn 0.8694 -0.3819 -0.3134
vn 0.8694 -0.3134 -0.3819
vn 0.8694 -0.2329 -0.4357
vn 0.8694 -0.1434 -0.4728
vn 0.8694 -0.0484 -0.4917
vn 0.8694 0.0484 -0.4917
vn 0.8694 0.1434 -0.4728
vn 0.8694 0.2329 -0.4357
vn 0.8694 0.3134 -0.3819
vn 0.8694 0.3819 -0.3134
vn 0.8694 0.4357 -0.2329
vn 0.8694 0.4728 -0.1434
vn 0.8694 0.4917 -0.0484
vn 0.7776 -0.6017 0.1825
vn -0.9864 0.1644 -0.0000
vn 0.7776 -0.6016 -0.1825
vn 0.7776 0.6016 -0.1825
vn 0.7776 0.6016 0.1825
vn 0.7071 0.7071 -0.0000
vn -0.1843 -0.9829 -0.0000
vt 0.920624 0.929672
vt 0.901878 0.952514
vt 0.879036 0.933768
vt 0.330794 0.812702
vt 0.322297 0.815674
vt 0.322297 0.812702
vt 0.330794 0.815674
vt 0.322297 0.819184
vt 0.330794 0.819184
vt 0.322297 0.823098
vt 0.330794 0.823098
vt 0.322297 0.827264
vt 0.330794 0.827264
vt 0.322297 0.831523
vt 0.330794 0.831523
vt 0.322297 0.835711
vt 0.330794 0.835711
vt 0.322297 0.839667
vt 0.330794 0.839667
vt 0.322297 0.843240
vt 0.330794 0.843240
vt 0.322297 0.846291
vt 0.974248 0.350893
vt 0.965751 0.354403
vt 0.965751 0.350893
vt 0.974248 0.354403
vt 0.965751 0.358316
vt 0.974248 0.358316
vt 0.965751 0.362483
vt 0.974248 0.362483
vt 0.965751 0.366742
vt 0.974248 0.366742
vt 0.965751 0.370930
vt 0.974248 0.370930
vt 0.965751 0.374886
vt 0.974248 0.374886
vt 0.965751 0.378458
vt 0.876028 0.524930
vt 0.884525 0.521621
vt 0.884525 0.524930
vt 0.876028 0.521621
vt 0.884525 0.517852
vt 0.876028 0.517852
vt 0.884525 0.513768
vt 0.876028 0.513768
vt 0.884525 0.509526
vt 0.876028 0.509526
vt 0.884525 0.505290
vt 0.876028 0.501222
vt 0.884525 0.501222
vt 0.884525 0.497479
vt 0.876028 0.497479
vt 0.884525 0.494203
vt 0.867532 0.524930
vt 0.876029 0.521621
vt 0.876029 0.524930
vt 0.867532 0.521621
vt 0.876029 0.517852
vt 0.867532 0.517852
vt 0.876029 0.513768
vt 0.867532 0.513768
vt 0.876029 0.509526
vt 0.867532 0.509526
vt 0.876028 0.505290
vt 0.867532 0.497479
vt 0.876029 0.494203
vt 0.876029 0.497479
vt 0.946352 0.579921
vt 0.952203 0.580392
vt 0.948124 0.582573
vt 0.867532 0.501222
vt 0.945182 0.580881
vt 0.944097 0.577665
vt 0.947031 0.574090
vt 0.949927 0.576986
vt 0.949967 0.588647
vt 0.953771 0.584176
vt 0.954570 0.588194
vt 0.954570 0.592290
vt 0.949967 0.591837
vt 0.949345 0.594965
vt 0.953771 0.596307
vt 0.948124 0.597911
vt 0.952203 0.600092
vt 0.949927 0.603498
vt 0.946352 0.600563
vt 0.944097 0.602818
vt 0.947031 0.606394
vt 0.943625 0.608670
vt 0.941445 0.604590
vt 0.938498 0.605811
vt 0.939841 0.610237
vt 0.935370 0.606433
vt 0.935824 0.611036
vt 0.931727 0.611036
vt 0.932181 0.606433
vt 0.929053 0.605811
vt 0.927710 0.610237
vt 0.923926 0.608670
vt 0.926106 0.604590
vt 0.920520 0.606394
vt 0.923454 0.602818
vt 0.921199 0.600563
vt 0.917624 0.603498
vt 0.915348 0.600092
vt 0.919427 0.597911
vt 0.918206 0.594965
vt 0.913780 0.596307
vt 0.912981 0.592290
vt 0.917584 0.591837
vt 0.912981 0.588194
vt 0.917584 0.588647
vt 0.918206 0.585519
vt 0.913780 0.584176
vt 0.915348 0.580392
vt 0.919427 0.582573
vt 0.917624 0.576986
vt 0.921199 0.579921
vt 0.923454 0.577665
vt 0.920520 0.574090
vt 0.923926 0.571814
vt 0.926106 0.575893
vt 0.929053 0.574673
vt 0.927710 0.570247
vt 0.931727 0.569448
vt 0.932181 0.574051
vt 0.935824 0.569448
vt 0.935370 0.574051
vt 0.938498 0.574673
vt 0.939841 0.570247
vt 0.941445 0.575893
vt 0.943625 0.571814
vt 0.949345 0.585519
vt 0.940731 0.577229
vt 0.943136 0.578836
vt 0.935222 0.575557
vt 0.938059 0.576122
vt 0.929492 0.576122
vt 0.932329 0.575557
vt 0.924415 0.578836
vt 0.926820 0.577229
vt 0.920762 0.583286
vt 0.922369 0.580881
vt 0.919655 0.585959
vt 0.919091 0.588796
vt 0.919655 0.594525
vt 0.919091 0.591688
vt 0.920762 0.597198
vt 0.922369 0.599603
vt 0.926820 0.603255
vt 0.924415 0.601648
vt 0.932329 0.604926
vt 0.929492 0.604362
vt 0.935222 0.604926
vt 0.938059 0.604362
vt 0.940731 0.603255
vt 0.943136 0.601648
vt 0.946789 0.597198
vt 0.945182 0.599603
vt 0.948460 0.591688
vt 0.947896 0.594525
vt 0.947896 0.585959
vt 0.948460 0.588796
vt 0.946789 0.583286
vt 0.795246 0.607106
vt 0.802025 0.609954
vt 0.795246 0.609998
vt 0.982663 0.067408
vt 0.975884 0.065070
vt 0.982663 0.064849
vt 0.974303 0.658792
vt 0.981082 0.661671
vt 0.974303 0.661637
vt 0.795246 0.604262
vt 0.802025 0.607140
vt 0.982639 0.341380
vt 0.975860 0.338682
vt 0.982639 0.338837
vt 0.982663 0.083468
vt 0.975884 0.081019
vt 0.982663 0.081244
vt 0.802025 0.612706
vt 0.795246 0.612828
vt 0.982663 0.062601
vt 0.975884 0.062883
vt 0.974303 0.664529
vt 0.981082 0.664484
vt 0.982639 0.336075
vt 0.975860 0.335994
vt 0.975884 0.078546
vt 0.982663 0.078702
vt 0.802025 0.615291
vt 0.795246 0.615485
vt 0.795246 0.601575
vt 0.802025 0.599399
vt 0.802025 0.601759
vt 0.981082 0.667237
vt 0.974303 0.667358
vt 0.975860 0.333195
vt 0.982639 0.333198
vt 0.982663 0.075939
vt 0.975884 0.075858
vt 0.802025 0.617610
vt 0.795246 0.617869
vt 0.802025 0.604373
vt 0.981082 0.669822
vt 0.974303 0.670016
vt 0.975860 0.330393
vt 0.982639 0.330318
vt 0.975884 0.073060
vt 0.982663 0.073062
vt 0.974303 0.651608
vt 0.981082 0.653930
vt 0.974303 0.653680
vt 0.981082 0.672141
vt 0.974303 0.672400
vt 0.982639 0.327544
vt 0.975860 0.327695
vt 0.982663 0.070182
vt 0.975884 0.070258
vt 0.981082 0.656290
vt 0.974303 0.656106
vt 0.981082 0.674105
vt 0.974303 0.674418
vt 0.982639 0.324985
vt 0.975860 0.325205
vt 0.975884 0.067560
vt 0.981082 0.658904
vt 0.975860 0.343318
vt 0.975860 0.341155
vt 0.975860 0.323019
vt 0.982639 0.322737
vt 0.831963 0.423482
vt 0.838309 0.425117
vt 0.831963 0.425117
vt 0.156509 0.960101
vt 0.160268 0.957016
vt 0.157898 0.959956
vt 0.155193 0.958785
vt 0.158278 0.955026
vt 0.155895 0.957818
vt 0.157294 0.955569
vt 0.151927 0.957039
vt 0.153339 0.952386
vt 0.153646 0.956420
vt 0.150842 0.955569
vt 0.150929 0.952922
vt 0.148242 0.956676
vt 0.147765 0.951837
vt 0.148195 0.955483
vt 0.145005 0.952386
vt 0.146417 0.957039
vt 0.144094 0.953812
vt 0.143151 0.958785
vt 0.140066 0.955026
vt 0.143007 0.957396
vt 0.141835 0.960101
vt 0.138076 0.957016
vt 0.140869 0.959399
vt 0.138619 0.958000
vt 0.139470 0.961648
vt 0.135436 0.961955
vt 0.137221 0.960249
vt 0.135973 0.964365
vt 0.138620 0.964451
vt 0.139727 0.967052
vt 0.134887 0.967529
vt 0.138533 0.967098
vt 0.140090 0.968877
vt 0.135436 0.970289
vt 0.136862 0.971200
vt 0.141835 0.972143
vt 0.138076 0.975228
vt 0.140447 0.972287
vt 0.143151 0.973459
vt 0.140066 0.977218
vt 0.142449 0.974425
vt 0.141051 0.976674
vt 0.146417 0.975204
vt 0.145005 0.979858
vt 0.144698 0.975824
vt 0.147502 0.976674
vt 0.147415 0.979321
vt 0.150102 0.975567
vt 0.150579 0.980407
vt 0.150149 0.976761
vt 0.153339 0.979858
vt 0.151927 0.975204
vt 0.154250 0.978431
vt 0.155193 0.973459
vt 0.158278 0.977218
vt 0.155337 0.974847
vt 0.156509 0.972143
vt 0.160268 0.975228
vt 0.157476 0.972845
vt 0.159725 0.974243
vt 0.158874 0.970596
vt 0.162908 0.970289
vt 0.161123 0.971994
vt 0.162372 0.967879
vt 0.159725 0.967792
vt 0.158618 0.965191
vt 0.163457 0.964715
vt 0.159811 0.965145
vt 0.162908 0.961955
vt 0.158255 0.963367
vt 0.161482 0.961044
vt 0.887725 0.340286
vt 0.880168 0.349494
vt 0.870961 0.341937
vt 0.564438 0.820670
vt 0.558093 0.819338
vt 0.564438 0.819338
vt 0.838309 0.426894
vt 0.831963 0.426894
vt 0.558093 0.817777
vt 0.564438 0.817777
vt 0.838309 0.428745
vt 0.831963 0.428745
vt 0.558093 0.816049
vt 0.564438 0.816049
vt 0.838309 0.430598
vt 0.831963 0.430598
vt 0.564438 0.814220
vt 0.558093 0.814220
vt 0.838309 0.432381
vt 0.831963 0.432381
vt 0.558093 0.812359
vt 0.564438 0.812359
vt 0.838309 0.434028
vt 0.831963 0.434028
vt 0.558093 0.810539
vt 0.564438 0.810539
vt 0.838309 0.435474
vt 0.831963 0.435474
vt 0.819273 0.425117
vt 0.825618 0.426894
vt 0.819273 0.426894
vt 0.564438 0.808830
vt 0.558093 0.808830
vt 0.740567 0.140984
vt 0.734222 0.139423
vt 0.740567 0.139423
vt 0.825618 0.428745
vt 0.819273 0.428745
vt 0.558093 0.807296
vt 0.564438 0.807296
vt 0.740567 0.137695
vt 0.734222 0.137695
vt 0.825618 0.430598
vt 0.819273 0.430598
vt 0.558093 0.805998
vt 0.564438 0.805998
vt 0.734222 0.135866
vt 0.740567 0.135866
vt 0.825618 0.432381
vt 0.819273 0.432381
vt 0.819273 0.422051
vt 0.825618 0.423482
vt 0.819273 0.423482
vt 0.734222 0.134005
vt 0.740567 0.134005
vt 0.825618 0.434028
vt 0.819273 0.434028
vt 0.825618 0.425117
vt 0.734222 0.132185
vt 0.740567 0.132185
vt 0.819273 0.435474
vt 0.825618 0.435474
vt 0.740567 0.130476
vt 0.734222 0.130476
vt 0.831963 0.422051
vt 0.838309 0.423482
vt 0.740567 0.128942
vt 0.734222 0.128942
vt 0.887403 0.338666
vt 0.887713 0.336637
vt 0.888425 0.338356
vt 0.885854 0.335768
vt 0.886771 0.337141
vt 0.885364 0.333775
vt 0.886680 0.335090
vt 0.883313 0.333683
vt 0.884686 0.334601
vt 0.881788 0.333051
vt 0.883817 0.332741
vt 0.880273 0.331666
vt 0.882098 0.332029
vt 0.880168 0.332729
vt 0.878413 0.331666
vt 0.876898 0.333051
vt 0.878517 0.332729
vt 0.874869 0.332741
vt 0.876588 0.332029
vt 0.873999 0.334601
vt 0.875372 0.333683
vt 0.872832 0.335768
vt 0.873322 0.333775
vt 0.871915 0.337141
vt 0.872006 0.335090
vt 0.870260 0.338356
vt 0.870972 0.336637
vt 0.870961 0.340286
vt 0.871283 0.338666
vt 0.869897 0.340181
vt 0.871283 0.343557
vt 0.869897 0.342042
vt 0.870972 0.345586
vt 0.870260 0.343867
vt 0.872832 0.346455
vt 0.871915 0.345082
vt 0.873322 0.348448
vt 0.872006 0.347133
vt 0.873999 0.347622
vt 0.874869 0.349482
vt 0.876898 0.349172
vt 0.875372 0.348540
vt 0.878413 0.350557
vt 0.876588 0.350194
vt 0.878517 0.349494
vt 0.880273 0.350557
vt 0.881788 0.349172
vt 0.883817 0.349482
vt 0.882098 0.350194
vt 0.884686 0.347622
vt 0.883313 0.348540
vt 0.885854 0.346455
vt 0.885364 0.348448
vt 0.886771 0.345082
vt 0.886680 0.347133
vt 0.888425 0.343867
vt 0.887713 0.345586
vt 0.887403 0.343557
vt 0.888788 0.342042
vt 0.887725 0.341937
vt 0.888788 0.340181
vt 0.992501 0.518354
vt 0.993721 0.517506
vt 0.994941 0.517506
vt 0.992501 0.374490
vt 0.995150 0.377138
vt 0.992501 0.377138
vt 0.995045 0.492906
vt 0.993773 0.493754
vt 0.992501 0.493754
vt 0.995045 0.492058
vt 0.992501 0.492906
vt 0.992501 0.492058
vt 0.994941 0.519202
vt 0.994941 0.518354
vt 0.994613 0.551566
vt 0.992501 0.550718
vt 0.993003 0.550718
vt 0.995149 0.308278
vt 0.992501 0.310926
vt 0.992501 0.308278
vt 0.992501 0.729347
vt 0.994410 0.730195
vt 0.992830 0.730195
vt 0.992501 0.571076
vt 0.994612 0.570228
vt 0.994612 0.571076
vt 0.992501 0.730195
vt 0.994410 0.731044
vt 0.992501 0.731044
vt 0.995129 0.435263
vt 0.992501 0.434414
vt 0.994505 0.434414
vt 0.995149 0.305630
vt 0.992501 0.308278
vt 0.992501 0.305630
vt 0.995072 0.464913
vt 0.994630 0.465761
vt 0.992501 0.465761
vt 0.995129 0.437807
vt 0.992501 0.436959
vt 0.995129 0.436959
vt 0.992501 0.489513
vt 0.995072 0.490361
vt 0.992501 0.490361
vt 0.994941 0.523443
vt 0.992501 0.522595
vt 0.993721 0.522595
vt 0.995149 0.310926
vt 0.992501 0.313575
vt 0.995045 0.497147
vt 0.993773 0.497995
vt 0.992501 0.497995
vt 0.994941 0.537016
vt 0.992501 0.536167
vt 0.994941 0.536167
vt 0.992501 0.509871
vt 0.995045 0.510719
vt 0.992501 0.510719
vt 0.992501 0.736982
vt 0.994410 0.737830
vt 0.993956 0.737830
vt 0.992501 0.321520
vt 0.995149 0.318872
vt 0.995149 0.321520
vt 0.992501 0.561745
vt 0.994249 0.560897
vt 0.994612 0.560897
vt 0.994612 0.549021
vt 0.992501 0.548173
vt 0.994612 0.548173
vt 0.992501 0.728499
vt 0.994410 0.729347
vt 0.992501 0.729347
vt 0.992501 0.467458
vt 0.995072 0.468306
vt 0.993112 0.468306
vt 0.992501 0.353302
vt 0.995150 0.350654
vt 0.995150 0.353302
vt 0.995129 0.447986
vt 0.992501 0.447138
vt 0.992953 0.447138
vt 0.995129 0.436111
vt 0.992501 0.435262
vt 0.995129 0.435262
vt 0.995072 0.484423
vt 0.992501 0.485271
vt 0.992501 0.484423
vt 0.995045 0.493754
vt 0.993773 0.494602
vt 0.992501 0.494602
vt 0.995150 0.379787
vt 0.992501 0.377138
vt 0.995150 0.377138
vt 0.992501 0.530230
vt 0.993721 0.529381
vt 0.994941 0.529381
vt 0.994941 0.520050
vt 0.992501 0.519202
vt 0.995045 0.498844
vt 0.992501 0.499692
vt 0.992501 0.498844
vt 0.994410 0.740375
vt 0.993956 0.741223
vt 0.992501 0.741223
vt 0.992501 0.382435
vt 0.995149 0.379787
vt 0.995149 0.382435
vt 0.994612 0.551566
vt 0.992501 0.552414
vt 0.992501 0.551566
vt 0.992501 0.731044
vt 0.994410 0.731892
vt 0.992501 0.731892
vt 0.992501 0.565986
vt 0.994612 0.565138
vt 0.994612 0.565986
vt 0.995072 0.463217
vt 0.993112 0.464065
vt 0.992501 0.464065
vt 0.992501 0.345357
vt 0.995149 0.342708
vt 0.995149 0.345357
vt 0.995129 0.436959
vt 0.992501 0.436111
vt 0.992953 0.436111
vt 0.992501 0.477637
vt 0.995072 0.476789
vt 0.995072 0.477637
vt 0.995129 0.442049
vt 0.992501 0.441200
vt 0.995129 0.441200
vt 0.995045 0.496299
vt 0.993773 0.497147
vt 0.992501 0.497147
vt 0.992501 0.316223
vt 0.995149 0.313575
vt 0.995149 0.316223
vt 0.994941 0.527685
vt 0.992501 0.526837
vt 0.993721 0.526837
vt 0.992501 0.501388
vt 0.995045 0.500540
vt 0.995045 0.501388
vt 0.994941 0.531078
vt 0.994941 0.530230
vt 0.992501 0.559200
vt 0.993003 0.558352
vt 0.994612 0.558352
vt 0.995150 0.316223
vt 0.992501 0.318872
vt 0.992501 0.725954
vt 0.994410 0.726802
vt 0.992830 0.726802
vt 0.992501 0.726802
vt 0.994410 0.727650
vt 0.992501 0.727650
vt 0.994612 0.553262
vt 0.992501 0.552414
vt 0.994612 0.552414
vt 0.994505 0.444593
vt 0.995129 0.445442
vt 0.992501 0.444593
vt 0.995150 0.353302
vt 0.992501 0.355951
vt 0.992501 0.353302
vt 0.995072 0.468306
vt 0.994630 0.469154
vt 0.992501 0.469154
vt 0.995072 0.475941
vt 0.992501 0.476789
vt 0.992501 0.475941
vt 0.995129 0.451380
vt 0.992501 0.450531
vt 0.995129 0.450531
vt 0.952938 0.580000
vt 0.950571 0.576458
vt 0.915982 0.918464
vt 0.918992 0.921478
vt 0.918257 0.921870
vt 0.913614 0.914924
vt 0.916626 0.917936
vt 0.955399 0.588112
vt 0.954568 0.583935
vt 0.913085 0.915568
vt 0.910072 0.912558
vt 0.955399 0.592372
vt 0.909680 0.913292
vt 0.906137 0.910928
vt 0.954568 0.596549
vt 0.901878 0.910926
vt 0.905895 0.911725
vt 0.897782 0.910926
vt 0.901960 0.910097
vt 0.950571 0.604026
vt 0.952938 0.600484
vt 0.893764 0.911725
vt 0.897700 0.910097
vt 0.947559 0.607038
vt 0.889587 0.912558
vt 0.893523 0.910928
vt 0.944018 0.609404
vt 0.886574 0.915568
vt 0.889980 0.913292
vt 0.940083 0.611034
vt 0.883034 0.917936
vt 0.886046 0.914924
vt 0.935905 0.611865
vt 0.883678 0.918464
vt 0.880668 0.921478
vt 0.931646 0.611865
vt 0.881402 0.921870
vt 0.879038 0.925413
vt 0.927468 0.611034
vt 0.879036 0.929672
vt 0.879835 0.925655
vt 0.923533 0.609404
vt 0.878207 0.929590
vt 0.919991 0.607038
vt 0.879835 0.937786
vt 0.878207 0.933850
vt 0.880668 0.941962
vt 0.879038 0.938027
vt 0.914613 0.600484
vt 0.916980 0.604026
vt 0.883678 0.944976
vt 0.881402 0.941570
vt 0.886574 0.947872
vt 0.883034 0.945504
vt 0.912152 0.592372
vt 0.912983 0.596549
vt 0.889587 0.950882
vt 0.886046 0.948516
vt 0.889980 0.950148
vt 0.893523 0.952512
vt 0.912983 0.583935
vt 0.912152 0.588112
vt 0.897782 0.952514
vt 0.893764 0.951715
vt 0.897700 0.953343
vt 0.916980 0.576458
vt 0.914613 0.580000
vt 0.905895 0.951715
vt 0.901960 0.953343
vt 0.910072 0.950882
vt 0.906137 0.952512
vt 0.923533 0.571080
vt 0.919991 0.573446
vt 0.913085 0.947872
vt 0.909680 0.950148
vt 0.916626 0.945504
vt 0.913614 0.948516
vt 0.927468 0.569450
vt 0.915982 0.944976
vt 0.918992 0.941962
vt 0.935905 0.568619
vt 0.931646 0.568619
vt 0.918257 0.941570
vt 0.920622 0.938027
vt 0.940083 0.569450
vt 0.920624 0.933768
vt 0.919825 0.937786
vt 0.921453 0.933850
vt 0.919825 0.925655
vt 0.921453 0.929590
vt 0.947559 0.573446
vt 0.944018 0.571080
vt 0.867532 0.505290
vt 0.311453 0.918006
vt 0.314349 0.947414
vt 0.284942 0.950310
vt 0.851709 0.085465
vt 0.843212 0.082493
vt 0.851709 0.082493
vt 0.851709 0.088975
vt 0.843212 0.085465
vt 0.851709 0.092888
vt 0.843212 0.088975
vt 0.851709 0.097055
vt 0.843212 0.092888
vt 0.851709 0.101314
vt 0.843212 0.097055
vt 0.851709 0.105502
vt 0.843212 0.101314
vt 0.851709 0.109458
vt 0.843212 0.105502
vt 0.851709 0.113030
vt 0.843212 0.109458
vt 0.851709 0.116081
vt 0.843212 0.113030
vt 0.975416 0.439867
vt 0.966919 0.436357
vt 0.975416 0.436357
vt 0.975416 0.443781
vt 0.966919 0.439867
vt 0.975416 0.447947
vt 0.966919 0.443781
vt 0.966919 0.452206
vt 0.966919 0.447947
vt 0.975416 0.456394
vt 0.975416 0.452206
vt 0.975416 0.460350
vt 0.966919 0.456394
vt 0.975416 0.463923
vt 0.966919 0.460350
vt 0.322297 0.938024
vt 0.330794 0.941334
vt 0.322297 0.941334
vt 0.322297 0.934255
vt 0.330794 0.938024
vt 0.322297 0.930171
vt 0.330794 0.934255
vt 0.322297 0.925929
vt 0.330794 0.930171
vt 0.322297 0.921693
vt 0.330794 0.925929
vt 0.322297 0.917625
vt 0.330794 0.921693
vt 0.322297 0.913882
vt 0.330794 0.917625
vt 0.322297 0.910606
vt 0.330794 0.913882
vt 0.893022 0.521621
vt 0.901519 0.524930
vt 0.893022 0.524930
vt 0.893022 0.517852
vt 0.901519 0.521621
vt 0.893022 0.513768
vt 0.901519 0.517852
vt 0.893022 0.509526
vt 0.901519 0.513768
vt 0.893022 0.505290
vt 0.901519 0.509526
vt 0.893022 0.494203
vt 0.901519 0.497479
vt 0.893022 0.497479
vt 0.205152 0.929225
vt 0.201348 0.933695
vt 0.200726 0.930567
vt 0.901519 0.501222
vt 0.893022 0.501222
vt 0.199841 0.936736
vt 0.199841 0.933844
vt 0.205951 0.933242
vt 0.201348 0.936885
vt 0.201309 0.922034
vt 0.199505 0.927621
vt 0.197733 0.924969
vt 0.198412 0.919138
vt 0.195478 0.922713
vt 0.192826 0.920942
vt 0.189880 0.919721
vt 0.195007 0.916862
vt 0.187205 0.914496
vt 0.186752 0.919099
vt 0.183562 0.919099
vt 0.179091 0.915295
vt 0.180434 0.919721
vt 0.177487 0.920942
vt 0.171901 0.919138
vt 0.174836 0.922713
vt 0.169005 0.922034
vt 0.172580 0.924969
vt 0.170808 0.927621
vt 0.169588 0.930567
vt 0.166729 0.925440
vt 0.164363 0.933242
vt 0.168966 0.933695
vt 0.164363 0.937338
vt 0.168966 0.936885
vt 0.165162 0.941355
vt 0.169588 0.940013
vt 0.170808 0.942959
vt 0.169005 0.948546
vt 0.172580 0.945611
vt 0.171901 0.951442
vt 0.174836 0.947867
vt 0.177487 0.949638
vt 0.180434 0.950859
vt 0.175307 0.953718
vt 0.183109 0.956084
vt 0.183562 0.951481
vt 0.186752 0.951481
vt 0.191222 0.955285
vt 0.189880 0.950859
vt 0.192826 0.949638
vt 0.198412 0.951442
vt 0.195478 0.947867
vt 0.201309 0.948546
vt 0.197733 0.945611
vt 0.199505 0.942959
vt 0.200726 0.940013
vt 0.203585 0.945140
vt 0.205951 0.937338
vt 0.199277 0.939573
vt 0.198170 0.942246
vt 0.196563 0.944651
vt 0.194518 0.946696
vt 0.192113 0.948303
vt 0.189440 0.949410
vt 0.186603 0.949974
vt 0.183711 0.949974
vt 0.180874 0.949410
vt 0.178201 0.948303
vt 0.175796 0.946696
vt 0.173751 0.944651
vt 0.172144 0.942246
vt 0.171037 0.939573
vt 0.170472 0.936736
vt 0.170472 0.933844
vt 0.171037 0.931007
vt 0.172144 0.928334
vt 0.173751 0.925929
vt 0.175796 0.923884
vt 0.178201 0.922277
vt 0.180874 0.921170
vt 0.183711 0.920606
vt 0.186603 0.920606
vt 0.189440 0.921170
vt 0.192113 0.922277
vt 0.194518 0.923884
vt 0.196563 0.925929
vt 0.198170 0.928334
vt 0.199277 0.931007
vt 0.808804 0.609998
vt 0.808804 0.607106
vt 0.975961 0.474308
vt 0.982740 0.477019
vt 0.975961 0.476868
vt 0.974650 0.309990
vt 0.981430 0.307111
vt 0.981430 0.309955
vt 0.808804 0.604262
vt 0.982663 0.015945
vt 0.975884 0.018643
vt 0.975884 0.016100
vt 0.982740 0.490478
vt 0.975961 0.492927
vt 0.975961 0.490703
vt 0.808804 0.612828
vt 0.975961 0.472060
vt 0.982740 0.474529
vt 0.981430 0.312848
vt 0.975884 0.013338
vt 0.975961 0.488161
vt 0.808804 0.615485
vt 0.808804 0.599149
vt 0.808804 0.601575
vt 0.981430 0.315677
vt 0.974650 0.312803
vt 0.975884 0.010461
vt 0.982663 0.013257
vt 0.982740 0.485317
vt 0.975961 0.485398
vt 0.808804 0.617869
vt 0.981430 0.318335
vt 0.974650 0.315556
vt 0.982663 0.007656
vt 0.975884 0.007581
vt 0.975961 0.482521
vt 0.974650 0.302249
vt 0.981430 0.299927
vt 0.981430 0.301999
vt 0.974650 0.320460
vt 0.981430 0.320719
vt 0.982663 0.004959
vt 0.975884 0.004807
vt 0.982740 0.479717
vt 0.975961 0.479641
vt 0.974650 0.304609
vt 0.981430 0.304425
vt 0.981430 0.322737
vt 0.982663 0.002468
vt 0.975884 0.002248
vt 0.974650 0.307223
vt 0.982663 0.018418
vt 0.975884 0.020867
vt 0.975884 0.000000
vt 0.850999 0.425117
vt 0.857344 0.423482
vt 0.857344 0.425117
vt 0.766097 0.958833
vt 0.766062 0.957140
vt 0.769822 0.960226
vt 0.771137 0.958910
vt 0.770436 0.957943
vt 0.768052 0.955151
vt 0.771286 0.954295
vt 0.772992 0.952510
vt 0.774403 0.957164
vt 0.775488 0.955694
vt 0.776228 0.956801
vt 0.778135 0.955608
vt 0.778048 0.952960
vt 0.778565 0.951962
vt 0.778089 0.956801
vt 0.781325 0.952510
vt 0.779914 0.957164
vt 0.780988 0.956273
vt 0.784572 0.955185
vt 0.786265 0.955151
vt 0.783180 0.958910
vt 0.784495 0.960226
vt 0.785462 0.959524
vt 0.788254 0.957140
vt 0.786861 0.961773
vt 0.789110 0.960374
vt 0.790895 0.962080
vt 0.790358 0.964490
vt 0.787711 0.964576
vt 0.787798 0.967223
vt 0.790445 0.967137
vt 0.791444 0.967654
vt 0.786241 0.969002
vt 0.786604 0.967177
vt 0.787132 0.970076
vt 0.790895 0.970414
vt 0.788220 0.973661
vt 0.788254 0.975353
vt 0.784495 0.972268
vt 0.783180 0.973584
vt 0.783881 0.974550
vt 0.786265 0.977343
vt 0.783031 0.978198
vt 0.781325 0.979983
vt 0.779914 0.975329
vt 0.778829 0.976799
vt 0.778089 0.975692
vt 0.776182 0.976886
vt 0.776268 0.979533
vt 0.775751 0.980532
vt 0.776228 0.975692
vt 0.772992 0.979983
vt 0.774403 0.975329
vt 0.773329 0.976221
vt 0.769745 0.977308
vt 0.768052 0.977343
vt 0.771137 0.973584
vt 0.766062 0.975353
vt 0.769822 0.972268
vt 0.768855 0.972970
vt 0.767456 0.970720
vt 0.765207 0.972119
vt 0.763422 0.970414
vt 0.763959 0.968004
vt 0.766606 0.967917
vt 0.766519 0.965270
vt 0.763872 0.965357
vt 0.762873 0.964840
vt 0.767713 0.965316
vt 0.763422 0.962080
vt 0.768076 0.963491
vt 0.767184 0.962417
vt 0.916152 0.902751
vt 0.921768 0.892246
vt 0.932273 0.897861
vt 0.884900 0.138305
vt 0.891245 0.139638
vt 0.884900 0.139638
vt 0.850999 0.426894
vt 0.857344 0.426894
vt 0.884900 0.136745
vt 0.891245 0.138305
vt 0.850999 0.428745
vt 0.857344 0.428745
vt 0.891245 0.135017
vt 0.884900 0.135017
vt 0.850999 0.430598
vt 0.857344 0.430598
vt 0.891245 0.133187
vt 0.884900 0.133187
vt 0.850999 0.432381
vt 0.857344 0.432381
vt 0.891245 0.131327
vt 0.884900 0.131327
vt 0.850999 0.434028
vt 0.857344 0.434028
vt 0.891245 0.129507
vt 0.884900 0.129507
vt 0.850999 0.435474
vt 0.857344 0.435474
vt 0.897590 0.129809
vt 0.903935 0.128032
vt 0.903935 0.129809
vt 0.884900 0.127797
vt 0.818482 0.697177
vt 0.812137 0.698738
vt 0.812137 0.697177
vt 0.897590 0.131659
vt 0.903935 0.131659
vt 0.891245 0.126264
vt 0.884900 0.126264
vt 0.818482 0.695449
vt 0.812137 0.695449
vt 0.897590 0.133512
vt 0.903935 0.133512
vt 0.884900 0.124966
vt 0.812137 0.693619
vt 0.897590 0.135296
vt 0.903935 0.135296
vt 0.903935 0.126397
vt 0.897590 0.124966
vt 0.903935 0.124966
vt 0.818482 0.691759
vt 0.812137 0.691759
vt 0.897590 0.136942
vt 0.903935 0.136942
vt 0.897590 0.126397
vt 0.812137 0.689939
vt 0.897590 0.138388
vt 0.903935 0.138388
vt 0.812137 0.688230
vt 0.818482 0.689939
vt 0.850999 0.423482
vt 0.857344 0.422051
vt 0.812137 0.686696
vt 0.818482 0.688230
vt 0.916152 0.897861
vt 0.915842 0.895832
vt 0.916784 0.896335
vt 0.917702 0.894962
vt 0.916876 0.894285
vt 0.918869 0.893795
vt 0.918191 0.892969
vt 0.920242 0.892877
vt 0.919738 0.891935
vt 0.923282 0.890860
vt 0.923387 0.891923
vt 0.925143 0.890860
vt 0.925038 0.891923
vt 0.926968 0.891223
vt 0.926658 0.892246
vt 0.928183 0.892877
vt 0.928687 0.891935
vt 0.929556 0.893795
vt 0.931549 0.894285
vt 0.930724 0.894962
vt 0.932583 0.895832
vt 0.931641 0.896335
vt 0.933295 0.897551
vt 0.932595 0.899480
vt 0.933658 0.901236
vt 0.932595 0.901131
vt 0.932273 0.902751
vt 0.932583 0.904780
vt 0.931641 0.904276
vt 0.931549 0.906327
vt 0.930724 0.905649
vt 0.930234 0.907643
vt 0.929556 0.906817
vt 0.928183 0.907734
vt 0.926968 0.909388
vt 0.926658 0.908366
vt 0.925038 0.908688
vt 0.923282 0.909751
vt 0.923387 0.908688
vt 0.921768 0.908366
vt 0.919738 0.908676
vt 0.920242 0.907734
vt 0.918191 0.907643
vt 0.918869 0.906817
vt 0.917702 0.905649
vt 0.916876 0.906327
vt 0.916784 0.904276
vt 0.915842 0.904780
vt 0.915130 0.903061
vt 0.915830 0.901131
vt 0.914767 0.899375
vt 0.915830 0.899480
vt 0.915130 0.897551
vt 0.994941 0.537864
vt 0.993721 0.537864
vt 0.992501 0.537016
vt 0.992501 0.385084
vt 0.995149 0.382435
vt 0.995149 0.385084
vt 0.992501 0.511568
vt 0.993773 0.511568
vt 0.995045 0.512416
vt 0.992501 0.491209
vt 0.995045 0.492058
vt 0.992501 0.524292
vt 0.994941 0.523443
vt 0.994941 0.524292
vt 0.993003 0.562593
vt 0.994612 0.561745
vt 0.992501 0.385084
vt 0.995150 0.387732
vt 0.992501 0.387732
vt 0.992830 0.725105
vt 0.994410 0.725954
vt 0.992501 0.725954
vt 0.994612 0.571924
vt 0.994410 0.744616
vt 0.992501 0.745465
vt 0.992501 0.744616
vt 0.994504 0.441200
vt 0.992501 0.440352
vt 0.995129 0.440352
vt 0.992501 0.355951
vt 0.995149 0.358599
vt 0.992501 0.358599
vt 0.992501 0.466610
vt 0.994630 0.466610
vt 0.995072 0.467458
vt 0.992501 0.455621
vt 0.995129 0.454773
vt 0.995129 0.455621
vt 0.995072 0.481878
vt 0.992501 0.482727
vt 0.992501 0.481878
vt 0.993721 0.525140
vt 0.995150 0.390381
vt 0.992501 0.387732
vt 0.995150 0.387732
vt 0.992501 0.512416
vt 0.993773 0.512416
vt 0.995045 0.513264
vt 0.992501 0.525988
vt 0.994941 0.525140
vt 0.994941 0.525988
vt 0.995045 0.513264
vt 0.992501 0.514113
vt 0.992501 0.513264
vt 0.993956 0.745465
vt 0.994410 0.746313
vt 0.992501 0.746313
vt 0.995149 0.361247
vt 0.992501 0.358599
vt 0.995149 0.358599
vt 0.994612 0.550718
vt 0.992501 0.550718
vt 0.992501 0.549869
vt 0.992501 0.575317
vt 0.994612 0.574469
vt 0.994612 0.575317
vt 0.994410 0.737830
vt 0.992501 0.738678
vt 0.992501 0.737830
vt 0.993112 0.471699
vt 0.995072 0.472548
vt 0.992501 0.472548
vt 0.995150 0.348005
vt 0.992501 0.345357
vt 0.995150 0.345357
vt 0.992953 0.449683
vt 0.992501 0.448835
vt 0.995129 0.448835
vt 0.992501 0.460710
vt 0.995129 0.459862
vt 0.995129 0.460710
vt 0.995072 0.486120
vt 0.992501 0.486120
vt 0.992501 0.514113
vt 0.993773 0.514113
vt 0.995045 0.514961
vt 0.995149 0.390381
vt 0.992501 0.393029
vt 0.992501 0.390381
vt 0.994941 0.538712
vt 0.993721 0.538712
vt 0.992501 0.537864
vt 0.992501 0.539560
vt 0.994941 0.539560
vt 0.992501 0.514961
vt 0.995045 0.515809
vt 0.992501 0.515809
vt 0.992501 0.738678
vt 0.993956 0.738678
vt 0.994410 0.739527
vt 0.995149 0.350654
vt 0.992501 0.348005
vt 0.995149 0.348005
vt 0.994249 0.563442
vt 0.992501 0.562593
vt 0.994612 0.563442
vt 0.994410 0.739527
vt 0.992501 0.740375
vt 0.992501 0.739527
vt 0.994612 0.572772
vt 0.992501 0.571924
vt 0.994612 0.571924
vt 0.992501 0.472547
vt 0.993112 0.472547
vt 0.995072 0.473396
vt 0.995149 0.324169
vt 0.992501 0.321520
vt 0.992953 0.444593
vt 0.992501 0.443745
vt 0.995129 0.443745
vt 0.995072 0.482727
vt 0.992501 0.483575
vt 0.992501 0.482727
vt 0.992501 0.457317
vt 0.995129 0.456469
vt 0.995129 0.457317
vt 0.993773 0.510719
vt 0.995045 0.511568
vt 0.992501 0.393029
vt 0.995150 0.395678
vt 0.992501 0.395678
vt 0.992501 0.525988
vt 0.995045 0.515809
vt 0.992501 0.516657
vt 0.992501 0.544650
vt 0.994941 0.543802
vt 0.994941 0.544650
vt 0.994612 0.564290
vt 0.993003 0.564290
vt 0.992501 0.563442
vt 0.992501 0.361248
vt 0.995149 0.363896
vt 0.992501 0.363896
vt 0.992830 0.746313
vt 0.994410 0.747161
vt 0.992501 0.747161
vt 0.994410 0.747161
vt 0.992501 0.748010
vt 0.992501 0.747161
vt 0.992501 0.565138
vt 0.994612 0.564290
vt 0.994505 0.450531
vt 0.992501 0.449683
vt 0.995129 0.450531
vt 0.992501 0.324169
vt 0.995150 0.326817
vt 0.992501 0.326817
vt 0.992501 0.473396
vt 0.994630 0.473396
vt 0.995072 0.474244
vt 0.992501 0.483575
vt 0.995072 0.484423
vt 0.992501 0.484423
vt 0.992501 0.458166
vt 0.995129 0.457317
vt 0.995129 0.458166
vt 0.205949 0.928983
vt 0.206780 0.933160
vt 0.318992 0.932110
vt 0.319821 0.936288
vt 0.318992 0.936206
vt 0.204319 0.925048
vt 0.318193 0.940224
vt 0.201953 0.921506
vt 0.317360 0.944401
vt 0.316625 0.944008
vt 0.198941 0.918494
vt 0.314993 0.947942
vt 0.195399 0.916128
vt 0.311453 0.950310
vt 0.191222 0.915295
vt 0.191464 0.914498
vt 0.311981 0.950954
vt 0.308047 0.952586
vt 0.187287 0.913667
vt 0.304505 0.954951
vt 0.304263 0.954154
vt 0.183109 0.914496
vt 0.183027 0.913667
vt 0.300246 0.954953
vt 0.178850 0.914498
vt 0.300327 0.955782
vt 0.296149 0.954953
vt 0.174914 0.916128
vt 0.291890 0.954951
vt 0.292132 0.954154
vt 0.175307 0.916862
vt 0.171373 0.918494
vt 0.287955 0.953321
vt 0.288348 0.952586
vt 0.168361 0.921506
vt 0.284413 0.950954
vt 0.165995 0.925048
vt 0.282046 0.947414
vt 0.164365 0.928983
vt 0.281402 0.947942
vt 0.279770 0.944008
vt 0.163534 0.933160
vt 0.277405 0.940466
vt 0.278202 0.940224
vt 0.163534 0.937420
vt 0.277403 0.936206
vt 0.164365 0.941597
vt 0.276574 0.936288
vt 0.277403 0.932110
vt 0.166729 0.945140
vt 0.165995 0.945532
vt 0.277405 0.927851
vt 0.278202 0.928093
vt 0.168361 0.949074
vt 0.279035 0.923916
vt 0.279770 0.924309
vt 0.171373 0.952086
vt 0.282046 0.920903
vt 0.174914 0.954452
vt 0.281402 0.920374
vt 0.284942 0.918006
vt 0.179091 0.955285
vt 0.178850 0.956082
vt 0.284413 0.917363
vt 0.288348 0.915731
vt 0.183027 0.956913
vt 0.287955 0.914996
vt 0.292132 0.914163
vt 0.187287 0.956913
vt 0.296068 0.912535
vt 0.296149 0.913364
vt 0.191464 0.956082
vt 0.300246 0.913364
vt 0.195007 0.953718
vt 0.195399 0.954452
vt 0.300327 0.912535
vt 0.304263 0.914163
vt 0.198941 0.952086
vt 0.308440 0.914996
vt 0.308047 0.915731
vt 0.201953 0.949074
vt 0.204319 0.945532
vt 0.314993 0.920374
vt 0.314349 0.920903
vt 0.205152 0.941355
vt 0.205949 0.941597
vt 0.316625 0.924309
vt 0.319821 0.932029
vt 0.318193 0.928093
vt 0.318990 0.927851
vt 0.317360 0.923916
vt 0.206780 0.937420
vt 0.901519 0.505290
vt 0.955718 0.027689
vt 0.929657 0.041618
vt 0.915727 0.015558
vt 0.423510 0.813548
vt 0.415013 0.816520
vt 0.415013 0.813548
vt 0.423510 0.816520
vt 0.415013 0.820030
vt 0.423510 0.820030
vt 0.415013 0.823944
vt 0.423510 0.828110
vt 0.415013 0.828110
vt 0.415013 0.832369
vt 0.423510 0.832369
vt 0.415013 0.836557
vt 0.423510 0.836557
vt 0.415013 0.840513
vt 0.423510 0.840513
vt 0.415013 0.844086
vt 0.423510 0.844086
vt 0.415013 0.847137
vt 0.101532 0.948063
vt 0.093035 0.951573
vt 0.093035 0.948063
vt 0.101532 0.951573
vt 0.093035 0.955487
vt 0.101532 0.955487
vt 0.093035 0.959653
vt 0.101532 0.959653
vt 0.093035 0.963912
vt 0.101532 0.963912
vt 0.093035 0.968100
vt 0.101532 0.968100
vt 0.093035 0.972057
vt 0.101532 0.972057
vt 0.093035 0.975629
vt 0.901519 0.524930
vt 0.910016 0.521621
vt 0.910016 0.524930
vt 0.901519 0.521621
vt 0.910016 0.517852
vt 0.901519 0.517852
vt 0.910016 0.513768
vt 0.901519 0.513768
vt 0.910016 0.509526
vt 0.901519 0.509526
vt 0.910016 0.505290
vt 0.901519 0.501222
vt 0.910016 0.501222
vt 0.901519 0.497479
vt 0.910016 0.497479
vt 0.901519 0.494203
vt 0.910016 0.494203
vt 0.884525 0.524930
vt 0.893022 0.521621
vt 0.893022 0.524930
vt 0.884525 0.521621
vt 0.893022 0.517852
vt 0.884525 0.517852
vt 0.893022 0.513768
vt 0.884525 0.513768
vt 0.893022 0.509526
vt 0.884525 0.509526
vt 0.893022 0.505290
vt 0.893022 0.497479
vt 0.884525 0.494203
vt 0.893022 0.494203
vt 0.951914 0.063275
vt 0.956517 0.066918
vt 0.951914 0.066464
vt 0.884525 0.501222
vt 0.893022 0.501222
vt 0.950407 0.063423
vt 0.951291 0.060147
vt 0.956517 0.062822
vt 0.951291 0.069592
vt 0.954150 0.074719
vt 0.950071 0.072539
vt 0.951874 0.078125
vt 0.948299 0.075191
vt 0.946044 0.077446
vt 0.948978 0.081022
vt 0.943392 0.079218
vt 0.945572 0.083297
vt 0.941788 0.084865
vt 0.940445 0.080439
vt 0.937317 0.081061
vt 0.937770 0.085664
vt 0.933674 0.085664
vt 0.934128 0.081061
vt 0.929657 0.084865
vt 0.931000 0.080439
vt 0.925873 0.083297
vt 0.928053 0.079218
vt 0.922467 0.081022
vt 0.925401 0.077446
vt 0.923146 0.075191
vt 0.919570 0.078125
vt 0.921374 0.072539
vt 0.917295 0.074719
vt 0.915727 0.070935
vt 0.920153 0.069592
vt 0.914928 0.066918
vt 0.919531 0.066464
vt 0.914928 0.062822
vt 0.919531 0.063275
vt 0.920153 0.060147
vt 0.915727 0.058804
vt 0.917295 0.055020
vt 0.921374 0.057200
vt 0.919570 0.051614
vt 0.923146 0.054548
vt 0.925401 0.052293
vt 0.922467 0.048718
vt 0.928053 0.050521
vt 0.925873 0.046442
vt 0.931000 0.049301
vt 0.929657 0.044874
vt 0.934128 0.048678
vt 0.933674 0.044075
vt 0.937770 0.044075
vt 0.937317 0.048678
vt 0.940445 0.049301
vt 0.941788 0.044874
vt 0.945572 0.046442
vt 0.943392 0.050521
vt 0.948978 0.048718
vt 0.946044 0.052293
vt 0.948299 0.054548
vt 0.951874 0.051614
vt 0.950071 0.057200
vt 0.954150 0.055020
vt 0.955717 0.058804
vt 0.955718 0.070935
vt 0.948736 0.057914
vt 0.949842 0.060586
vt 0.947128 0.055509
vt 0.945083 0.053463
vt 0.942678 0.051856
vt 0.940006 0.050749
vt 0.934276 0.050185
vt 0.937169 0.050185
vt 0.928767 0.051856
vt 0.931439 0.050749
vt 0.926362 0.053463
vt 0.924316 0.055509
vt 0.921602 0.060586
vt 0.922709 0.057914
vt 0.921038 0.063423
vt 0.921038 0.066316
vt 0.922709 0.071825
vt 0.921602 0.069153
vt 0.926362 0.076276
vt 0.924316 0.074230
vt 0.931439 0.078990
vt 0.928767 0.077883
vt 0.937169 0.079554
vt 0.934276 0.079554
vt 0.942678 0.077883
vt 0.940006 0.078990
vt 0.947128 0.074230
vt 0.945083 0.076276
vt 0.949842 0.069153
vt 0.948736 0.071825
vt 0.950407 0.066316
vt 0.815583 0.609954
vt 0.982663 0.088275
vt 0.975884 0.085937
vt 0.982663 0.085716
vt 0.974650 0.287145
vt 0.981430 0.284412
vt 0.981430 0.287179
vt 0.815583 0.604373
vt 0.815583 0.607140
vt 0.982663 0.039510
vt 0.975884 0.036812
vt 0.982663 0.036968
vt 0.982663 0.104335
vt 0.975884 0.101886
vt 0.982663 0.102111
vt 0.815583 0.612706
vt 0.975884 0.083750
vt 0.982663 0.083468
vt 0.974650 0.290037
vt 0.981430 0.289993
vt 0.975884 0.034124
vt 0.982663 0.034205
vt 0.982663 0.099569
vt 0.975884 0.099413
vt 0.815583 0.615291
vt 0.815583 0.599399
vt 0.815583 0.601759
vt 0.981430 0.292745
vt 0.974650 0.292867
vt 0.975884 0.031326
vt 0.982663 0.031328
vt 0.975884 0.096725
vt 0.982663 0.096806
vt 0.815583 0.617610
vt 0.981430 0.295331
vt 0.974650 0.295524
vt 0.975884 0.028523
vt 0.982663 0.028448
vt 0.982663 0.093929
vt 0.975884 0.093927
vt 0.974650 0.277116
vt 0.981430 0.279439
vt 0.974650 0.279188
vt 0.981430 0.297650
vt 0.974650 0.297908
vt 0.975884 0.025826
vt 0.982663 0.025674
vt 0.982663 0.091049
vt 0.975884 0.091125
vt 0.981430 0.281799
vt 0.974650 0.281614
vt 0.974650 0.299927
vt 0.981430 0.299613
vt 0.982663 0.023115
vt 0.975884 0.023335
vt 0.975884 0.088427
vt 0.974650 0.284301
vt 0.975884 0.041449
vt 0.975884 0.039285
vt 0.982663 0.020867
vt 0.975884 0.021149
vt 0.844654 0.423482
vt 0.850999 0.425117
vt 0.844654 0.425117
vt 0.409761 0.958484
vt 0.411172 0.953831
vt 0.410835 0.957593
vt 0.407936 0.958121
vt 0.408412 0.953282
vt 0.407982 0.956928
vt 0.407895 0.954281
vt 0.404250 0.958484
vt 0.402839 0.953831
vt 0.405335 0.957015
vt 0.402532 0.957865
vt 0.401133 0.955616
vt 0.400984 0.960230
vt 0.397899 0.956471
vt 0.400283 0.959264
vt 0.395909 0.958461
vt 0.399669 0.961546
vt 0.395944 0.960153
vt 0.397923 0.964812
vt 0.393269 0.963400
vt 0.397032 0.963737
vt 0.397560 0.966637
vt 0.392720 0.966160
vt 0.396366 0.966590
vt 0.393719 0.966677
vt 0.396453 0.969237
vt 0.393269 0.971734
vt 0.393806 0.969324
vt 0.395054 0.973439
vt 0.397303 0.972041
vt 0.399669 0.973588
vt 0.395909 0.976673
vt 0.398702 0.974290
vt 0.400984 0.974904
vt 0.397899 0.978663
vt 0.399592 0.978628
vt 0.404250 0.976650
vt 0.402839 0.981303
vt 0.403176 0.977541
vt 0.406075 0.977013
vt 0.405598 0.981852
vt 0.406029 0.978206
vt 0.406115 0.980853
vt 0.409761 0.976650
vt 0.411172 0.981303
vt 0.408676 0.978119
vt 0.411479 0.977269
vt 0.412878 0.979518
vt 0.413027 0.974904
vt 0.416112 0.978663
vt 0.413728 0.975871
vt 0.418101 0.976673
vt 0.414342 0.973588
vt 0.418067 0.974981
vt 0.416088 0.970322
vt 0.420742 0.971734
vt 0.416979 0.971397
vt 0.416451 0.968497
vt 0.421291 0.968974
vt 0.417645 0.968544
vt 0.420292 0.968457
vt 0.417558 0.965897
vt 0.420742 0.963400
vt 0.420205 0.965810
vt 0.418957 0.961695
vt 0.416708 0.963093
vt 0.414342 0.961546
vt 0.418101 0.958461
vt 0.415309 0.960844
vt 0.416112 0.956471
vt 0.413027 0.960230
vt 0.414419 0.956506
vt 0.950532 0.896335
vt 0.947074 0.907734
vt 0.935676 0.904276
vt 0.884900 0.138305
vt 0.878555 0.139638
vt 0.878555 0.138305
vt 0.850999 0.426894
vt 0.844654 0.426894
vt 0.878555 0.136745
vt 0.884900 0.136745
vt 0.850999 0.428745
vt 0.844654 0.428745
vt 0.884900 0.135017
vt 0.878555 0.135017
vt 0.850999 0.430598
vt 0.844654 0.430598
vt 0.884900 0.133187
vt 0.878555 0.133187
vt 0.850999 0.432381
vt 0.844654 0.432381
vt 0.878555 0.131327
vt 0.884900 0.131327
vt 0.850999 0.434028
vt 0.844654 0.434028
vt 0.878555 0.129507
vt 0.884900 0.129507
vt 0.850999 0.435474
vt 0.844654 0.435474
vt 0.825618 0.426894
vt 0.831963 0.425117
vt 0.831963 0.426894
vt 0.884900 0.127797
vt 0.878555 0.127797
vt 0.824827 0.698738
vt 0.818482 0.697177
vt 0.824827 0.697177
vt 0.831963 0.428745
vt 0.825618 0.428745
vt 0.878555 0.126264
vt 0.884900 0.126264
vt 0.818482 0.695449
vt 0.824827 0.695449
vt 0.831963 0.430598
vt 0.884900 0.124966
vt 0.878555 0.124966
vt 0.818482 0.693619
vt 0.824827 0.693619
vt 0.825618 0.422051
vt 0.831963 0.423482
vt 0.818482 0.691759
vt 0.824827 0.691759
vt 0.831963 0.434028
vt 0.824827 0.689939
vt 0.818482 0.689939
vt 0.825618 0.435474
vt 0.818482 0.688230
vt 0.824827 0.688230
vt 0.844654 0.422051
vt 0.850999 0.423482
vt 0.824827 0.686696
vt 0.818482 0.686696
vt 0.949615 0.894962
vt 0.949125 0.892969
vt 0.950441 0.894285
vt 0.947074 0.892878
vt 0.948447 0.893795
vt 0.945859 0.891223
vt 0.947578 0.891935
vt 0.945549 0.892246
vt 0.944034 0.890860
vt 0.942278 0.891923
vt 0.943929 0.891923
vt 0.940349 0.891223
vt 0.942173 0.890860
vt 0.939133 0.892878
vt 0.940659 0.892246
vt 0.937760 0.893795
vt 0.938630 0.891935
vt 0.935767 0.894285
vt 0.937083 0.892969
vt 0.935676 0.896335
vt 0.936593 0.894962
vt 0.934021 0.897551
vt 0.934733 0.895832
vt 0.935044 0.897861
vt 0.933658 0.899375
vt 0.934721 0.901131
vt 0.934721 0.899480
vt 0.935044 0.902751
vt 0.933658 0.901236
vt 0.934021 0.903061
vt 0.936593 0.905649
vt 0.934733 0.904780
vt 0.937760 0.906817
vt 0.935767 0.906327
vt 0.939133 0.907734
vt 0.937083 0.907643
vt 0.940659 0.908366
vt 0.938630 0.908676
vt 0.942173 0.909751
vt 0.940349 0.909388
vt 0.943929 0.908688
vt 0.942278 0.908688
vt 0.945859 0.909388
vt 0.944034 0.909751
vt 0.945549 0.908366
vt 0.947578 0.908676
vt 0.948447 0.906817
vt 0.950441 0.906327
vt 0.949125 0.907643
vt 0.950532 0.904276
vt 0.949615 0.905649
vt 0.952186 0.903061
vt 0.951474 0.904780
vt 0.951486 0.901131
vt 0.951164 0.902751
vt 0.951486 0.899480
vt 0.952549 0.901236
vt 0.951164 0.897861
vt 0.952549 0.899375
vt 0.951474 0.895832
vt 0.952186 0.897551
vt 0.992501 0.540409
vt 0.993721 0.539560
vt 0.992501 0.395678
vt 0.995150 0.398326
vt 0.992501 0.398326
vt 0.995045 0.501388
vt 0.993773 0.502237
vt 0.992501 0.502237
vt 0.995045 0.494602
vt 0.992501 0.495451
vt 0.992501 0.494602
vt 0.994941 0.520899
vt 0.992501 0.520050
vt 0.994941 0.520050
vt 0.994612 0.554111
vt 0.992501 0.553262
vt 0.993003 0.553262
vt 0.995149 0.326817
vt 0.992501 0.329466
vt 0.992501 0.326817
vt 0.992501 0.724257
vt 0.994410 0.725105
vt 0.992501 0.569379
vt 0.994612 0.569379
vt 0.992501 0.731892
vt 0.994410 0.732740
vt 0.992501 0.732740
vt 0.992501 0.442897
vt 0.994504 0.442897
vt 0.995149 0.329466
vt 0.992501 0.332114
vt 0.992501 0.329466
vt 0.995072 0.465761
vt 0.992501 0.453924
vt 0.995129 0.453924
vt 0.992501 0.481030
vt 0.995072 0.480182
vt 0.995072 0.481030
vt 0.994941 0.535319
vt 0.992501 0.534471
vt 0.993721 0.534471
vt 0.995149 0.398326
vt 0.992501 0.400975
vt 0.992501 0.398326
vt 0.995045 0.499692
vt 0.993773 0.500540
vt 0.992501 0.500540
vt 0.992501 0.535319
vt 0.995045 0.509023
vt 0.995045 0.509871
vt 0.992501 0.743768
vt 0.994410 0.744616
vt 0.993956 0.744616
vt 0.992501 0.424811
vt 0.995150 0.422162
vt 0.995150 0.424811
vt 0.992501 0.549869
vt 0.994249 0.549021
vt 0.994612 0.560048
vt 0.992501 0.559200
vt 0.994612 0.559200
vt 0.992501 0.736982
vt 0.994410 0.736133
vt 0.994410 0.736982
vt 0.992501 0.474244
vt 0.995072 0.475092
vt 0.993112 0.475092
vt 0.992501 0.403623
vt 0.995150 0.400975
vt 0.995150 0.403623
vt 0.992501 0.447986
vt 0.992953 0.447986
vt 0.995129 0.459014
vt 0.995129 0.458166
vt 0.995072 0.481030
vt 0.992501 0.481878
vt 0.992501 0.481030
vt 0.995045 0.502237
vt 0.993773 0.503085
vt 0.992501 0.503085
vt 0.995150 0.406272
vt 0.992501 0.403623
vt 0.995150 0.403623
vt 0.992501 0.541257
vt 0.993721 0.540409
vt 0.994941 0.540409
vt 0.994941 0.531926
vt 0.992501 0.531078
vt 0.994941 0.531078
vt 0.995045 0.503085
vt 0.992501 0.503933
vt 0.992501 0.503085
vt 0.993956 0.733588
vt 0.992501 0.733588
vt 0.992501 0.408920
vt 0.995149 0.406272
vt 0.995149 0.408920
vt 0.994612 0.554111
vt 0.992501 0.554959
vt 0.992501 0.554111
vt 0.992501 0.748858
vt 0.994410 0.748010
vt 0.994410 0.748858
vt 0.992501 0.566835
vt 0.994613 0.565986
vt 0.994613 0.566835
vt 0.995072 0.464065
vt 0.993112 0.464913
vt 0.992501 0.464913
vt 0.992501 0.334763
vt 0.995149 0.332114
vt 0.995149 0.334763
vt 0.995129 0.438656
vt 0.992501 0.437807
vt 0.992953 0.437807
vt 0.995072 0.478485
vt 0.992501 0.478485
vt 0.995129 0.452228
vt 0.992501 0.451380
vt 0.995129 0.451380
vt 0.995045 0.497995
vt 0.993773 0.498844
vt 0.992501 0.498844
vt 0.992501 0.411569
vt 0.995149 0.408920
vt 0.995149 0.411569
vt 0.994941 0.528533
vt 0.992501 0.527685
vt 0.993721 0.527685
vt 0.995045 0.504782
vt 0.992501 0.504782
vt 0.994941 0.532774
vt 0.992501 0.531926
vt 0.992501 0.560897
vt 0.993003 0.560048
vt 0.994612 0.560048
vt 0.995150 0.363896
vt 0.992501 0.366545
vt 0.992501 0.363896
vt 0.994410 0.734437
vt 0.992830 0.734437
vt 0.992501 0.749706
vt 0.994410 0.748858
vt 0.994410 0.749706
vt 0.994612 0.555807
vt 0.994612 0.554959
vt 0.994505 0.445442
vt 0.995129 0.446290
vt 0.992501 0.445442
vt 0.995150 0.424811
vt 0.992501 0.427459
vt 0.992501 0.424811
vt 0.995072 0.469154
vt 0.994630 0.470003
vt 0.992501 0.470003
vt 0.995072 0.486120
vt 0.992501 0.486968
vt 0.992501 0.486120
vt 0.995129 0.456469
vt 0.992501 0.455621
vt 0.995129 0.455621
vt 0.957345 0.066999
vt 0.957345 0.062740
vt 0.955718 0.015558
vt 0.957346 0.019493
vt 0.956517 0.019575
vt 0.954885 0.011381
vt 0.956515 0.015316
vt 0.954885 0.075112
vt 0.956515 0.071177
vt 0.954150 0.011773
vt 0.952518 0.007839
vt 0.952518 0.078654
vt 0.948978 0.005471
vt 0.951874 0.008368
vt 0.945572 0.003196
vt 0.949506 0.004827
vt 0.945965 0.084032
vt 0.949506 0.081665
vt 0.941788 0.001628
vt 0.945965 0.002461
vt 0.937770 0.000829
vt 0.942030 0.000831
vt 0.937852 0.086493
vt 0.942030 0.085662
vt 0.933593 -0.000000
vt 0.937852 -0.000000
vt 0.933593 0.086493
vt 0.929657 0.001628
vt 0.933674 0.000829
vt 0.925873 0.003196
vt 0.929415 0.000831
vt 0.925480 0.084032
vt 0.929415 0.085662
vt 0.921938 0.004827
vt 0.925480 0.002461
vt 0.921938 0.081665
vt 0.922467 0.005471
vt 0.918927 0.007839
vt 0.917295 0.011773
vt 0.919570 0.008368
vt 0.918926 0.078654
vt 0.916560 0.011381
vt 0.914930 0.071177
vt 0.916560 0.075112
vt 0.914928 0.019575
vt 0.914930 0.015316
vt 0.914099 0.066999
vt 0.914099 0.023753
vt 0.914099 0.019493
vt 0.915727 0.027689
vt 0.914928 0.023671
vt 0.914099 0.062740
vt 0.916560 0.031866
vt 0.914930 0.027930
vt 0.914930 0.058562
vt 0.917295 0.031473
vt 0.918927 0.035407
vt 0.918926 0.051086
vt 0.916560 0.054627
vt 0.922467 0.037775
vt 0.919570 0.034879
vt 0.921938 0.048074
vt 0.925873 0.040051
vt 0.921938 0.038419
vt 0.925480 0.040785
vt 0.929415 0.044077
vt 0.925480 0.045707
vt 0.933674 0.042417
vt 0.929415 0.042415
vt 0.937852 0.043246
vt 0.933593 0.043246
vt 0.937852 0.043246
vt 0.933593 0.043246
vt 0.941788 0.041618
vt 0.937770 0.042417
vt 0.945965 0.040785
vt 0.942030 0.042415
vt 0.945965 0.045707
vt 0.942030 0.044077
vt 0.945572 0.040051
vt 0.949506 0.038419
vt 0.949506 0.048074
vt 0.948978 0.037775
vt 0.952518 0.035407
vt 0.954150 0.031473
vt 0.951874 0.034879
vt 0.952518 0.051086
vt 0.954885 0.031866
vt 0.956517 0.023671
vt 0.956515 0.027930
vt 0.956515 0.058562
vt 0.954885 0.054627
vt 0.884525 0.505290
vt 0.948978 0.091964
vt 0.951874 0.121372
vt 0.922467 0.124268
vt 0.330794 0.849263
vt 0.322297 0.846291
vt 0.330794 0.846291
vt 0.330794 0.852773
vt 0.322297 0.849263
vt 0.330794 0.856686
vt 0.322297 0.852773
vt 0.330794 0.860853
vt 0.322297 0.856686
vt 0.330794 0.865112
vt 0.322297 0.860853
vt 0.330794 0.869300
vt 0.322297 0.865112
vt 0.330794 0.873256
vt 0.322297 0.869300
vt 0.330794 0.876828
vt 0.322297 0.873256
vt 0.330794 0.879879
vt 0.322297 0.876828
vt 0.975642 0.702822
vt 0.967145 0.699312
vt 0.975642 0.699312
vt 0.975642 0.706736
vt 0.967145 0.702822
vt 0.975642 0.710902
vt 0.967145 0.706736
vt 0.975642 0.715161
vt 0.967145 0.710902
vt 0.975642 0.719349
vt 0.967145 0.715161
vt 0.975642 0.723305
vt 0.967145 0.719349
vt 0.975642 0.726878
vt 0.967145 0.723305
vt 0.322297 0.907297
vt 0.330794 0.910607
vt 0.322297 0.910607
vt 0.322297 0.903528
vt 0.330794 0.907297
vt 0.322297 0.899444
vt 0.330794 0.903528
vt 0.322297 0.895202
vt 0.330794 0.899444
vt 0.330794 0.890966
vt 0.330794 0.895202
vt 0.322297 0.886898
vt 0.322297 0.890966
vt 0.322297 0.883155
vt 0.330794 0.886898
vt 0.322297 0.879879
vt 0.330794 0.883155
vt 0.209938 0.917904
vt 0.218434 0.921214
vt 0.209938 0.921214
vt 0.209938 0.914135
vt 0.218434 0.917904
vt 0.209938 0.910052
vt 0.218434 0.914135
vt 0.209938 0.905810
vt 0.218434 0.910052
vt 0.209938 0.901574
vt 0.218434 0.905810
vt 0.209938 0.890487
vt 0.218434 0.893762
vt 0.209938 0.893762
vt 0.949646 0.853085
vt 0.948967 0.858916
vt 0.946712 0.856660
vt 0.218434 0.897506
vt 0.209938 0.897506
vt 0.947796 0.859876
vt 0.950739 0.861568
vt 0.949404 0.862281
vt 0.952542 0.855981
vt 0.942456 0.849242
vt 0.944060 0.854888
vt 0.941113 0.853668
vt 0.938438 0.848443
vt 0.937985 0.853046
vt 0.934796 0.853046
vt 0.931668 0.853668
vt 0.934342 0.848443
vt 0.926541 0.850809
vt 0.928721 0.854888
vt 0.923135 0.853085
vt 0.926069 0.856660
vt 0.920238 0.855981
vt 0.923814 0.858916
vt 0.922042 0.861568
vt 0.916395 0.863172
vt 0.920821 0.864514
vt 0.915596 0.867189
vt 0.920199 0.867642
vt 0.920199 0.870832
vt 0.920821 0.873960
vt 0.915596 0.871285
vt 0.917963 0.879087
vt 0.922042 0.876906
vt 0.920238 0.882493
vt 0.923814 0.879558
vt 0.923135 0.885389
vt 0.926069 0.881814
vt 0.926541 0.887665
vt 0.928721 0.883585
vt 0.930325 0.889232
vt 0.931668 0.884806
vt 0.934342 0.890031
vt 0.934796 0.885428
vt 0.937985 0.885428
vt 0.941113 0.884806
vt 0.938438 0.890031
vt 0.946240 0.887665
vt 0.944060 0.883585
vt 0.946712 0.881814
vt 0.952542 0.882493
vt 0.948967 0.879558
vt 0.950739 0.876906
vt 0.956385 0.875302
vt 0.951959 0.873960
vt 0.957185 0.871285
vt 0.952582 0.870832
vt 0.952582 0.867642
vt 0.951959 0.864514
vt 0.957185 0.867189
vt 0.954818 0.859387
vt 0.946240 0.850809
vt 0.950510 0.864954
vt 0.951075 0.867791
vt 0.951075 0.870683
vt 0.950510 0.873520
vt 0.949404 0.876193
vt 0.947796 0.878598
vt 0.945751 0.880643
vt 0.943346 0.882250
vt 0.940674 0.883357
vt 0.937837 0.883921
vt 0.934944 0.883921
vt 0.932107 0.883357
vt 0.929435 0.882250
vt 0.927029 0.880643
vt 0.924984 0.878598
vt 0.923377 0.876193
vt 0.922270 0.873520
vt 0.921706 0.870683
vt 0.921706 0.867791
vt 0.922270 0.864954
vt 0.923377 0.862281
vt 0.924984 0.859876
vt 0.927029 0.857831
vt 0.929435 0.856224
vt 0.932107 0.855117
vt 0.934944 0.854553
vt 0.937837 0.854553
vt 0.940674 0.855117
vt 0.943346 0.856224
vt 0.945751 0.857831
vt 0.815583 0.609954
vt 0.822363 0.607106
vt 0.822363 0.609998
vt 0.975961 0.497148
vt 0.982740 0.499859
vt 0.975961 0.499708
vt 0.974303 0.685520
vt 0.981082 0.682642
vt 0.981082 0.685486
vt 0.815583 0.604373
vt 0.822363 0.604262
vt 0.982663 0.057679
vt 0.975884 0.060377
vt 0.975884 0.057835
vt 0.975961 0.513543
vt 0.982740 0.515482
vt 0.975961 0.515767
vt 0.822363 0.612828
vt 0.975961 0.494900
vt 0.982740 0.497369
vt 0.974303 0.688334
vt 0.981082 0.688378
vt 0.975884 0.055072
vt 0.975961 0.511001
vt 0.982740 0.513318
vt 0.822363 0.615485
vt 0.822363 0.599149
vt 0.822363 0.601575
vt 0.974303 0.691086
vt 0.981082 0.691208
vt 0.982663 0.052193
vt 0.975884 0.052195
vt 0.982740 0.508157
vt 0.975961 0.508238
vt 0.822363 0.617869
vt 0.815583 0.615291
vt 0.974303 0.693671
vt 0.981082 0.693865
vt 0.982663 0.049390
vt 0.975884 0.049315
vt 0.982740 0.505359
vt 0.975961 0.505361
vt 0.981082 0.677529
vt 0.974303 0.675764
vt 0.981082 0.675457
vt 0.974303 0.695990
vt 0.981082 0.696249
vt 0.982663 0.046693
vt 0.975884 0.046541
vt 0.982740 0.502557
vt 0.975961 0.502481
vt 0.981082 0.679955
vt 0.974303 0.677779
vt 0.974303 0.697954
vt 0.981082 0.698267
vt 0.982663 0.044202
vt 0.975884 0.043982
vt 0.974303 0.680140
vt 0.982663 0.062316
vt 0.975884 0.062601
vt 0.982663 0.042016
vt 0.975884 0.041734
vt 0.910281 0.126397
vt 0.910281 0.128032
vt 0.819063 0.965049
vt 0.820284 0.966222
vt 0.815445 0.966698
vt 0.815445 0.968559
vt 0.816624 0.968746
vt 0.820284 0.969035
vt 0.818602 0.971927
vt 0.818658 0.974395
vt 0.814369 0.972103
vt 0.814642 0.973909
vt 0.813336 0.973650
vt 0.812831 0.975842
vt 0.814764 0.977653
vt 0.815105 0.978724
vt 0.812020 0.974965
vt 0.812766 0.980288
vt 0.810473 0.975999
vt 0.810344 0.977389
vt 0.808578 0.980692
vt 0.807406 0.981914
vt 0.806929 0.977074
vt 0.805069 0.977074
vt 0.804881 0.978254
vt 0.804592 0.981914
vt 0.802302 0.977652
vt 0.801701 0.980232
vt 0.799232 0.980288
vt 0.797908 0.978204
vt 0.799718 0.976271
vt 0.797785 0.974461
vt 0.795975 0.976394
vt 0.794903 0.976735
vt 0.798662 0.973650
vt 0.793340 0.974395
vt 0.797628 0.972103
vt 0.796238 0.971973
vt 0.792935 0.970208
vt 0.791714 0.969035
vt 0.796553 0.968559
vt 0.796553 0.966698
vt 0.795374 0.966511
vt 0.791714 0.966222
vt 0.793396 0.963330
vt 0.793340 0.960862
vt 0.797628 0.963154
vt 0.797356 0.961348
vt 0.798662 0.961607
vt 0.799167 0.959415
vt 0.797234 0.957604
vt 0.796893 0.956532
vt 0.799978 0.960292
vt 0.799232 0.954969
vt 0.801525 0.959258
vt 0.801654 0.957868
vt 0.803420 0.954565
vt 0.804592 0.953343
vt 0.805069 0.958183
vt 0.806929 0.958183
vt 0.807117 0.957003
vt 0.807406 0.953343
vt 0.809696 0.957605
vt 0.810297 0.955025
vt 0.812766 0.954969
vt 0.814090 0.957053
vt 0.812280 0.958986
vt 0.814213 0.960796
vt 0.816023 0.958863
vt 0.817095 0.958522
vt 0.814369 0.963154
vt 0.813336 0.961607
vt 0.815760 0.963284
vt 0.818658 0.960862
vt 0.952101 0.507029
vt 0.957716 0.517534
vt 0.947211 0.523149
vt 0.897590 0.138305
vt 0.910281 0.129809
vt 0.897590 0.136745
vt 0.891245 0.136745
vt 0.910281 0.131659
vt 0.891245 0.135017
vt 0.910281 0.133512
vt 0.897590 0.133187
vt 0.910281 0.135296
vt 0.897590 0.131327
vt 0.910281 0.136942
vt 0.897590 0.129507
vt 0.910281 0.138388
vt 0.897590 0.127797
vt 0.891245 0.127797
vt 0.831172 0.697177
vt 0.824827 0.698738
vt 0.897590 0.126264
vt 0.891245 0.126264
vt 0.831172 0.695449
vt 0.891245 0.124966
vt 0.838309 0.432382
vt 0.844654 0.432382
vt 0.831172 0.693619
vt 0.831172 0.691759
vt 0.838309 0.435474
vt 0.831172 0.689939
vt 0.910281 0.124966
vt 0.831172 0.688230
vt 0.956993 0.509068
vt 0.957084 0.511119
vt 0.956167 0.509746
vt 0.958027 0.510615
vt 0.957716 0.512644
vt 0.958739 0.512334
vt 0.958038 0.514264
vt 0.959102 0.514159
vt 0.958038 0.515915
vt 0.958739 0.517844
vt 0.957084 0.519060
vt 0.956993 0.521110
vt 0.956167 0.520433
vt 0.954999 0.521600
vt 0.954130 0.523460
vt 0.953627 0.522517
vt 0.952411 0.524172
vt 0.952101 0.523149
vt 0.950586 0.524535
vt 0.950482 0.523471
vt 0.948830 0.523471
vt 0.948726 0.524535
vt 0.945182 0.523460
vt 0.945686 0.522517
vt 0.943635 0.522426
vt 0.944313 0.521600
vt 0.942319 0.521110
vt 0.943145 0.520433
vt 0.941286 0.519563
vt 0.942228 0.519060
vt 0.941596 0.517534
vt 0.940574 0.517844
vt 0.941274 0.515915
vt 0.940211 0.516019
vt 0.941274 0.514264
vt 0.940211 0.514159
vt 0.941596 0.512644
vt 0.940574 0.512334
vt 0.942228 0.511119
vt 0.942319 0.509068
vt 0.943145 0.509746
vt 0.944313 0.508578
vt 0.945182 0.506719
vt 0.945686 0.507661
vt 0.947211 0.507029
vt 0.948726 0.505644
vt 0.948830 0.506707
vt 0.950482 0.506707
vt 0.952411 0.506007
vt 0.953627 0.507661
vt 0.955677 0.507752
vt 0.954999 0.508578
vt 0.994941 0.533623
vt 0.993721 0.533623
vt 0.992501 0.532774
vt 0.992501 0.419514
vt 0.995149 0.416865
vt 0.995149 0.419514
vt 0.992501 0.504782
vt 0.993773 0.504782
vt 0.995045 0.505630
vt 0.992501 0.490361
vt 0.995045 0.491209
vt 0.992501 0.521747
vt 0.994941 0.521747
vt 0.993003 0.556655
vt 0.992501 0.555807
vt 0.992501 0.369193
vt 0.995149 0.366544
vt 0.995149 0.369193
vt 0.992830 0.734437
vt 0.994410 0.735285
vt 0.992501 0.735285
vt 0.994612 0.567683
vt 0.992501 0.566835
vt 0.994612 0.566835
vt 0.994410 0.749706
vt 0.992501 0.750555
vt 0.992501 0.749706
vt 0.994504 0.447138
vt 0.992501 0.446290
vt 0.992501 0.427459
vt 0.995149 0.430108
vt 0.992501 0.430108
vt 0.992501 0.470003
vt 0.994630 0.470003
vt 0.995072 0.470851
vt 0.992501 0.453076
vt 0.995129 0.453076
vt 0.995072 0.486968
vt 0.992501 0.487816
vt 0.992501 0.486968
vt 0.993721 0.534471
vt 0.992501 0.533623
vt 0.994941 0.533623
vt 0.995150 0.414217
vt 0.992501 0.411569
vt 0.995150 0.411569
vt 0.992501 0.505630
vt 0.993773 0.505630
vt 0.995045 0.506478
vt 0.992501 0.522595
vt 0.994941 0.521747
vt 0.994941 0.522595
vt 0.995045 0.506478
vt 0.992501 0.507326
vt 0.992501 0.506478
vt 0.993956 0.735285
vt 0.994410 0.736133
vt 0.992501 0.736133
vt 0.995150 0.369193
vt 0.992501 0.371842
vt 0.992501 0.369193
vt 0.994612 0.557504
vt 0.994249 0.557504
vt 0.992501 0.556655
vt 0.992501 0.573621
vt 0.994612 0.572772
vt 0.994612 0.573621
vt 0.994410 0.741223
vt 0.992501 0.742072
vt 0.993112 0.475092
vt 0.992501 0.475941
vt 0.995149 0.337411
vt 0.992501 0.334763
vt 0.995149 0.334763
vt 0.992953 0.439504
vt 0.992501 0.438656
vt 0.995129 0.438656
vt 0.992501 0.461559
vt 0.995129 0.460710
vt 0.995129 0.461559
vt 0.992501 0.487816
vt 0.995072 0.488665
vt 0.992501 0.488665
vt 0.992501 0.507326
vt 0.993773 0.507326
vt 0.995045 0.508175
vt 0.992501 0.422162
vt 0.994941 0.542105
vt 0.993721 0.542105
vt 0.992501 0.542954
vt 0.994941 0.542105
vt 0.994941 0.542954
vt 0.995045 0.517506
vt 0.992501 0.517506
vt 0.992501 0.727650
vt 0.993956 0.727650
vt 0.994410 0.728499
vt 0.995149 0.430108
vt 0.992501 0.432756
vt 0.992501 0.430108
vt 0.994249 0.558352
vt 0.992501 0.557504
vt 0.994410 0.742072
vt 0.992501 0.742920
vt 0.992501 0.742072
vt 0.994612 0.568531
vt 0.992501 0.567683
vt 0.994612 0.567683
vt 0.992501 0.478485
vt 0.993112 0.478485
vt 0.995072 0.479334
vt 0.995149 0.374490
vt 0.992501 0.371841
vt 0.995149 0.371841
vt 0.992953 0.440352
vt 0.992501 0.439504
vt 0.995129 0.439504
vt 0.995072 0.488665
vt 0.992501 0.489513
vt 0.992501 0.488665
vt 0.992501 0.459862
vt 0.995129 0.459862
vt 0.992501 0.508175
vt 0.993773 0.508175
vt 0.992501 0.414217
vt 0.995150 0.416866
vt 0.992501 0.416866
vt 0.993721 0.529381
vt 0.992501 0.528533
vt 0.995045 0.495451
vt 0.992501 0.496299
vt 0.992501 0.495451
vt 0.992501 0.543802
vt 0.994941 0.543802
vt 0.994612 0.569379
vt 0.992501 0.568531
vt 0.992501 0.340060
vt 0.995149 0.337411
vt 0.995149 0.340060
vt 0.992830 0.742920
vt 0.994410 0.743768
vt 0.992501 0.743768
vt 0.994410 0.750555
vt 0.992501 0.751403
vt 0.992501 0.750555
vt 0.992501 0.574469
vt 0.994612 0.574469
vt 0.994505 0.442897
vt 0.992501 0.442049
vt 0.995129 0.442897
vt 0.992501 0.340060
vt 0.995149 0.342708
vt 0.992501 0.342708
vt 0.992501 0.470851
vt 0.994630 0.470851
vt 0.995072 0.471699
vt 0.992501 0.479334
vt 0.992501 0.480182
vt 0.992501 0.453924
vt 0.995129 0.453076
vt 0.995129 0.453924
vt 0.950174 0.852441
vt 0.953186 0.855453
vt 0.957346 0.105986
vt 0.956517 0.110164
vt 0.956517 0.106068
vt 0.946633 0.850075
vt 0.957346 0.110246
vt 0.955718 0.114181
vt 0.942698 0.848445
vt 0.956515 0.114423
vt 0.954150 0.117966
vt 0.938520 0.847614
vt 0.954885 0.118358
vt 0.934261 0.847614
vt 0.949506 0.124912
vt 0.948978 0.124268
vt 0.930083 0.848445
vt 0.945572 0.126544
vt 0.930325 0.849242
vt 0.926148 0.850075
vt 0.945965 0.127278
vt 0.941788 0.128111
vt 0.922606 0.852441
vt 0.937852 0.129739
vt 0.937770 0.128910
vt 0.919594 0.855453
vt 0.933674 0.128910
vt 0.917963 0.859387
vt 0.917228 0.858995
vt 0.929415 0.128908
vt 0.929657 0.128111
vt 0.915598 0.862930
vt 0.925480 0.127278
vt 0.925873 0.126544
vt 0.914767 0.867107
vt 0.914767 0.871367
vt 0.918927 0.121900
vt 0.919570 0.121372
vt 0.916395 0.875302
vt 0.915598 0.875544
vt 0.917295 0.117966
vt 0.917228 0.879479
vt 0.914930 0.114423
vt 0.915727 0.114181
vt 0.919594 0.883021
vt 0.914099 0.110246
vt 0.914928 0.110164
vt 0.922606 0.886033
vt 0.914928 0.106068
vt 0.926148 0.888399
vt 0.914099 0.105986
vt 0.915727 0.102050
vt 0.930083 0.890029
vt 0.916560 0.097874
vt 0.917295 0.098266
vt 0.934261 0.890860
vt 0.919570 0.094860
vt 0.938520 0.890860
vt 0.921938 0.091320
vt 0.922467 0.091964
vt 0.942456 0.889232
vt 0.942698 0.890029
vt 0.925873 0.089688
vt 0.946633 0.888399
vt 0.925480 0.088954
vt 0.929657 0.088121
vt 0.950174 0.886033
vt 0.933593 0.086493
vt 0.933674 0.087322
vt 0.953186 0.883021
vt 0.937770 0.087322
vt 0.954818 0.879087
vt 0.955553 0.879479
vt 0.937852 0.086493
vt 0.941788 0.088121
vt 0.957183 0.875544
vt 0.945965 0.088954
vt 0.945572 0.089688
vt 0.958013 0.871367
vt 0.958013 0.867107
vt 0.952518 0.094332
vt 0.951874 0.094860
vt 0.956385 0.863172
vt 0.957183 0.862930
vt 0.954150 0.098266
vt 0.955718 0.102050
vt 0.956515 0.101809
vt 0.954885 0.097874
vt 0.955553 0.858995
vt 0.218434 0.901574
vt 0.993315 0.975385
vt 0.992501 0.974893
vt 0.993315 0.974893
vt 0.993035 0.986194
vt 0.992501 0.985660
vt 0.993035 0.985660
vt 0.993315 0.969912
vt 0.992501 0.969399
vt 0.993315 0.969399
vt 0.993315 0.967861
vt 0.992501 0.967348
vt 0.993315 0.967348
vt 0.992501 0.971450
vt 0.993315 0.971942
vt 0.992501 0.971942
vt 0.993315 0.977513
vt 0.992501 0.977088
vt 0.993315 0.977088
vt 0.992501 0.984058
vt 0.993035 0.984592
vt 0.992501 0.984592
vt 0.993315 0.981099
vt 0.992501 0.980714
vt 0.993315 0.980714
vt 0.992501 0.975811
vt 0.993315 0.976237
vt 0.992501 0.976237
vt 0.993315 0.979560
vt 0.992501 0.979175
vt 0.993315 0.979175
vt 0.993315 0.962142
vt 0.992501 0.961613
vt 0.993315 0.961613
vt 0.992501 0.983525
vt 0.993035 0.984058
vt 0.992501 0.984058
vt 0.992501 0.966830
vt 0.993315 0.966830
vt 0.992501 0.958964
vt 0.993315 0.959494
vt 0.992501 0.959494
vt 0.993315 0.964238
vt 0.992501 0.963720
vt 0.993315 0.963720
vt 0.993315 0.973910
vt 0.992501 0.973418
vt 0.993315 0.973418
vt 0.992501 0.986194
vt 0.993035 0.986728
vt 0.992501 0.986728
vt 0.993315 0.970425
vt 0.992501 0.969912
vt 0.993315 0.969912
vt 0.992501 0.972434
vt 0.993315 0.972926
vt 0.992501 0.972926
vt 0.993315 0.968374
vt 0.992501 0.967861
vt 0.993315 0.967861
vt 0.992501 0.981099
vt 0.993315 0.981484
vt 0.992501 0.981484
vt 0.992501 0.986728
vt 0.993035 0.987262
vt 0.992501 0.987262
vt 0.992501 0.977939
vt 0.993315 0.978365
vt 0.992501 0.978365
vt 0.992501 0.975385
vt 0.993315 0.975811
vt 0.992501 0.975811
vt 0.993315 0.979175
vt 0.992501 0.978790
vt 0.993315 0.978790
vt 0.992501 0.965793
vt 0.993315 0.966311
vt 0.992501 0.966311
vt 0.992501 0.988863
vt 0.993035 0.989397
vt 0.992501 0.989397
vt 0.992501 0.962672
vt 0.993315 0.963202
vt 0.992501 0.963202
vt 0.992501 0.959494
vt 0.993315 0.960023
vt 0.992501 0.960023
vt 0.993315 0.964757
vt 0.992501 0.964238
vt 0.992501 0.970425
vt 0.993315 0.970938
vt 0.992501 0.970938
vt 0.992501 0.987262
vt 0.993035 0.987795
vt 0.992501 0.987795
vt 0.992501 0.973910
vt 0.993315 0.974402
vt 0.992501 0.974402
vt 0.992501 0.972926
vt 0.992501 0.968886
vt 0.993315 0.968886
vt 0.992501 0.980330
vt 0.993315 0.980714
vt 0.992501 0.980714
vt 0.993035 0.989931
vt 0.993035 0.989397
vt 0.992501 0.978365
vt 0.993315 0.978790
vt 0.992501 0.978790
vt 0.993315 0.979945
vt 0.992501 0.979560
vt 0.993315 0.979560
vt 0.993315 0.976662
vt 0.992501 0.976662
vt 0.992501 0.966311
vt 0.993035 0.988329
vt 0.992501 0.987795
vt 0.993035 0.987795
vt 0.992501 0.962142
vt 0.993315 0.962672
vt 0.992501 0.963202
vt 0.993315 0.963202
vt 0.992501 0.960023
vt 0.993315 0.960553
vt 0.992501 0.960553
vt 0.992501 0.970938
vt 0.993315 0.971450
vt 0.992501 0.971450
vt 0.993035 0.988863
vt 0.992501 0.988329
vt 0.993035 0.988329
vt 0.992501 0.974402
vt 0.993315 0.974893
vt 0.992501 0.974893
vt 0.993315 0.968886
vt 0.992501 0.968374
vt 0.993315 0.968374
vt 0.992501 0.971942
vt 0.993315 0.972434
vt 0.993315 0.977939
vt 0.992501 0.977513
vt 0.993315 0.977513
vt 0.993035 0.985126
vt 0.992501 0.984592
vt 0.993035 0.984592
vt 0.993315 0.981869
vt 0.992501 0.981484
vt 0.993315 0.981484
vt 0.993315 0.980329
vt 0.992501 0.979945
vt 0.993315 0.979945
vt 0.993315 0.977088
vt 0.992501 0.977088
vt 0.992501 0.961083
vt 0.993315 0.961083
vt 0.993035 0.985660
vt 0.992501 0.985126
vt 0.993315 0.965793
vt 0.992501 0.965275
vt 0.993315 0.965275
vt 0.992501 0.964757
vt 0.993315 0.964757
vt 0.330794 0.846291
vt 0.974248 0.378458
vt 0.876028 0.494203
vt 0.867532 0.494203
vt 0.975884 0.083183
vt 0.795246 0.599149
vt 0.981082 0.651915
vt 0.982639 0.343604
vt 0.158522 0.961124
vt 0.157543 0.961648
vt 0.161831 0.959355
vt 0.160858 0.959876
vt 0.160233 0.958708
vt 0.155431 0.954411
vt 0.155939 0.953462
vt 0.153646 0.957751
vt 0.154180 0.956752
vt 0.155044 0.954171
vt 0.150474 0.952907
vt 0.150579 0.951837
vt 0.150102 0.956676
vt 0.150213 0.955549
vt 0.148282 0.952836
vt 0.142926 0.954436
vt 0.142406 0.953462
vt 0.144698 0.957751
vt 0.144175 0.956772
vt 0.145342 0.956148
vt 0.141758 0.955061
vt 0.137462 0.959862
vt 0.136513 0.959355
vt 0.140802 0.961648
vt 0.139802 0.961114
vt 0.140090 0.963367
vt 0.135958 0.964820
vt 0.134887 0.964715
vt 0.139727 0.965191
vt 0.138599 0.965080
vt 0.135886 0.967012
vt 0.137487 0.972368
vt 0.136513 0.972888
vt 0.140802 0.970596
vt 0.139822 0.971119
vt 0.139198 0.969951
vt 0.138111 0.973536
vt 0.142913 0.977832
vt 0.142406 0.978781
vt 0.144698 0.974492
vt 0.144164 0.975492
vt 0.143300 0.978073
vt 0.147871 0.979336
vt 0.147765 0.980407
vt 0.148242 0.975567
vt 0.148131 0.976695
vt 0.150062 0.979408
vt 0.155418 0.977807
vt 0.155939 0.978781
vt 0.153646 0.974492
vt 0.154170 0.975471
vt 0.153002 0.976096
vt 0.156586 0.977183
vt 0.160883 0.972381
vt 0.161831 0.972888
vt 0.157543 0.970596
vt 0.158542 0.971130
vt 0.158255 0.968877
vt 0.162387 0.967423
vt 0.163457 0.967529
vt 0.158618 0.967052
vt 0.159745 0.967163
vt 0.162458 0.965232
vt 0.159146 0.962292
vt 0.558093 0.820670
vt 0.734222 0.140984
vt 0.825618 0.422051
vt 0.838309 0.422051
vt 0.992501 0.517506
vt 0.995150 0.374490
vt 0.995045 0.492906
vt 0.992501 0.551566
vt 0.992501 0.730195
vt 0.994410 0.729347
vt 0.992501 0.570228
vt 0.994410 0.730195
vt 0.995129 0.434414
vt 0.992501 0.435263
vt 0.995149 0.308278
vt 0.992501 0.464913
vt 0.992501 0.437807
vt 0.995072 0.489513
vt 0.992501 0.523443
vt 0.992501 0.497147
vt 0.995045 0.497995
vt 0.992501 0.737830
vt 0.994410 0.736982
vt 0.992501 0.318872
vt 0.992501 0.549021
vt 0.992501 0.468306
vt 0.995072 0.467458
vt 0.992501 0.350654
vt 0.995129 0.447138
vt 0.992501 0.447986
vt 0.992501 0.436111
vt 0.995072 0.485271
vt 0.992501 0.493754
vt 0.992501 0.379787
vt 0.992501 0.529381
vt 0.992501 0.520050
vt 0.992501 0.379787
vt 0.994249 0.551566
vt 0.994612 0.552414
vt 0.992501 0.565138
vt 0.992501 0.463217
vt 0.992501 0.342708
vt 0.995129 0.436111
vt 0.992501 0.436959
vt 0.992501 0.476789
vt 0.995045 0.497147
vt 0.994941 0.526837
vt 0.992501 0.500540
vt 0.992501 0.531078
vt 0.994612 0.559200
vt 0.992501 0.558352
vt 0.995150 0.318872
vt 0.992501 0.726802
vt 0.994410 0.725954
vt 0.994410 0.726802
vt 0.995129 0.444593
vt 0.992501 0.445442
vt 0.995150 0.355951
vt 0.992501 0.468306
vt 0.995072 0.476789
vt 0.992501 0.451380
vt 0.920622 0.925413
vt 0.843212 0.116081
vt 0.966919 0.463923
vt 0.330794 0.910606
vt 0.901519 0.494203
vt 0.203585 0.925440
vt 0.165162 0.929225
vt 0.187205 0.956084
vt 0.982740 0.492642
vt 0.982740 0.472342
vt 0.982740 0.488005
vt 0.802025 0.615291
vt 0.982663 0.010459
vt 0.974650 0.318141
vt 0.982740 0.482519
vt 0.974650 0.300233
vt 0.974650 0.322423
vt 0.982663 0.020582
vt 0.982663 0.000282
vt 0.768788 0.961773
vt 0.767809 0.961249
vt 0.768433 0.960081
vt 0.765473 0.960001
vt 0.764499 0.959480
vt 0.770392 0.953587
vt 0.770899 0.954536
vt 0.769037 0.955694
vt 0.772150 0.956877
vt 0.772684 0.957876
vt 0.772685 0.956545
vt 0.775751 0.951962
vt 0.775857 0.953032
vt 0.775401 0.953047
vt 0.776117 0.955674
vt 0.783925 0.953587
vt 0.783404 0.954561
vt 0.782237 0.953937
vt 0.782156 0.956897
vt 0.781633 0.957876
vt 0.783324 0.957521
vt 0.789818 0.959480
vt 0.788869 0.959987
vt 0.787711 0.958125
vt 0.786528 0.961238
vt 0.785529 0.961773
vt 0.786241 0.963491
vt 0.787732 0.965205
vt 0.786604 0.965316
vt 0.791444 0.964840
vt 0.790373 0.964945
vt 0.789818 0.973013
vt 0.788844 0.972493
vt 0.789468 0.971325
vt 0.786508 0.971244
vt 0.785529 0.970721
vt 0.785884 0.972412
vt 0.783925 0.978906
vt 0.783418 0.977957
vt 0.785280 0.976799
vt 0.782167 0.975616
vt 0.781633 0.974617
vt 0.781632 0.975949
vt 0.778565 0.980532
vt 0.778460 0.979461
vt 0.778915 0.979446
vt 0.778200 0.976820
vt 0.770392 0.978906
vt 0.770912 0.977932
vt 0.772080 0.978556
vt 0.772161 0.975596
vt 0.772684 0.974617
vt 0.770993 0.974972
vt 0.764499 0.973013
vt 0.765448 0.972506
vt 0.766606 0.974368
vt 0.767789 0.971255
vt 0.768788 0.970721
vt 0.768076 0.969002
vt 0.766585 0.967288
vt 0.767713 0.967177
vt 0.762873 0.967654
vt 0.763944 0.967548
vt 0.764849 0.961169
vt 0.897590 0.128032
vt 0.818482 0.698738
vt 0.818482 0.693619
vt 0.850999 0.422051
vt 0.818482 0.686696
vt 0.921457 0.891223
vt 0.930234 0.892969
vt 0.933658 0.899375
vt 0.933295 0.903061
vt 0.928687 0.908676
vt 0.925143 0.909751
vt 0.921457 0.909388
vt 0.914767 0.901236
vt 0.992501 0.537864
vt 0.992501 0.382435
vt 0.992501 0.512416
vt 0.995045 0.511568
vt 0.992501 0.523443
vt 0.994612 0.562593
vt 0.995150 0.385084
vt 0.992501 0.725105
vt 0.992501 0.571924
vt 0.994410 0.745465
vt 0.995149 0.355951
vt 0.992501 0.467458
vt 0.995072 0.466610
vt 0.992501 0.454773
vt 0.994941 0.525140
vt 0.992501 0.525140
vt 0.992501 0.390381
vt 0.992501 0.513264
vt 0.995045 0.512416
vt 0.992501 0.525140
vt 0.995045 0.514113
vt 0.992501 0.745465
vt 0.994410 0.745465
vt 0.992501 0.361247
vt 0.994612 0.549869
vt 0.994249 0.550718
vt 0.992501 0.574469
vt 0.994410 0.738678
vt 0.992501 0.471699
vt 0.992501 0.348005
vt 0.995129 0.449683
vt 0.992501 0.449683
vt 0.992501 0.459862
vt 0.992501 0.514961
vt 0.995045 0.514113
vt 0.995149 0.393029
vt 0.992501 0.538712
vt 0.992501 0.538712
vt 0.992501 0.739527
vt 0.994410 0.738678
vt 0.994612 0.562593
vt 0.992501 0.572772
vt 0.992501 0.473396
vt 0.995072 0.472547
vt 0.992501 0.324169
vt 0.995072 0.483575
vt 0.992501 0.456469
vt 0.995150 0.393029
vt 0.995045 0.516657
vt 0.992501 0.543802
vt 0.992501 0.564290
vt 0.995149 0.361248
vt 0.992501 0.746313
vt 0.994410 0.746313
vt 0.994410 0.748010
vt 0.992501 0.450531
vt 0.995129 0.449683
vt 0.995150 0.324169
vt 0.992501 0.474244
vt 0.995072 0.473396
vt 0.995072 0.483575
vt 0.992501 0.457317
vt 0.318990 0.940466
vt 0.308440 0.953321
vt 0.296068 0.955782
vt 0.279035 0.944401
vt 0.276574 0.932029
vt 0.291890 0.913366
vt 0.304505 0.913366
vt 0.311981 0.917363
vt 0.423510 0.823944
vt 0.423510 0.847137
vt 0.101532 0.975629
vt 0.901519 0.505290
vt 0.884525 0.497479
vt 0.975884 0.104050
vt 0.981430 0.277423
vt 0.982663 0.041734
vt 0.412003 0.958217
vt 0.411480 0.959197
vt 0.413772 0.954908
vt 0.413251 0.955882
vt 0.412084 0.955257
vt 0.405704 0.954353
vt 0.405598 0.953282
vt 0.406075 0.958121
vt 0.405964 0.956994
vt 0.405248 0.954367
vt 0.400746 0.955857
vt 0.400239 0.954908
vt 0.402531 0.959197
vt 0.401997 0.958197
vt 0.398884 0.957014
vt 0.395320 0.961321
vt 0.394346 0.960800
vt 0.398635 0.963093
vt 0.397656 0.962570
vt 0.398280 0.961402
vt 0.394696 0.962489
vt 0.393791 0.968868
vt 0.392720 0.968974
vt 0.397560 0.968497
vt 0.396432 0.968608
vt 0.397923 0.970322
vt 0.395295 0.973826
vt 0.394346 0.974334
vt 0.398635 0.972041
vt 0.397636 0.972575
vt 0.396453 0.975688
vt 0.400759 0.979252
vt 0.400239 0.980226
vt 0.402531 0.975938
vt 0.402008 0.976917
vt 0.400840 0.976292
vt 0.401927 0.979877
vt 0.408307 0.980781
vt 0.408412 0.981852
vt 0.407936 0.977013
vt 0.408047 0.978140
vt 0.408763 0.980767
vt 0.413265 0.979277
vt 0.413772 0.980226
vt 0.411480 0.975938
vt 0.412014 0.976937
vt 0.415127 0.978120
vt 0.418691 0.973813
vt 0.419665 0.974334
vt 0.415376 0.972041
vt 0.416355 0.972565
vt 0.415731 0.973732
vt 0.419315 0.972645
vt 0.420220 0.966265
vt 0.421291 0.966160
vt 0.416451 0.966637
vt 0.417579 0.966526
vt 0.416088 0.964812
vt 0.418716 0.961308
vt 0.419665 0.960800
vt 0.415376 0.963093
vt 0.416375 0.962559
vt 0.417558 0.959446
vt 0.413171 0.958842
vt 0.884900 0.139638
vt 0.818482 0.698738
vt 0.831963 0.422051
vt 0.850999 0.422051
vt 0.995150 0.395678
vt 0.995045 0.495451
vt 0.992501 0.520899
vt 0.995149 0.329466
vt 0.994410 0.724257
vt 0.994410 0.731892
vt 0.995129 0.442897
vt 0.995149 0.332114
vt 0.992501 0.480182
vt 0.994941 0.534471
vt 0.992501 0.535319
vt 0.995149 0.400975
vt 0.992501 0.499692
vt 0.992501 0.536167
vt 0.992501 0.509023
vt 0.992501 0.744616
vt 0.994410 0.743768
vt 0.992501 0.422162
vt 0.994612 0.549869
vt 0.992501 0.560048
vt 0.992501 0.736133
vt 0.992501 0.475092
vt 0.995072 0.474244
vt 0.992501 0.400975
vt 0.995129 0.447986
vt 0.992501 0.459014
vt 0.995072 0.481878
vt 0.992501 0.502237
vt 0.995045 0.503085
vt 0.992501 0.406272
vt 0.994941 0.541257
vt 0.992501 0.540409
vt 0.992501 0.531926
vt 0.995045 0.503933
vt 0.992501 0.732740
vt 0.994410 0.733588
vt 0.992501 0.406272
vt 0.994249 0.554111
vt 0.994612 0.554959
vt 0.992501 0.748010
vt 0.995072 0.464913
vt 0.992501 0.332114
vt 0.995129 0.437807
vt 0.992501 0.438656
vt 0.992501 0.452228
vt 0.992501 0.497995
vt 0.995045 0.498844
vt 0.992501 0.408920
vt 0.995045 0.503933
vt 0.992501 0.532774
vt 0.994612 0.560897
vt 0.995150 0.366545
vt 0.992501 0.734437
vt 0.992501 0.748858
vt 0.995129 0.445442
vt 0.995150 0.427459
vt 0.995072 0.470003
vt 0.995072 0.486968
vt 0.992501 0.456469
vt 0.957346 0.023753
vt 0.322297 0.879879
vt 0.967145 0.726878
vt 0.330794 0.879879
vt 0.218434 0.890487
vt 0.949646 0.885389
vt 0.815583 0.607140
vt 0.974303 0.682753
vt 0.982663 0.060152
vt 0.982740 0.495182
vt 0.982663 0.054991
vt 0.982740 0.510845
vt 0.815583 0.599400
vt 0.815583 0.617610
vt 0.815082 0.964873
vt 0.816144 0.964551
vt 0.816528 0.965818
vt 0.818678 0.963782
vt 0.819735 0.963462
vt 0.819735 0.971795
vt 0.818706 0.971483
vt 0.819203 0.969348
vt 0.816166 0.970712
vt 0.815082 0.970384
vt 0.816023 0.971325
vt 0.817095 0.976735
vt 0.816263 0.976052
vt 0.816575 0.975720
vt 0.814212 0.974368
vt 0.810166 0.981365
vt 0.809845 0.980308
vt 0.811112 0.979923
vt 0.809076 0.977773
vt 0.808754 0.976711
vt 0.807809 0.978158
vt 0.801832 0.981365
vt 0.802144 0.980335
vt 0.804280 0.980833
vt 0.802915 0.977795
vt 0.803244 0.976711
vt 0.801525 0.975999
vt 0.799259 0.975841
vt 0.799978 0.974965
vt 0.796893 0.978724
vt 0.797575 0.977893
vt 0.792263 0.971795
vt 0.793320 0.971475
vt 0.793704 0.972742
vt 0.795854 0.970706
vt 0.796916 0.970384
vt 0.795470 0.969439
vt 0.792263 0.963462
vt 0.793292 0.963774
vt 0.792794 0.965909
vt 0.795832 0.964544
vt 0.796916 0.964873
vt 0.795975 0.963931
vt 0.794903 0.958522
vt 0.795735 0.959205
vt 0.795423 0.959537
vt 0.797786 0.960889
vt 0.801832 0.953892
vt 0.802153 0.954949
vt 0.800885 0.955333
vt 0.802922 0.957483
vt 0.803244 0.958546
vt 0.804189 0.957099
vt 0.810166 0.953892
vt 0.809853 0.954922
vt 0.807718 0.954424
vt 0.809083 0.957462
vt 0.808754 0.958546
vt 0.810473 0.959258
vt 0.812739 0.959416
vt 0.812020 0.960292
vt 0.815105 0.956532
vt 0.814423 0.957364
vt 0.818294 0.962515
vt 0.897590 0.139638
vt 0.897590 0.135017
vt 0.831172 0.698738
vt 0.897590 0.124966
vt 0.831172 0.686696
vt 0.959102 0.516019
vt 0.958027 0.519563
vt 0.955677 0.522426
vt 0.946901 0.524172
vt 0.941286 0.510615
vt 0.943635 0.507752
vt 0.946901 0.506007
vt 0.950586 0.505644
vt 0.954130 0.506719
vt 0.992501 0.416865
vt 0.995045 0.504782
vt 0.995045 0.490361
vt 0.994612 0.556655
vt 0.992501 0.366544
vt 0.992501 0.734437
vt 0.994410 0.734437
vt 0.992501 0.567683
vt 0.994410 0.750555
vt 0.995129 0.447138
vt 0.992501 0.447138
vt 0.995149 0.427459
vt 0.995072 0.470003
vt 0.995072 0.487816
vt 0.994941 0.534471
vt 0.992501 0.534471
vt 0.992501 0.414217
vt 0.992501 0.506478
vt 0.995045 0.505630
vt 0.992501 0.521747
vt 0.995045 0.507326
vt 0.994410 0.735285
vt 0.995150 0.371842
vt 0.992501 0.557504
vt 0.992501 0.572772
vt 0.994410 0.742072
vt 0.992501 0.475092
vt 0.995072 0.475092
vt 0.992501 0.337411
vt 0.995129 0.439504
vt 0.992501 0.439504
vt 0.995072 0.487816
vt 0.992501 0.508175
vt 0.995045 0.507326
vt 0.995149 0.422162
vt 0.992501 0.542105
vt 0.992501 0.542105
vt 0.995045 0.516657
vt 0.992501 0.728499
vt 0.994410 0.727650
vt 0.995149 0.432756
vt 0.992501 0.558352
vt 0.994612 0.557504
vt 0.994410 0.742920
vt 0.992501 0.568531
vt 0.992501 0.479334
vt 0.995072 0.478485
vt 0.992501 0.374490
vt 0.995129 0.440352
vt 0.992501 0.440352
vt 0.995072 0.489513
vt 0.992501 0.459014
vt 0.995045 0.508175
vt 0.995150 0.414217
vt 0.994941 0.529381
vt 0.992501 0.529381
vt 0.992501 0.542954
vt 0.993003 0.569379
vt 0.992501 0.337411
vt 0.992501 0.742920
vt 0.994410 0.742920
vt 0.994410 0.751403
vt 0.992501 0.442897
vt 0.995149 0.340060
vt 0.992501 0.471699
vt 0.995072 0.479334
vt 0.992501 0.453076
vt 0.952518 0.121900
vt 0.942030 0.128908
vt 0.933593 0.129739
vt 0.921938 0.124912
vt 0.916560 0.118358
vt 0.914930 0.101809
vt 0.918927 0.094332
vt 0.929415 0.087324
vt 0.942030 0.087324
vt 0.949506 0.091320
vt 0.992501 0.975385
vt 0.992501 0.986194
vt 0.992501 0.969912
vt 0.992501 0.967861
vt 0.993315 0.971450
vt 0.992501 0.977513
vt 0.993035 0.984058
vt 0.992501 0.981099
vt 0.993315 0.975811
vt 0.992501 0.979560
vt 0.992501 0.962142
vt 0.993035 0.983525
vt 0.993315 0.958964
vt 0.992501 0.973910
vt 0.993035 0.986194
vt 0.992501 0.968374
vt 0.993315 0.981099
vt 0.993035 0.986728
vt 0.993315 0.977939
vt 0.993315 0.975385
vt 0.992501 0.979175
vt 0.993315 0.965793
vt 0.993035 0.988863
vt 0.993315 0.959494
vt 0.992501 0.964757
vt 0.993035 0.987262
vt 0.993315 0.973910
vt 0.993315 0.972926
vt 0.993315 0.980330
vt 0.992501 0.989931
vt 0.993315 0.978365
vt 0.992501 0.979945
vt 0.993315 0.966311
vt 0.992501 0.988329
vt 0.993315 0.962142
vt 0.993315 0.960023
vt 0.993315 0.970938
vt 0.992501 0.988863
vt 0.993315 0.974402
vt 0.992501 0.968886
vt 0.993315 0.971942
vt 0.992501 0.977939
vt 0.992501 0.981869
vt 0.992501 0.980329
vt 0.992501 0.985660
vt 0.992501 0.965793
s 0
usemtl Material
f 861/976/253 845/977/253 829/978/253
f 806/979/254 871/980/254 869/981/254
f 808/982/255 873/983/255 871/980/255
f 810/984/256 875/985/256 873/983/256
f 812/986/257 877/987/257 875/985/257
f 814/988/258 879/989/258 877/987/258
f 816/990/259 881/991/259 879/989/259
f 818/992/260 883/993/260 881/991/260
f 820/994/261 885/995/261 883/993/261
f 822/996/262 887/997/262 885/995/262
f 824/998/263 889/999/263 887/1000/263
f 826/1001/264 891/1002/264 889/999/264
f 828/1003/265 893/1004/265 891/1002/265
f 830/1005/266 895/1006/266 893/1004/266
f 832/1007/267 897/1008/267 895/1006/267
f 834/1009/268 899/1010/268 897/1008/268
f 836/1011/269 901/1012/269 899/1010/269
f 838/1013/270 903/1014/270 901/1015/270
f 840/1016/271 905/1017/271 903/1014/271
f 842/1018/272 907/1019/272 905/1017/272
f 844/1020/273 909/1021/273 907/1019/273
f 846/1022/274 911/1023/274 909/1021/274
f 911/1023/275 850/1024/275 913/1025/275
f 850/1024/276 915/1026/276 913/1025/276
f 852/1027/277 917/1028/277 915/1026/277
f 854/1029/278 919/1030/278 917/1031/278
f 856/1032/279 921/1033/279 919/1030/279
f 858/1034/280 923/1035/280 921/1033/280
f 860/1036/281 925/1037/281 923/1035/281
f 862/1038/282 927/1039/282 925/1037/282
f 804/1040/283 869/1041/283 867/1042/283
f 489/1043/284 868/1044/284 491/1045/284
f 802/1046/285 867/1042/285 866/1024/285
f 489/1043/284 928/1049/284 865/1050/284
f 495/1051/284 870/1052/284 872/1053/284
f 495/1051/284 874/1054/284 497/1055/284
f 498/1056/284 874/1054/284 876/1057/284
f 501/1058/284 876/1057/284 878/1059/284
f 501/1058/284 880/1060/284 502/1061/284
f 505/1062/284 880/1060/284 882/1063/284
f 505/1062/284 884/1064/284 507/1065/284
f 509/1066/284 884/1064/284 886/1067/284
f 511/1068/284 886/1067/284 888/1069/284
f 511/1068/284 890/1070/284 513/1071/284
f 515/1072/284 890/1070/284 892/1073/284
f 515/1072/284 894/1074/284 517/1075/284
f 517/1075/284 896/1076/284 519/1077/284
f 521/1078/284 896/1076/284 898/1079/284
f 521/1078/284 900/1080/284 522/1081/284
f 525/1082/284 900/1080/284 902/1083/284
f 525/1082/284 904/1084/284 526/1085/284
f 526/1085/284 906/1086/284 529/1087/284
f 531/1088/284 906/1086/284 908/1089/284
f 531/1088/284 910/1090/284 533/1091/284
f 533/1091/284 912/1092/284 534/1093/284
f 537/1094/284 912/1092/284 914/1095/284
f 537/1094/284 916/1096/284 538/1097/284
f 541/1098/284 916/1096/284 918/1099/284
f 541/1098/284 920/1100/284 543/1101/284
f 543/1101/284 922/1102/284 545/1103/284
f 547/1104/284 922/1102/284 924/1105/284
f 549/1106/284 924/1105/284 926/1107/284
f 549/1106/284 928/1049/284 550/1048/284
f 493/1108/284 868/1044/284 870/1052/284
f 490/1412/383 747/1413/383 749/1414/383
f 492/1415/284 494/1416/284 490/1417/284
f 496/1418/384 745/1419/384 748/1420/384
f 494/1421/385 746/1422/385 490/1423/385
f 496/1424/386 749/1412/386 750/1425/386
f 500/1426/387 741/1427/387 742/1428/387
f 500/1429/284 503/1430/284 499/1431/284
f 503/1432/388 743/1433/388 740/1434/388
f 503/1435/389 741/1436/389 499/1437/389
f 504/1438/390 744/1439/390 743/1440/390
f 508/1441/391 735/1442/391 734/1443/391
f 508/1444/284 510/1445/284 506/1446/284
f 512/1447/392 733/1448/392 736/1449/392
f 506/1450/393 736/1451/393 735/1452/393
f 512/1453/394 738/1454/394 737/1455/394
f 516/1456/386 799/1457/386 731/1458/386
f 516/1459/284 518/1460/284 514/1430/284
f 520/1461/385 732/1462/385 800/1463/385
f 514/1464/383 800/1465/383 799/1466/383
f 520/1467/384 729/1468/384 730/1469/384
f 524/1470/390 793/1471/390 794/1472/390
f 524/1473/284 527/1474/284 523/1475/284
f 528/1476/389 795/1477/389 796/1478/389
f 523/1479/387 796/1480/387 793/1481/387
f 528/1482/388 797/1483/388 798/1484/388
f 532/1485/394 789/1486/394 787/1487/394
f 532/1488/284 535/1489/284 530/1490/284
f 535/1491/393 792/1492/393 788/1493/393
f 530/1494/391 790/1495/391 789/1496/391
f 532/1497/392 792/1498/392 536/1499/392
f 539/1500/384 782/1501/384 785/1502/384
f 540/1503/284 542/1504/284 539/1505/284
f 544/1506/383 783/1507/383 784/1508/383
f 539/1509/386 784/1510/386 781/1424/386
f 540/1511/385 786/1512/385 544/1513/385
f 546/1514/388 776/1515/388 780/1516/388
f 548/1517/284 551/1518/284 546/1519/284
f 778/1520/387 552/1521/387 779/1522/387
f 546/1523/390 778/1524/390 775/1525/390
f 548/1526/389 779/1527/389 552/1528/389
f 553/1529/392 770/1530/392 773/1531/392
f 554/1532/284 555/1533/284 553/1534/284
f 555/1535/391 774/1536/391 769/1537/391
f 771/1538/394 555/1539/394 772/1540/394
f 556/1541/393 773/1542/393 774/1543/393
f 557/1544/385 765/1545/385 767/1546/385
f 558/1547/284 559/1548/284 557/1549/284
f 559/1550/386 768/1551/386 764/1552/386
f 763/1553/384 559/1554/384 766/1555/384
f 560/1556/383 767/1506/383 768/1557/383
f 561/1558/389 759/1559/389 762/1560/389
f 562/1561/284 563/1562/284 561/1547/284
f 563/1563/390 761/1564/390 758/1565/390
f 561/1566/388 757/1567/388 760/1568/388
f 564/1569/387 762/1570/387 761/1571/387
f 752/1572/393 566/1573/393 754/1574/393
f 566/1575/284 567/1576/284 565/1577/284
f 568/1578/394 751/1579/394 753/1580/394
f 567/1581/392 754/1582/392 565/1583/392
f 568/1584/391 756/1585/391 755/1586/391
f 867/1587/395 865/1050/395 866/1588/395
f 803/1589/396 802/1590/396 801/1591/396
f 867/1587/397 870/1052/397 868/1044/397
f 803/1589/398 806/1592/398 804/1593/398
f 871/1594/399 870/1052/399 869/1595/399
f 805/1596/400 808/1597/400 806/1592/400
f 873/1598/401 872/1053/401 871/1594/401
f 807/1599/402 810/1600/402 808/1597/402
f 875/1601/403 874/1054/403 873/1598/403
f 811/1602/404 810/1600/404 809/1603/404
f 875/1601/405 878/1059/405 876/1057/405
f 813/1604/406 812/1605/406 811/1602/406
f 879/1606/407 878/1059/407 877/1607/407
f 815/1608/408 814/1609/408 813/1604/408
f 881/1610/409 880/1060/409 879/1606/409
f 815/1608/410 818/1611/410 816/1612/410
f 883/1613/411 882/1063/411 881/1610/411
f 819/1614/412 818/1611/412 817/1615/412
f 885/1616/413 884/1064/413 883/1613/413
f 819/1614/414 822/1617/414 820/1618/414
f 887/1619/415 886/1067/415 885/1616/415
f 821/1620/416 824/1621/416 822/1617/416
f 889/1622/417 888/1069/417 887/1619/417
f 823/1623/418 826/1624/418 824/1621/418
f 891/1625/419 890/1070/419 889/1622/419
f 827/1626/420 826/1624/420 825/1627/420
f 893/1628/421 892/1073/421 891/1625/421
f 829/978/422 828/1629/422 827/1626/422
f 895/1630/423 894/1074/423 893/1628/423
f 831/1631/424 830/1632/424 829/978/424
f 895/1630/425 898/1079/425 896/1076/425
f 831/1631/426 834/1633/426 832/1634/426
f 899/1635/427 898/1079/427 897/1636/427
f 835/1637/428 834/1633/428 833/1638/428
f 899/1635/429 902/1083/429 900/1080/429
f 837/1639/430 836/1640/430 835/1637/430
f 903/1641/431 902/1083/431 901/1642/431
f 837/1639/432 840/1643/432 838/1644/432
f 903/1641/433 906/1086/433 904/1084/433
f 839/1645/434 842/1646/434 840/1643/434
f 907/1647/435 906/1086/435 905/1648/435
f 843/1649/436 842/1646/436 841/1650/436
f 907/1647/437 910/1090/437 908/1089/437
f 845/977/438 844/1651/438 843/1649/438
f 911/1652/439 910/1090/439 909/1653/439
f 847/1654/440 846/1655/440 845/977/440
f 911/1652/441 914/1095/441 912/1092/441
f 847/1654/442 850/1656/442 848/1657/442
f 915/1658/443 914/1095/443 913/1659/443
f 851/1660/444 850/1656/444 849/1661/444
f 915/1658/445 918/1099/445 916/1096/445
f 851/1660/446 854/1662/446 852/1663/446
f 917/1664/447 920/1100/447 918/1099/447
f 853/1665/448 856/1666/448 854/1662/448
f 921/1667/449 920/1100/449 919/1668/449
f 855/1669/450 858/1670/450 856/1666/450
f 923/1671/451 922/1102/451 921/1667/451
f 859/1672/452 858/1670/452 857/1673/452
f 923/1671/453 926/1107/453 924/1105/453
f 861/976/454 860/1674/454 859/1672/454
f 802/1590/455 864/1675/455 801/1591/455
f 864/1675/456 862/1676/456 861/976/456
f 927/1677/457 926/1107/457 925/1678/457
f 928/1049/458 866/1588/458 865/1050/458
f 863/1679/350 866/1024/350 927/1039/350
f 1297/1680/284 1249/1681/284 1265/1682/284
f 1311/1683/254 1246/1684/254 1309/1685/254
f 1313/1686/255 1248/1687/255 1311/1683/255
f 1315/1688/256 1250/1689/256 1313/1686/256
f 1317/1690/257 1252/1691/257 1315/1688/257
f 1319/1692/258 1254/1693/258 1317/1690/258
f 1321/1694/259 1256/1695/259 1319/1692/259
f 1323/1696/260 1258/1697/260 1321/1694/260
f 1325/1698/261 1260/1699/261 1323/1696/261
f 1327/1700/262 1262/1701/262 1325/1698/262
f 1329/1702/263 1264/1703/263 1327/1704/263
f 1331/1705/264 1266/1706/264 1329/1702/264
f 1333/1707/265 1268/1708/265 1331/1705/265
f 1333/1707/266 1272/1709/266 1270/1710/266
f 1337/1711/267 1272/1709/267 1335/1712/267
f 1339/1713/268 1274/1714/268 1337/1711/268
f 1341/1715/269 1276/1716/269 1339/1713/269
f 1343/1717/270 1278/1718/270 1341/1719/270
f 1345/1720/271 1280/1721/271 1343/1717/271
f 1347/1722/272 1282/1723/272 1345/1720/272
f 1349/1724/273 1284/1725/273 1347/1722/273
f 1351/1726/274 1286/1727/274 1349/1724/274
f 1353/1728/275 1288/1729/275 1351/1726/275
f 1355/1730/276 1290/1731/276 1353/1728/276
f 1357/1732/277 1292/1733/277 1355/1730/277
f 1359/1734/278 1294/1735/278 1357/1736/278
f 1361/1737/279 1296/1738/279 1359/1734/279
f 1363/1739/280 1298/1740/280 1361/1737/280
f 1365/1741/281 1300/1742/281 1363/1739/281
f 1367/1743/282 1302/1744/282 1365/1741/282
f 1309/1745/283 1244/1746/283 1307/1747/283
f 1308/1748/253 929/1749/253 931/1750/253
f 1307/1747/285 1242/1751/285 1306/1752/285
f 1305/1755/253 990/1756/253 929/1749/253
f 1312/1757/253 933/1758/253 935/1759/253
f 1314/1760/253 935/1759/253 937/1761/253
f 938/1762/253 1314/1760/253 937/1761/253
f 941/1763/253 1316/1764/253 938/1762/253
f 1320/1765/253 941/1763/253 942/1766/253
f 945/1767/253 1320/1765/253 942/1766/253
f 1324/1768/253 945/1767/253 947/1769/253
f 949/1770/253 1324/1768/253 947/1769/253
f 1328/1771/253 949/1770/253 951/1772/253
f 1330/1773/253 951/1772/253 953/1774/253
f 955/1775/253 1330/1773/253 953/1774/253
f 957/1776/253 1332/1777/253 955/1775/253
f 1336/1778/253 957/1776/253 959/1779/253
f 1338/1780/253 959/1779/253 961/1781/253
f 1340/1782/253 961/1781/253 962/1783/253
f 965/1784/253 1340/1782/253 962/1783/253
f 1344/1785/253 965/1784/253 966/1786/253
f 1346/1787/253 966/1786/253 969/1788/253
f 971/1789/253 1346/1787/253 969/1788/253
f 973/1790/253 1348/1791/253 971/1789/253
f 1352/1792/253 973/1790/253 974/1793/253
f 977/1794/253 1352/1792/253 974/1793/253
f 1356/1795/253 977/1794/253 978/1796/253
f 981/1797/253 1356/1795/253 978/1796/253
f 1360/1798/253 981/1797/253 983/1799/253
f 1362/1800/253 983/1799/253 985/1801/253
f 987/1802/253 1362/1800/253 985/1801/253
f 989/1803/253 1364/1804/253 987/1802/253
f 1368/1805/253 989/1803/253 990/1756/253
f 933/1758/253 1308/1748/253 931/1750/253
f 1189/2082/383 1187/2083/383 930/2084/383
f 934/2085/253 932/2086/253 930/2087/253
f 1188/2088/384 1185/2089/384 936/2090/384
f 1186/2091/385 934/2092/385 930/1423/385
f 1189/2093/386 936/2094/386 1190/2095/386
f 1182/2096/387 939/1476/387 940/2097/387
f 943/2098/253 940/2099/253 939/2100/253
f 1180/2101/388 944/2102/388 943/2103/388
f 1181/2104/389 943/1435/389 939/1437/389
f 1184/2105/390 944/2106/390 1183/2107/390
f 1174/2108/391 946/2109/391 948/2110/391
f 950/2111/253 948/2112/253 946/2113/253
f 1176/2114/392 1173/2115/392 952/2116/392
f 1176/2117/393 946/2118/393 1175/2119/393
f 1178/2120/394 952/2121/394 1177/2122/394
f 1171/2123/386 954/2093/386 956/2095/386
f 958/2124/253 956/2125/253 954/2126/253
f 1240/2127/385 1172/2128/385 960/2129/385
f 1240/2130/383 954/2131/383 1239/2132/383
f 1169/2133/384 960/2134/384 1170/2135/384
f 1234/2136/390 963/2137/390 964/2138/390
f 967/2139/253 964/2140/253 963/2141/253
f 1236/2142/389 1238/2143/389 968/2144/389
f 1236/2145/387 963/2146/387 1233/2147/387
f 1237/2148/388 968/2149/388 1238/2150/388
f 1227/2151/394 970/2152/394 972/2153/394
f 975/2154/253 972/2155/253 970/2156/253
f 1228/2157/393 976/2158/393 975/2159/393
f 1230/2160/391 970/2161/391 1229/2162/391
f 1232/1498/392 972/2163/392 976/2164/392
f 1225/2165/384 1222/2166/384 979/2167/384
f 982/2168/253 980/2169/253 979/2170/253
f 1224/2171/383 1223/2172/383 984/2173/383
f 1224/2174/386 979/2171/386 1221/2175/386
f 1226/2176/385 980/2177/385 984/2178/385
f 1220/2179/388 1216/2180/388 986/2181/388
f 991/2182/253 988/2183/253 986/2184/253
f 1217/2185/387 992/2186/387 1218/2187/387
f 1218/2188/390 986/2189/390 1215/2190/390
f 1219/2191/389 988/2192/389 992/2193/389
f 1213/2194/392 1210/2195/392 993/2196/392
f 995/2197/253 994/2198/253 993/1475/253
f 1209/2199/391 996/2200/391 995/2201/391
f 1212/2202/394 993/2203/394 1211/2204/394
f 1213/2205/393 996/2206/393 1214/2207/393
f 1207/1469/385 1205/2208/385 997/2209/385
f 999/2210/253 998/2211/253 997/2212/253
f 1204/1552/386 1000/2213/386 999/2132/386
f 1206/2214/384 997/2215/384 1203/2178/384
f 1207/2216/383 1000/2217/383 1208/2218/383
f 1202/2219/389 1199/2220/389 1001/2221/389
f 1003/2222/253 1002/2223/253 1001/2224/253
f 1198/2225/390 1004/2226/390 1003/2227/390
f 1197/2228/388 1001/2229/388 1200/2230/388
f 1202/2231/387 1004/2232/387 1201/1527/387
f 1192/2233/393 1005/2234/393 1196/2235/393
f 1007/2236/253 1006/2237/253 1005/2238/253
f 1193/2239/394 1191/2240/394 1008/2241/394
f 1194/2242/392 1007/2243/392 1005/2244/392
f 1196/2245/391 1008/2246/391 1195/2247/391
f 1305/1755/396 1307/2248/396 1306/2249/396
f 1241/2250/395 1244/2251/395 1243/2252/395
f 1308/1748/398 1309/2253/398 1307/2248/398
f 1244/2251/397 1245/2254/397 1243/2252/397
f 1309/2253/400 1312/1757/400 1311/2255/400
f 1245/2254/399 1248/2256/399 1247/2257/399
f 1312/1757/402 1313/2258/402 1311/2255/402
f 1247/2257/401 1250/2259/401 1249/1681/401
f 1314/1760/404 1315/2260/404 1313/2258/404
f 1250/2259/403 1251/2261/403 1249/1681/403
f 1315/2260/406 1318/2262/406 1317/2263/406
f 1252/2264/405 1253/2265/405 1251/2261/405
f 1318/2262/408 1319/2266/408 1317/2263/408
f 1253/2265/407 1256/2267/407 1255/2268/407
f 1319/2266/410 1322/2269/410 1321/2270/410
f 1256/2267/409 1257/2271/409 1255/2268/409
f 1322/2269/412 1323/2272/412 1321/2270/412
f 1258/2273/411 1259/2274/411 1257/2271/411
f 1324/1768/414 1325/2275/414 1323/2272/414
f 1259/2274/413 1262/2276/413 1261/2277/413
f 1326/2278/416 1327/2279/416 1325/2275/416
f 1261/2277/415 1264/2280/415 1263/2281/415
f 1328/1771/418 1329/2282/418 1327/2279/418
f 1263/2281/417 1266/2283/417 1265/1682/417
f 1330/1773/420 1331/2284/420 1329/2282/420
f 1266/2283/419 1267/2285/419 1265/1682/419
f 1332/1777/422 1333/2286/422 1331/2284/422
f 1268/2287/421 1269/2288/421 1267/2285/421
f 1333/2286/424 1336/1778/424 1335/2289/424
f 1269/2288/423 1272/2290/423 1271/2291/423
f 1335/2289/426 1338/1780/426 1337/2292/426
f 1272/2290/425 1273/2293/425 1271/2291/425
f 1337/2292/428 1340/1782/428 1339/2294/428
f 1274/2295/427 1275/2296/427 1273/2293/427
f 1339/2294/430 1342/2297/430 1341/2298/430
f 1275/2296/429 1278/2299/429 1277/2300/429
f 1342/2297/432 1343/2301/432 1341/2298/432
f 1277/2300/431 1280/2302/431 1279/2303/431
f 1343/2301/434 1346/1787/434 1345/2304/434
f 1280/2302/433 1281/2305/433 1279/2303/433
f 1346/1787/436 1347/2306/436 1345/2304/436
f 1282/2307/435 1283/2308/435 1281/2305/435
f 1347/2306/438 1350/2309/438 1349/2310/438
f 1284/2311/437 1285/2312/437 1283/2308/437
f 1349/2310/440 1352/1792/440 1351/2313/440
f 1286/2314/439 1287/2315/439 1285/2312/439
f 1352/1792/442 1353/2316/442 1351/2313/442
f 1287/2315/441 1290/2317/441 1289/2318/441
f 1353/2316/444 1356/1795/444 1355/2319/444
f 1290/2317/443 1291/2320/443 1289/2318/443
f 1355/2319/446 1358/2321/446 1357/2322/446
f 1292/2323/445 1293/2324/445 1291/2320/445
f 1358/2321/448 1359/2325/448 1357/2322/448
f 1293/2324/447 1296/2326/447 1295/2327/447
f 1359/2325/450 1362/1800/450 1361/2328/450
f 1296/2326/449 1297/1680/449 1295/2327/449
f 1361/2328/452 1364/1804/452 1363/2329/452
f 1297/1680/451 1300/2330/451 1299/2331/451
f 1363/2329/454 1366/2332/454 1365/2333/454
f 1300/2330/453 1301/2334/453 1299/2331/453
f 1242/2335/458 1304/2336/458 1303/2337/458
f 1302/2338/457 1304/2336/457 1301/2334/457
f 1365/2333/456 1368/1805/456 1367/2339/456
f 1306/2249/455 1368/1805/455 1305/1755/455
f 1306/1752/350 1303/2340/350 1367/1743/350
f 1741/2341/253 1725/2342/253 1709/2343/253
f 1686/2344/254 1751/2345/254 1749/2346/254
f 1688/2347/255 1753/2348/255 1751/2345/255
f 1690/2349/256 1755/2350/256 1753/2348/256
f 1755/2350/257 1694/2351/257 1757/2352/257
f 1694/2351/258 1759/2353/258 1757/2352/258
f 1696/2354/259 1761/2355/259 1759/2353/259
f 1698/2356/260 1763/2357/260 1761/2355/260
f 1700/2358/261 1765/2359/261 1763/2357/261
f 1702/2360/262 1767/2361/262 1765/2359/262
f 1704/2362/263 1769/2363/263 1767/2364/263
f 1706/2365/264 1771/2366/264 1769/2363/264
f 1708/2367/265 1773/2368/265 1771/2366/265
f 1710/2369/266 1775/2370/266 1773/2368/266
f 1712/2371/267 1777/2372/267 1775/2370/267
f 1714/2373/268 1779/2374/268 1777/2372/268
f 1716/2375/269 1781/2376/269 1779/2374/269
f 1718/2377/270 1783/2378/270 1781/2379/270
f 1720/2380/271 1785/2381/271 1783/2378/271
f 1722/2382/272 1787/2383/272 1785/2381/272
f 1724/2384/273 1789/2385/273 1787/2383/273
f 1726/2386/274 1791/2387/274 1789/2385/274
f 1791/2387/275 1730/2388/275 1793/2389/275
f 1793/2389/276 1732/2390/276 1795/2391/276
f 1795/2391/277 1734/2392/277 1797/2393/277
f 1734/2394/278 1799/2395/278 1797/2396/278
f 1736/2397/279 1801/2398/279 1799/2395/279
f 1738/2399/280 1803/2400/280 1801/2398/280
f 1740/2401/281 1805/2402/281 1803/2400/281
f 1742/2403/282 1807/2404/282 1805/2402/282
f 1747/2405/283 1686/2406/283 1749/2407/283
f 1369/2408/284 1748/2409/284 1371/2410/284
f 1682/2411/285 1747/2405/285 1746/2412/285
f 1430/2414/284 1745/2415/284 1369/2408/284
f 1373/2416/284 1752/2417/284 1375/2418/284
f 1375/2418/284 1754/2419/284 1377/2420/284
f 1378/2421/284 1754/2419/284 1756/2422/284
f 1381/2423/284 1756/2422/284 1758/2424/284
f 1381/2423/284 1760/2425/284 1382/2426/284
f 1385/2427/284 1760/2425/284 1762/2428/284
f 1385/2427/284 1764/2429/284 1387/2430/284
f 1387/2430/284 1766/2431/284 1389/2432/284
f 1389/2432/284 1768/2433/284 1391/2434/284
f 1391/2434/284 1770/2435/284 1393/2436/284
f 1395/2437/284 1770/2435/284 1772/2438/284
f 1397/2439/284 1772/2438/284 1774/2440/284
f 1397/2439/284 1776/2441/284 1399/2442/284
f 1399/2442/284 1778/2443/284 1401/2444/284
f 1401/2444/284 1780/2445/284 1402/2446/284
f 1405/2447/284 1780/2445/284 1782/2448/284
f 1405/2447/284 1784/2449/284 1406/2450/284
f 1406/2450/284 1786/2451/284 1409/2452/284
f 1411/2453/284 1786/2451/284 1788/2454/284
f 1413/2455/284 1788/2454/284 1790/2456/284
f 1414/2457/284 1790/2456/284 1792/2458/284
f 1417/2459/284 1792/2458/284 1794/2460/284
f 1417/2459/284 1796/2461/284 1418/2462/284
f 1421/2463/284 1796/2461/284 1798/2464/284
f 1421/2463/284 1800/2465/284 1423/2466/284
f 1423/2466/284 1802/2467/284 1425/2468/284
f 1427/2469/284 1802/2467/284 1804/2470/284
f 1429/2471/284 1804/2470/284 1806/2472/284
f 1429/2471/284 1808/2473/284 1430/2414/284
f 1373/2416/284 1748/2409/284 1750/2474/284
f 1370/2764/383 1627/2765/383 1629/2175/383
f 1372/2766/284 1374/2767/284 1370/2768/284
f 1376/2769/384 1625/2770/384 1628/2771/384
f 1374/2772/385 1626/2773/385 1370/2774/385
f 1376/2775/386 1629/2776/386 1630/2777/386
f 1380/2778/387 1621/2779/387 1622/2780/387
f 1380/2781/284 1383/2782/284 1379/2783/284
f 1383/2784/388 1623/2785/388 1620/2101/388
f 1379/1436/389 1619/2786/389 1621/2787/389
f 1384/2788/390 1624/2789/390 1623/2790/390
f 1388/2201/391 1615/2791/391 1614/2792/391
f 1388/2793/284 1390/2794/284 1386/2795/284
f 1392/2796/392 1613/2115/392 1616/2114/392
f 1386/2118/393 1616/2797/393 1615/2798/393
f 1617/2799/394 1388/2800/394 1618/2801/394
f 1396/2802/386 1679/2803/386 1611/2804/386
f 1396/2805/284 1398/2806/284 1394/2807/284
f 1400/2808/385 1612/2809/385 1680/2810/385
f 1394/1466/383 1680/2811/383 1679/2802/383
f 1610/1467/384 1396/2812/384 1609/2813/384
f 1404/2814/390 1673/2815/390 1674/2816/390
f 1404/2817/284 1407/2818/284 1403/2819/284
f 1408/2820/389 1675/2821/389 1676/1479/389
f 1403/2822/387 1676/2823/387 1673/2824/387
f 1678/2825/388 1404/2826/388 1677/2827/388
f 1412/2828/394 1669/2829/394 1667/2830/394
f 1412/2831/284 1415/2832/284 1410/2833/284
f 1415/2159/393 1672/2834/393 1668/2835/393
f 1410/2836/391 1670/2245/391 1669/2837/391
f 1412/2838/392 1672/2839/392 1416/2840/392
f 1419/2841/384 1662/2842/384 1665/2843/384
f 1420/2844/284 1422/2845/284 1419/2846/284
f 1424/2847/383 1663/2848/383 1664/2849/383
f 1419/2850/386 1664/2851/386 1661/2852/386
f 1420/2853/385 1666/2854/385 1424/2855/385
f 1426/2789/388 1656/2856/388 1660/2857/388
f 1428/2858/284 1431/2859/284 1426/2860/284
f 1658/2861/387 1432/2862/387 1659/2863/387
f 1655/2864/390 1431/2865/390 1658/2866/390
f 1428/2867/389 1659/2868/389 1432/2869/389
f 1433/2870/392 1650/2871/392 1653/2872/392
f 1434/2873/284 1435/2874/284 1433/2875/284
f 1435/2876/391 1654/2877/391 1649/2878/391
f 1433/1538/394 1652/2879/394 1651/2880/394
f 1436/2881/393 1653/2882/393 1654/2883/393
f 1437/2884/385 1645/2885/385 1647/2886/385
f 1438/2887/284 1439/2888/284 1437/2889/284
f 1439/2890/386 1648/2891/386 1644/2892/386
f 1437/2854/384 1646/2893/384 1643/2894/384
f 1440/2895/383 1647/2896/383 1648/2850/383
f 1441/2897/389 1639/2898/389 1642/2899/389
f 1442/2900/284 1443/2901/284 1441/2902/284
f 1443/2857/390 1641/2903/390 1638/2904/390
f 1640/2905/388 1443/2906/388 1637/2907/388
f 1444/2908/387 1642/2862/387 1641/2909/387
f 1632/2910/393 1446/2911/393 1634/2912/393
f 1446/2913/284 1447/2914/284 1445/2915/284
f 1448/2916/394 1631/2917/394 1633/2918/394
f 1447/2919/392 1634/2920/392 1445/2921/392
f 1448/2922/391 1636/2923/391 1635/2924/391
f 1747/2925/395 1745/2415/395 1746/2926/395
f 1683/2927/396 1682/2928/396 1681/2929/396
f 1747/2925/397 1750/2474/397 1748/2409/397
f 1683/2927/398 1686/2930/398 1684/2931/398
f 1751/2932/399 1750/2474/399 1749/2933/399
f 1685/2934/400 1688/2935/400 1686/2930/400
f 1753/2936/401 1752/2417/401 1751/2932/401
f 1689/2937/402 1688/2935/402 1687/2938/402
f 1753/2936/403 1756/2422/403 1754/2419/403
f 1691/2939/404 1690/2940/404 1689/2937/404
f 1757/2941/405 1756/2422/405 1755/2942/405
f 1693/2943/406 1692/2944/406 1691/2939/406
f 1757/2941/407 1760/2425/407 1758/2424/407
f 1695/2945/408 1694/2946/408 1693/2943/408
f 1761/2947/409 1760/2425/409 1759/2948/409
f 1695/2945/410 1698/2949/410 1696/2950/410
f 1763/2951/411 1762/2428/411 1761/2947/411
f 1699/2952/412 1698/2949/412 1697/2953/412
f 1763/2951/413 1766/2431/413 1764/2429/413
f 1701/2954/414 1700/2955/414 1699/2952/414
f 1767/2956/415 1766/2431/415 1765/2957/415
f 1701/2954/416 1704/2958/416 1702/2959/416
f 1769/2960/417 1768/2433/417 1767/2956/417
f 1703/2961/418 1706/2962/418 1704/2958/418
f 1769/2960/419 1772/2438/419 1770/2435/419
f 1707/2963/420 1706/2962/420 1705/2964/420
f 1771/2965/421 1774/2440/421 1772/2438/421
f 1709/2343/422 1708/2966/422 1707/2963/422
f 1775/2967/423 1774/2440/423 1773/2968/423
f 1711/2969/424 1710/2970/424 1709/2343/424
f 1777/2971/425 1776/2441/425 1775/2967/425
f 1711/2969/426 1714/2972/426 1712/2973/426
f 1777/2971/427 1780/2445/427 1778/2443/427
f 1715/2974/428 1714/2972/428 1713/2975/428
f 1779/2976/429 1782/2448/429 1780/2445/429
f 1715/2974/430 1718/2977/430 1716/2978/430
f 1781/2979/431 1784/2449/431 1782/2448/431
f 1717/2980/432 1720/2981/432 1718/2977/432
f 1785/2982/433 1784/2449/433 1783/2983/433
f 1721/2984/434 1720/2981/434 1719/2985/434
f 1787/2986/435 1786/2451/435 1785/2982/435
f 1723/2987/436 1722/2988/436 1721/2984/436
f 1787/2986/437 1790/2456/437 1788/2454/437
f 1725/2342/438 1724/2989/438 1723/2987/438
f 1791/2990/439 1790/2456/439 1789/2991/439
f 1727/2992/440 1726/2993/440 1725/2342/440
f 1791/2990/441 1794/2460/441 1792/2458/441
f 1727/2992/442 1730/2994/442 1728/2995/442
f 1795/2996/443 1794/2460/443 1793/2997/443
f 1731/2998/444 1730/2994/444 1729/2999/444
f 1795/2996/445 1798/2464/445 1796/2461/445
f 1731/2998/446 1734/3000/446 1732/3001/446
f 1799/3002/447 1798/2464/447 1797/3003/447
f 1733/3004/448 1736/3005/448 1734/3000/448
f 1801/3006/449 1800/2465/449 1799/3002/449
f 1735/3007/450 1738/3008/450 1736/3005/450
f 1801/3006/451 1804/2470/451 1802/2467/451
f 1739/3009/452 1738/3008/452 1737/3010/452
f 1803/3011/453 1806/2472/453 1804/2470/453
f 1741/2341/454 1740/3012/454 1739/3009/454
f 1682/2928/455 1744/3013/455 1681/2929/455
f 1744/3013/456 1742/3014/456 1741/2341/456
f 1807/3015/457 1806/2472/457 1805/3016/457
f 1745/2415/458 1807/3015/458 1746/2926/458
f 1743/3017/350 1746/2412/350 1807/2404/350
f 2177/3018/284 2129/3019/284 2145/3020/284
f 2191/3021/254 2126/3022/254 2189/3023/254
f 2193/3024/255 2128/3025/255 2191/3021/255
f 2195/3026/256 2130/3027/256 2193/3024/256
f 2197/3028/257 2132/3029/257 2195/3026/257
f 2199/3030/258 2134/3031/258 2197/3028/258
f 2201/3032/259 2136/3033/259 2199/3030/259
f 2203/3034/260 2138/3035/260 2201/3032/260
f 2205/3036/261 2140/3037/261 2203/3034/261
f 2207/3038/262 2142/3039/262 2205/3036/262
f 2209/3040/263 2144/3041/263 2207/3042/263
f 2211/3043/264 2146/3044/264 2209/3040/264
f 2213/3045/265 2148/3046/265 2211/3043/265
f 2215/3047/266 2150/3048/266 2213/3045/266
f 2217/3049/267 2152/3050/267 2215/3047/267
f 2219/3051/268 2154/3052/268 2217/3049/268
f 2221/3053/269 2156/3054/269 2219/3051/269
f 2223/3055/270 2158/3056/270 2221/3057/270
f 2225/3058/271 2160/3059/271 2223/3055/271
f 2227/3060/272 2162/3061/272 2225/3058/272
f 2229/3062/273 2164/3063/273 2227/3060/273
f 2229/3062/274 2168/3064/274 2166/3065/274
f 2233/3066/275 2168/3064/275 2231/3067/275
f 2235/3068/276 2170/3069/276 2233/3066/276
f 2237/3070/277 2172/3071/277 2235/3068/277
f 2239/3072/278 2174/3073/278 2237/3074/278
f 2241/3075/279 2176/3076/279 2239/3072/279
f 2243/3077/280 2178/3078/280 2241/3075/280
f 2245/3079/281 2180/3080/281 2243/3077/281
f 2247/3081/282 2182/3082/282 2245/3079/282
f 2189/3083/283 2124/3084/283 2187/3085/283
f 2188/3086/253 1809/3087/253 1811/3088/253
f 2187/3085/285 2122/3089/285 2186/3090/285
f 2185/3094/253 1870/3092/253 1809/3087/253
f 2192/3095/253 1813/3096/253 1815/3097/253
f 2194/3098/253 1815/3097/253 1817/3099/253
f 1818/3100/253 2194/3098/253 1817/3099/253
f 1821/3101/253 2196/3102/253 1818/3100/253
f 2200/3103/253 1821/3101/253 1822/3104/253
f 2202/3105/253 1822/3104/253 1825/3106/253
f 2204/3107/253 1825/3106/253 1827/3108/253
f 1829/3109/253 2204/3107/253 1827/3108/253
f 2208/3110/253 1829/3109/253 1831/3111/253
f 2210/3112/253 1831/3111/253 1833/3113/253
f 1835/3114/253 2210/3112/253 1833/3113/253
f 1837/3115/253 2212/3116/253 1835/3114/253
f 2216/3117/253 1837/3115/253 1839/3118/253
f 2218/3119/253 1839/3118/253 1841/3120/253
f 2220/3121/253 1841/3120/253 1842/3122/253
f 2222/3123/253 1842/3122/253 1845/3124/253
f 2224/3125/253 1845/3124/253 1846/3126/253
f 2226/3127/253 1846/3126/253 1849/3128/253
f 1851/3129/253 2226/3127/253 1849/3128/253
f 1853/3130/253 2228/3131/253 1851/3129/253
f 2232/3132/253 1853/3130/253 1854/3133/253
f 1857/3134/253 2232/3132/253 1854/3133/253
f 2236/3135/253 1857/3134/253 1858/3136/253
f 1861/3137/253 2236/3135/253 1858/3136/253
f 2240/3138/253 1861/3137/253 1863/3139/253
f 2242/3140/253 1863/3139/253 1865/3141/253
f 1867/3142/253 2242/3140/253 1865/3141/253
f 1869/3143/253 2244/3144/253 1867/3142/253
f 2248/3145/253 1869/3143/253 1870/3092/253
f 2190/3146/253 1811/3088/253 1813/3096/253
f 2069/3397/383 2067/3398/383 1810/3399/383
f 1814/3400/253 1812/3401/253 1810/3402/253
f 2068/3403/384 2065/3404/384 1816/3405/384
f 2066/3406/385 1814/3407/385 1810/2091/385
f 2069/3408/386 1816/2775/386 2070/3409/386
f 2062/3410/387 1819/3411/387 1820/2908/387
f 1819/3412/253 1824/3413/253 1820/3414/253
f 2060/3415/388 1824/3416/388 1823/3417/388
f 2061/3418/389 1823/3419/389 1819/3420/389
f 2064/3421/390 1824/3422/390 2063/3423/390
f 2054/3424/391 1826/3425/391 1828/2911/391
f 1830/3426/253 1828/3427/253 1826/3428/253
f 2056/3429/392 2053/3430/392 1832/3431/392
f 2056/3432/393 1826/2881/393 2055/3433/393
f 2058/3434/394 1832/3435/394 2057/3436/394
f 2051/3437/386 1834/3438/386 1836/3439/386
f 1838/3440/253 1836/3441/253 1834/3442/253
f 2120/3443/385 2052/3444/385 1840/3445/385
f 2120/3446/383 1834/3447/383 2119/3448/383
f 2049/3449/384 1840/3450/384 2050/3451/384
f 2114/3452/390 1843/3453/390 1844/3454/390
f 1843/3455/253 1848/3456/253 1844/3457/253
f 2116/3458/389 2115/3459/389 1848/3460/389
f 2116/3461/387 1843/3462/387 2113/3463/387
f 2117/3464/388 1848/3465/388 2118/1516/388
f 2107/3466/394 1850/1581/394 1852/3467/394
f 1855/3468/253 1852/3469/253 1850/3470/253
f 2108/3471/393 1856/3472/393 1855/3473/393
f 2110/3474/391 1850/3475/391 2109/3476/391
f 2112/3477/392 1852/3478/392 1856/3479/392
f 2105/3480/384 2102/3481/384 1859/3482/384
f 1862/3402/253 1860/3483/253 1859/3400/253
f 2104/3484/383 2103/3485/383 1864/2847/383
f 2104/3486/386 1859/3487/386 2101/3488/386
f 2106/2215/385 1860/3489/385 1864/3490/385
f 2100/3491/388 2096/3492/388 1866/3493/388
f 1866/3494/253 1872/3495/253 1868/3496/253
f 2097/3497/387 1872/3498/387 2098/1560/387
f 2098/3499/390 1866/3500/390 2095/3501/390
f 2099/3502/389 1868/3503/389 1872/3504/389
f 2093/3505/392 2090/3506/392 1873/3507/392
f 1875/3508/253 1874/3509/253 1873/3510/253
f 2089/3511/391 1876/3512/391 1875/3513/391
f 2092/3514/394 1873/3515/394 2091/3516/394
f 2093/3517/393 1876/2836/393 2094/3518/393
f 2087/3519/385 2085/3520/385 1877/2812/385
f 1879/3521/253 1878/3522/253 1877/3523/253
f 2084/3524/386 1880/3525/386 1879/2890/386
f 2086/3526/384 1877/3527/384 2083/3528/384
f 2087/3529/383 1880/3488/383 2088/3530/383
f 2082/3531/389 2080/2786/389 1881/3532/389
f 1881/3533/253 1884/3534/253 1882/3535/253
f 2078/3536/390 1884/3537/390 1883/3538/390
f 2077/3539/388 1881/3540/388 2080/3541/388
f 2082/3542/387 1884/3463/387 2081/3543/387
f 2072/3544/393 1885/3545/393 2076/3546/393
f 1887/3547/253 1886/3548/253 1885/3549/253
f 2073/3550/394 2071/3551/394 1888/3552/394
f 2074/3553/392 1887/2800/392 1885/3554/392
f 2076/3555/391 1888/3556/391 2075/3557/391
f 2185/3094/396 2187/3558/396 2186/3559/396
f 2122/3560/395 2123/3561/395 2121/3562/395
f 2188/3086/398 2189/3563/398 2187/3558/398
f 2124/3564/397 2125/3565/397 2123/3561/397
f 2190/3146/400 2191/3566/400 2189/3563/400
f 2126/3567/399 2127/3568/399 2125/3565/399
f 2191/3566/402 2194/3098/402 2193/3569/402
f 2128/3570/401 2129/3019/401 2127/3568/401
f 2194/3098/404 2195/3571/404 2193/3569/404
f 2129/3019/403 2132/3572/403 2131/3573/403
f 2196/3102/406 2197/3574/406 2195/3571/406
f 2132/3572/405 2133/3575/405 2131/3573/405
f 2198/3576/408 2199/3577/408 2197/3574/408
f 2134/3578/407 2135/3579/407 2133/3575/407
f 2200/3103/410 2201/3580/410 2199/3577/410
f 2135/3579/409 2138/3581/409 2137/3582/409
f 2202/3105/412 2203/3583/412 2201/3580/412
f 2138/3581/411 2139/3584/411 2137/3582/411
f 2203/3583/414 2206/3585/414 2205/3586/414
f 2139/3584/413 2142/3587/413 2141/3588/413
f 2206/3585/416 2207/3589/416 2205/3586/416
f 2141/3588/415 2144/3590/415 2143/3591/415
f 2207/3589/418 2210/3112/418 2209/3592/418
f 2144/3590/417 2145/3020/417 2143/3591/417
f 2210/3112/420 2211/3593/420 2209/3592/420
f 2145/3020/419 2148/3594/419 2147/3595/419
f 2211/3593/422 2214/3596/422 2213/3597/422
f 2148/3594/421 2149/3598/421 2147/3595/421
f 2213/3597/424 2216/3117/424 2215/3599/424
f 2149/3598/423 2152/3600/423 2151/3601/423
f 2215/3599/426 2218/3119/426 2217/3602/426
f 2151/3601/425 2154/3603/425 2153/3604/425
f 2217/3602/428 2220/3121/428 2219/3605/428
f 2154/3603/427 2155/3606/427 2153/3604/427
f 2219/3605/430 2222/3123/430 2221/3607/430
f 2156/3608/429 2157/3609/429 2155/3606/429
f 2222/3123/432 2223/3610/432 2221/3607/432
f 2157/3609/431 2160/3611/431 2159/3612/431
f 2223/3610/434 2226/3127/434 2225/3613/434
f 2160/3611/433 2161/3614/433 2159/3612/433
f 2226/3127/436 2227/3615/436 2225/3613/436
f 2161/3614/435 2164/3616/435 2163/3617/435
f 2227/3615/438 2230/3618/438 2229/3619/438
f 2164/3616/437 2165/3620/437 2163/3617/437
f 2230/3618/440 2231/3621/440 2229/3619/440
f 2166/3622/439 2167/3623/439 2165/3620/439
f 2232/3132/442 2233/3624/442 2231/3621/442
f 2167/3623/441 2170/3625/441 2169/3626/441
f 2233/3624/444 2236/3135/444 2235/3627/444
f 2170/3625/443 2171/3628/443 2169/3626/443
f 2235/3627/446 2238/3629/446 2237/3630/446
f 2172/3631/445 2173/3632/445 2171/3628/445
f 2237/3630/448 2240/3138/448 2239/3633/448
f 2173/3632/447 2176/3634/447 2175/3635/447
f 2239/3633/450 2242/3140/450 2241/3636/450
f 2176/3634/449 2177/3018/449 2175/3635/449
f 2241/3636/452 2244/3144/452 2243/3637/452
f 2177/3018/451 2180/3638/451 2179/3639/451
f 2243/3637/454 2246/3640/454 2245/3641/454
f 2180/3638/453 2181/3642/453 2179/3639/453
f 2122/3560/458 2184/3643/458 2183/3644/458
f 2182/3645/457 2184/3643/457 2181/3642/457
f 2246/3640/456 2247/3646/456 2245/3641/456
f 2186/3559/455 2248/3145/455 2185/3094/455
f 2186/3090/350 2183/3647/350 2247/3081/350
f 829/978/253 827/1626/253 825/1627/253
f 825/1627/253 823/1623/253 821/1620/253
f 821/1620/253 819/1614/253 817/1615/253
f 817/1615/253 815/1608/253 813/1604/253
f 813/1604/253 811/1602/253 809/1603/253
f 809/1603/253 807/1599/253 805/1596/253
f 805/1596/253 803/1589/253 801/1591/253
f 801/1591/253 864/1675/253 861/976/253
f 861/976/253 859/1672/253 857/1673/253
f 857/1673/253 855/1669/253 853/1665/253
f 853/1665/253 851/1660/253 849/1661/253
f 849/1661/253 847/1654/253 845/977/253
f 845/977/253 843/1649/253 841/1650/253
f 841/1650/253 839/1645/253 837/1639/253
f 837/1639/253 835/1637/253 833/1638/253
f 833/1638/253 831/1631/253 829/978/253
f 829/978/253 825/1627/253 821/1620/253
f 821/1620/253 817/1615/253 813/1604/253
f 813/1604/253 809/1603/253 805/1596/253
f 805/1596/253 801/1591/253 861/976/253
f 861/976/253 857/1673/253 853/1665/253
f 853/1665/253 849/1661/253 845/977/253
f 845/977/253 841/1650/253 837/1639/253
f 837/1639/253 833/1638/253 829/978/253
f 829/978/253 821/1620/253 813/1604/253
f 813/1604/253 805/1596/253 861/976/253
f 861/976/253 853/1665/253 845/977/253
f 845/977/253 837/1639/253 829/978/253
f 829/978/253 813/1604/253 861/976/253
f 806/979/254 808/982/254 871/980/254
f 808/982/255 810/984/255 873/983/255
f 810/984/256 812/986/256 875/985/256
f 812/986/257 814/988/257 877/987/257
f 814/988/258 816/990/258 879/989/258
f 816/990/259 818/992/259 881/991/259
f 818/992/260 820/994/260 883/993/260
f 820/994/261 822/996/261 885/995/261
f 822/996/262 824/3809/262 887/997/262
f 824/998/263 826/1001/263 889/999/263
f 826/1001/264 828/1003/264 891/1002/264
f 828/1003/265 830/1005/265 893/1004/265
f 830/1005/266 832/1007/266 895/1006/266
f 832/1007/267 834/1009/267 897/1008/267
f 834/1009/268 836/1011/268 899/1010/268
f 836/1011/269 838/3810/269 901/1012/269
f 838/1013/270 840/1016/270 903/1014/270
f 840/1016/271 842/1018/271 905/1017/271
f 842/1018/272 844/1020/272 907/1019/272
f 844/1020/273 846/1022/273 909/1021/273
f 846/1022/274 848/1039/274 911/1023/274
f 911/1023/275 848/1039/275 850/1024/275
f 850/1024/276 852/1027/276 915/1026/276
f 852/1027/277 854/3811/277 917/1028/277
f 854/1029/278 856/1032/278 919/1030/278
f 856/1032/279 858/1034/279 921/1033/279
f 858/1034/280 860/1036/280 923/1035/280
f 860/1036/281 862/1038/281 925/1037/281
f 862/1038/282 863/1679/282 927/1039/282
f 804/1040/283 806/3812/283 869/1041/283
f 489/1043/284 865/1050/284 868/1044/284
f 802/1046/285 804/1040/285 867/1042/285
f 489/1043/284 550/1048/284 928/1049/284
f 495/1051/284 493/1108/284 870/1052/284
f 495/1051/284 872/1053/284 874/1054/284
f 498/1056/284 497/1055/284 874/1054/284
f 501/1058/284 498/1056/284 876/1057/284
f 501/1058/284 878/1059/284 880/1060/284
f 505/1062/284 502/1061/284 880/1060/284
f 505/1062/284 882/1063/284 884/1064/284
f 509/1066/284 507/1065/284 884/1064/284
f 511/1068/284 509/1066/284 886/1067/284
f 511/1068/284 888/1069/284 890/1070/284
f 515/1072/284 513/1071/284 890/1070/284
f 515/1072/284 892/1073/284 894/1074/284
f 517/1075/284 894/1074/284 896/1076/284
f 521/1078/284 519/1077/284 896/1076/284
f 521/1078/284 898/1079/284 900/1080/284
f 525/1082/284 522/1081/284 900/1080/284
f 525/1082/284 902/1083/284 904/1084/284
f 526/1085/284 904/1084/284 906/1086/284
f 531/1088/284 529/1087/284 906/1086/284
f 531/1088/284 908/1089/284 910/1090/284
f 533/1091/284 910/1090/284 912/1092/284
f 537/1094/284 534/1093/284 912/1092/284
f 537/1094/284 914/1095/284 916/1096/284
f 541/1098/284 538/1097/284 916/1096/284
f 541/1098/284 918/1099/284 920/1100/284
f 543/1101/284 920/1100/284 922/1102/284
f 547/1104/284 545/1103/284 922/1102/284
f 549/1106/284 547/1104/284 924/1105/284
f 549/1106/284 926/1107/284 928/1049/284
f 493/1108/284 491/1045/284 868/1044/284
f 749/1414/383 492/1425/383 490/1412/383
f 490/1412/383 746/3885/383 747/1413/383
f 492/1415/284 496/3886/284 494/1416/284
f 748/1420/384 494/1422/384 496/1418/384
f 496/1418/384 750/1500/384 745/1419/384
f 494/1421/385 748/3887/385 746/1422/385
f 496/1424/386 492/1510/386 749/1412/386
f 742/1428/387 744/2142/387 500/1426/387
f 500/1426/387 499/3888/387 741/1427/387
f 500/1429/284 504/1459/284 503/1430/284
f 740/1434/388 739/3889/388 503/1432/388
f 503/1432/388 504/3890/388 743/1433/388
f 503/1435/389 739/3891/389 741/1436/389
f 504/1438/390 500/3892/390 744/1439/390
f 734/1443/391 738/3893/391 508/1441/391
f 508/1441/391 506/3894/391 735/1442/391
f 508/1444/284 512/3895/284 510/1445/284
f 736/1449/392 510/3896/392 512/1447/392
f 512/1447/392 737/2796/392 733/1448/392
f 506/1450/393 510/3897/393 736/1451/393
f 512/1453/394 508/3898/394 738/1454/394
f 731/1458/386 729/3448/386 516/1456/386
f 516/1456/386 514/3899/386 799/1457/386
f 516/1459/284 520/1548/284 518/1460/284
f 800/1463/385 518/3900/385 520/1461/385
f 520/1461/385 730/3901/385 732/1462/385
f 514/1464/383 518/2084/383 800/1465/383
f 520/1467/384 516/2813/384 729/1468/384
f 794/1472/390 797/3902/390 524/1470/390
f 524/1470/390 523/3903/390 793/1471/390
f 524/1473/284 528/3904/284 527/1474/284
f 796/1478/389 527/2097/389 528/1476/389
f 528/1476/389 798/2897/389 795/1477/389
f 523/1479/387 527/3905/387 796/1480/387
f 528/1482/388 524/3493/388 797/1483/388
f 787/1487/394 791/3906/394 532/1485/394
f 532/1485/394 530/3907/394 789/1486/394
f 532/1488/284 536/3908/284 535/1489/284
f 788/1493/393 790/3909/393 535/1491/393
f 535/1491/393 536/3910/393 792/1492/393
f 530/1494/391 535/3911/391 790/1495/391
f 532/1497/392 791/3912/392 792/1498/392
f 785/1502/384 540/3913/384 539/1500/384
f 539/1500/384 781/2772/384 782/1501/384
f 540/1503/284 544/3914/284 542/1504/284
f 784/1508/383 542/1557/383 544/1506/383
f 544/1506/383 786/3915/383 783/1507/383
f 539/1509/386 542/3916/386 784/1510/386
f 540/1511/385 785/2808/385 786/1512/385
f 780/1516/388 548/2189/388 546/1514/388
f 546/1514/388 775/3464/388 776/1515/388
f 548/1517/284 552/3917/284 551/1518/284
f 779/1522/558 777/3918/558 778/1520/558
f 778/1520/387 551/3919/387 552/1521/387
f 546/1523/390 551/1439/390 778/1524/390
f 548/1526/389 780/3920/389 779/1527/389
f 773/1531/392 554/3921/392 553/1529/392
f 553/1529/392 771/2870/392 770/1530/392
f 554/1532/284 556/3922/284 555/1533/284
f 769/1537/391 772/3923/391 555/1535/391
f 555/1535/391 556/3924/391 774/1536/391
f 771/1538/394 553/3925/394 555/1539/394
f 556/1541/393 554/3545/393 773/1542/393
f 767/1546/385 558/3527/385 557/1544/385
f 557/1544/385 763/3926/385 765/1545/385
f 558/1547/284 560/1460/284 559/1548/284
f 764/1552/386 766/3927/386 559/1550/386
f 559/1550/386 560/2891/386 768/1551/386
f 763/1553/384 557/3928/384 559/1554/384
f 560/1556/383 558/3929/383 767/1506/383
f 762/1560/389 562/3930/389 561/1558/389
f 561/1558/389 760/3931/389 759/1559/389
f 562/1561/284 564/3932/284 563/1562/284
f 758/1565/390 757/3933/390 563/1563/390
f 563/1563/390 564/3934/390 761/1564/390
f 561/1566/388 563/3935/388 757/1567/388
f 564/1569/387 562/2779/387 762/1570/387
f 752/1572/393 756/3936/393 566/1573/393
f 566/1573/393 565/3937/393 754/1574/393
f 566/1575/284 568/3938/284 567/1576/284
f 753/1580/394 567/3939/394 568/1578/394
f 568/1578/394 755/2916/394 751/1579/394
f 567/1581/392 753/3940/392 754/1582/392
f 568/1584/391 566/3941/391 756/1585/391
f 867/1587/395 868/1044/395 865/1050/395
f 803/1589/396 804/1593/396 802/1590/396
f 867/1587/397 869/1595/397 870/1052/397
f 803/1589/398 805/1596/398 806/1592/398
f 871/1594/399 872/1053/399 870/1052/399
f 805/1596/400 807/1599/400 808/1597/400
f 873/1598/401 874/1054/401 872/1053/401
f 807/1599/402 809/1603/402 810/1600/402
f 875/1601/403 876/1057/403 874/1054/403
f 811/1602/404 812/1605/404 810/1600/404
f 875/1601/405 877/1607/405 878/1059/405
f 813/1604/406 814/1609/406 812/1605/406
f 879/1606/407 880/1060/407 878/1059/407
f 815/1608/408 816/1612/408 814/1609/408
f 881/1610/409 882/1063/409 880/1060/409
f 815/1608/410 817/1615/410 818/1611/410
f 883/1613/411 884/1064/411 882/1063/411
f 819/1614/412 820/1618/412 818/1611/412
f 885/1616/413 886/1067/413 884/1064/413
f 819/1614/414 821/1620/414 822/1617/414
f 887/1619/415 888/1069/415 886/1067/415
f 821/1620/416 823/1623/416 824/1621/416
f 889/1622/417 890/1070/417 888/1069/417
f 823/1623/418 825/1627/418 826/1624/418
f 891/1625/419 892/1073/419 890/1070/419
f 827/1626/420 828/1629/420 826/1624/420
f 893/1628/421 894/1074/421 892/1073/421
f 829/978/422 830/1632/422 828/1629/422
f 895/1630/423 896/1076/423 894/1074/423
f 831/1631/424 832/1634/424 830/1632/424
f 895/1630/425 897/1636/425 898/1079/425
f 831/1631/426 833/1638/426 834/1633/426
f 899/1635/427 900/1080/427 898/1079/427
f 835/1637/428 836/1640/428 834/1633/428
f 899/1635/429 901/1642/429 902/1083/429
f 837/1639/430 838/1644/430 836/1640/430
f 903/1641/431 904/1084/431 902/1083/431
f 837/1639/432 839/1645/432 840/1643/432
f 903/1641/433 905/1648/433 906/1086/433
f 839/1645/434 841/1650/434 842/1646/434
f 907/1647/435 908/1089/435 906/1086/435
f 843/1649/436 844/1651/436 842/1646/436
f 907/1647/437 909/1653/437 910/1090/437
f 845/977/438 846/1655/438 844/1651/438
f 911/1652/439 912/1092/439 910/1090/439
f 847/1654/440 848/1657/440 846/1655/440
f 911/1652/441 913/1659/441 914/1095/441
f 847/1654/442 849/1661/442 850/1656/442
f 915/1658/443 916/1096/443 914/1095/443
f 851/1660/444 852/1663/444 850/1656/444
f 915/1658/445 917/1664/445 918/1099/445
f 851/1660/446 853/1665/446 854/1662/446
f 917/1664/447 919/1668/447 920/1100/447
f 853/1665/448 855/1669/448 856/1666/448
f 921/1667/449 922/1102/449 920/1100/449
f 855/1669/450 857/1673/450 858/1670/450
f 923/1671/451 924/1105/451 922/1102/451
f 859/1672/452 860/1674/452 858/1670/452
f 923/1671/453 925/1678/453 926/1107/453
f 861/976/454 862/1676/454 860/1674/454
f 802/1590/455 863/3942/455 864/1675/455
f 864/1675/456 863/3942/456 862/1676/456
f 927/1677/457 928/1049/457 926/1107/457
f 928/1049/458 927/1677/458 866/1588/458
f 863/1679/350 802/1046/350 866/1024/350
f 1265/1682/284 1267/2285/284 1269/2288/284
f 1269/2288/284 1271/2291/284 1273/2293/284
f 1273/2293/284 1275/2296/284 1277/2300/284
f 1277/2300/284 1279/2303/284 1281/2305/284
f 1281/2305/284 1283/2308/284 1285/2312/284
f 1285/2312/284 1287/2315/284 1289/2318/284
f 1289/2318/284 1291/2320/284 1293/2324/284
f 1293/2324/284 1295/2327/284 1297/1680/284
f 1297/1680/284 1299/2331/284 1301/2334/284
f 1301/2334/284 1304/2336/284 1241/2250/284
f 1241/2250/284 1243/2252/284 1245/2254/284
f 1245/2254/284 1247/2257/284 1249/1681/284
f 1249/1681/284 1251/2261/284 1253/2265/284
f 1253/2265/284 1255/2268/284 1257/2271/284
f 1257/2271/284 1259/2274/284 1261/2277/284
f 1261/2277/284 1263/2281/284 1265/1682/284
f 1265/1682/284 1269/2288/284 1273/2293/284
f 1273/2293/284 1277/2300/284 1281/2305/284
f 1281/2305/284 1285/2312/284 1289/2318/284
f 1289/2318/284 1293/2324/284 1297/1680/284
f 1297/1680/284 1301/2334/284 1241/2250/284
f 1241/2250/284 1245/2254/284 1249/1681/284
f 1249/1681/284 1253/2265/284 1257/2271/284
f 1257/2271/284 1261/2277/284 1265/1682/284
f 1265/1682/284 1273/2293/284 1281/2305/284
f 1281/2305/284 1289/2318/284 1297/1680/284
f 1297/1680/284 1241/2250/284 1249/1681/284
f 1249/1681/284 1257/2271/284 1265/1682/284
f 1265/1682/284 1281/2305/284 1297/1680/284
f 1311/1683/254 1248/1687/254 1246/1684/254
f 1313/1686/255 1250/1689/255 1248/1687/255
f 1315/1688/256 1252/1691/256 1250/1689/256
f 1317/1690/257 1254/1693/257 1252/1691/257
f 1319/1692/258 1256/1695/258 1254/1693/258
f 1321/1694/259 1258/1697/259 1256/1695/259
f 1323/1696/260 1260/1699/260 1258/1697/260
f 1325/1698/261 1262/1701/261 1260/1699/261
f 1327/1700/262 1264/3943/262 1262/1701/262
f 1329/1702/263 1266/1706/263 1264/1703/263
f 1331/1705/264 1268/1708/264 1266/1706/264
f 1333/1707/265 1270/1710/265 1268/1708/265
f 1333/1707/266 1335/1712/266 1272/1709/266
f 1337/1711/267 1274/1714/267 1272/1709/267
f 1339/1713/268 1276/1716/268 1274/1714/268
f 1341/1715/269 1278/3944/269 1276/1716/269
f 1343/1717/270 1280/1721/270 1278/1718/270
f 1345/1720/271 1282/1723/271 1280/1721/271
f 1347/1722/272 1284/1725/272 1282/1723/272
f 1349/1724/273 1286/1727/273 1284/1725/273
f 1351/1726/274 1288/1729/274 1286/1727/274
f 1353/1728/275 1290/1731/275 1288/1729/275
f 1355/1730/276 1292/1733/276 1290/1731/276
f 1357/1732/277 1294/3945/277 1292/1733/277
f 1359/1734/278 1296/1738/278 1294/1735/278
f 1361/1737/279 1298/1740/279 1296/1738/279
f 1363/1739/280 1300/1742/280 1298/1740/280
f 1365/1741/281 1302/1744/281 1300/1742/281
f 1367/1743/282 1303/2340/282 1302/1744/282
f 1309/1745/283 1246/3946/283 1244/1746/283
f 1308/1748/253 1305/1755/253 929/1749/253
f 1307/1747/285 1244/1746/285 1242/1751/285
f 1305/1755/253 1368/1805/253 990/1756/253
f 1312/1757/253 1310/3947/253 933/1758/253
f 1314/1760/253 1312/1757/253 935/1759/253
f 938/1762/253 1316/1764/253 1314/1760/253
f 941/1763/253 1318/2262/253 1316/1764/253
f 1320/1765/253 1318/2262/253 941/1763/253
f 945/1767/253 1322/2269/253 1320/1765/253
f 1324/1768/253 1322/2269/253 945/1767/253
f 949/1770/253 1326/2278/253 1324/1768/253
f 1328/1771/253 1326/2278/253 949/1770/253
f 1330/1773/253 1328/1771/253 951/1772/253
f 955/1775/253 1332/1777/253 1330/1773/253
f 957/1776/253 1334/3948/253 1332/1777/253
f 1336/1778/253 1334/3948/253 957/1776/253
f 1338/1780/253 1336/1778/253 959/1779/253
f 1340/1782/253 1338/1780/253 961/1781/253
f 965/1784/253 1342/2297/253 1340/1782/253
f 1344/1785/253 1342/2297/253 965/1784/253
f 1346/1787/253 1344/1785/253 966/1786/253
f 971/1789/253 1348/1791/253 1346/1787/253
f 973/1790/253 1350/2309/253 1348/1791/253
f 1352/1792/253 1350/2309/253 973/1790/253
f 977/1794/253 1354/3949/253 1352/1792/253
f 1356/1795/253 1354/3949/253 977/1794/253
f 981/1797/253 1358/2321/253 1356/1795/253
f 1360/1798/253 1358/2321/253 981/1797/253
f 1362/1800/253 1360/1798/253 983/1799/253
f 987/1802/253 1364/1804/253 1362/1800/253
f 989/1803/253 1366/2332/253 1364/1804/253
f 1368/1805/253 1366/2332/253 989/1803/253
f 933/1758/253 1310/3947/253 1308/1748/253
f 930/2084/383 932/1464/383 1189/2082/383
f 1187/2083/383 1186/4038/383 930/2084/383
f 934/2085/253 936/4039/253 932/2086/253
f 936/2090/384 934/4040/384 1188/2088/384
f 1185/2089/384 1190/4041/384 936/2090/384
f 1186/2091/385 1188/3407/385 934/2092/385
f 1189/2093/386 932/4042/386 936/2094/386
f 940/2097/387 1184/4043/387 1182/2096/387
f 1182/2096/387 1181/2186/387 939/1476/387
f 943/2098/253 944/4044/253 940/2099/253
f 943/2103/388 1179/4045/388 1180/2101/388
f 1180/2101/388 1183/2785/388 944/2102/388
f 1181/2104/389 1179/4046/389 943/1435/389
f 1184/2105/390 940/4047/390 944/2106/390
f 948/2110/391 1178/1543/391 1174/2108/391
f 1174/2108/391 1175/1542/391 946/2109/391
f 950/2111/253 952/4048/253 948/2112/253
f 952/2116/392 950/4049/392 1176/2114/392
f 1173/2115/392 1177/4050/392 952/2116/392
f 1176/2117/393 950/4051/393 946/2118/393
f 1178/2120/394 948/2202/394 952/2121/394
f 956/2095/386 1169/4052/386 1171/2123/386
f 1171/2123/386 1239/4053/386 954/2093/386
f 958/2124/253 960/4054/253 956/2125/253
f 960/2129/385 958/4055/385 1240/2127/385
f 1172/2128/385 1170/4056/385 960/2129/385
f 1240/2130/383 958/4057/383 954/2131/383
f 1169/2133/384 956/4058/384 960/2134/384
f 964/2138/390 1237/4059/390 1234/2136/390
f 1234/2136/390 1233/4060/390 963/2137/390
f 967/2139/253 968/4061/253 964/2140/253
f 968/2144/389 967/4062/389 1236/2142/389
f 1236/2142/253 1235/4063/253 1238/2143/253
f 1236/2145/387 967/4064/387 963/2146/387
f 1237/2148/388 964/4065/388 968/2149/388
f 972/2153/394 1231/4066/394 1227/2151/394
f 1227/2151/394 1229/3552/394 970/2152/394
f 975/2154/253 976/4067/253 972/2155/253
f 975/2159/393 1230/4068/393 1228/2157/393
f 1228/2157/393 1232/4069/393 976/2158/393
f 1230/2160/391 975/4070/391 970/2161/391
f 1232/1498/392 1231/3912/392 972/2163/392
f 979/2167/384 980/4071/384 1225/2165/384
f 1222/2166/384 1221/4072/384 979/2167/384
f 982/2168/253 984/4073/253 980/2169/253
f 984/2173/383 982/2082/383 1224/2171/383
f 1223/2172/383 1226/4074/383 984/2173/383
f 1224/2174/386 982/4075/386 979/2171/386
f 1226/2176/385 1225/2167/385 980/2177/385
f 986/2181/388 988/4076/388 1220/2179/388
f 1216/2180/388 1215/4077/388 986/2181/388
f 991/2182/253 992/3908/253 988/2183/253
f 1217/2185/387 1219/2221/387 992/2186/387
f 992/2186/387 991/4078/387 1218/2187/387
f 1218/2188/390 991/1514/390 986/2189/390
f 1219/2191/389 1220/4079/389 988/2192/389
f 993/2196/392 994/4080/392 1213/2194/392
f 1210/2195/392 1211/4081/392 993/2196/392
f 995/2197/253 996/4082/253 994/2198/253
f 995/2201/391 1212/3936/391 1209/2199/391
f 1209/2199/391 1214/1574/391 996/2200/391
f 1212/2202/394 995/4083/394 993/2203/394
f 1213/2205/393 994/4084/393 996/2206/393
f 997/2209/385 998/2088/385 1207/1469/385
f 1205/2208/385 1203/1468/385 997/2209/385
f 999/2210/253 1000/4085/253 998/2211/253
f 999/2132/386 1206/3927/386 1204/1552/386
f 1204/1552/386 1208/1551/386 1000/2213/386
f 1206/2214/384 999/4086/384 997/2215/384
f 1207/2216/383 998/4087/383 1000/2217/383
f 1001/2221/389 1002/2187/389 1202/2219/389
f 1199/2220/389 1200/4088/389 1001/2221/389
f 1003/2222/253 1004/4089/253 1002/2223/253
f 1003/2227/390 1197/4090/390 1198/2225/390
f 1198/2225/390 1201/4091/390 1004/2226/390
f 1197/2228/388 1003/4092/388 1001/2229/388
f 1202/2231/387 1002/4088/387 1004/2232/387
f 1192/2233/393 1194/4093/393 1005/2234/393
f 1005/2234/393 1006/4094/393 1196/2235/393
f 1007/2236/253 1008/4095/253 1006/2237/253
f 1008/2241/394 1007/4096/394 1193/2239/394
f 1191/2240/394 1195/4097/394 1008/2241/394
f 1194/2242/392 1193/4098/392 1007/2243/392
f 1196/2245/391 1006/4099/391 1008/2246/391
f 1305/1755/396 1308/1748/396 1307/2248/396
f 1241/2250/395 1242/2335/395 1244/2251/395
f 1308/1748/398 1310/3947/398 1309/2253/398
f 1244/2251/397 1246/4100/397 1245/2254/397
f 1309/2253/400 1310/3947/400 1312/1757/400
f 1245/2254/399 1246/4100/399 1248/2256/399
f 1312/1757/402 1314/1760/402 1313/2258/402
f 1247/2257/401 1248/2256/401 1250/2259/401
f 1314/1760/404 1316/1764/404 1315/2260/404
f 1250/2259/403 1252/2264/403 1251/2261/403
f 1315/2260/406 1316/1764/406 1318/2262/406
f 1252/2264/405 1254/4101/405 1253/2265/405
f 1318/2262/408 1320/1765/408 1319/2266/408
f 1253/2265/407 1254/4101/407 1256/2267/407
f 1319/2266/410 1320/1765/410 1322/2269/410
f 1256/2267/409 1258/2273/409 1257/2271/409
f 1322/2269/412 1324/1768/412 1323/2272/412
f 1258/2273/411 1260/4102/411 1259/2274/411
f 1324/1768/414 1326/2278/414 1325/2275/414
f 1259/2274/413 1260/4102/413 1262/2276/413
f 1326/2278/416 1328/1771/416 1327/2279/416
f 1261/2277/415 1262/2276/415 1264/2280/415
f 1328/1771/418 1330/1773/418 1329/2282/418
f 1263/2281/417 1264/2280/417 1266/2283/417
f 1330/1773/420 1332/1777/420 1331/2284/420
f 1266/2283/419 1268/2287/419 1267/2285/419
f 1332/1777/422 1334/3948/422 1333/2286/422
f 1268/2287/421 1270/4103/421 1269/2288/421
f 1333/2286/424 1334/3948/424 1336/1778/424
f 1269/2288/423 1270/4103/423 1272/2290/423
f 1335/2289/426 1336/1778/426 1338/1780/426
f 1272/2290/425 1274/2295/425 1273/2293/425
f 1337/2292/428 1338/1780/428 1340/1782/428
f 1274/2295/427 1276/4104/427 1275/2296/427
f 1339/2294/430 1340/1782/430 1342/2297/430
f 1275/2296/429 1276/4104/429 1278/2299/429
f 1342/2297/432 1344/1785/432 1343/2301/432
f 1277/2300/431 1278/2299/431 1280/2302/431
f 1343/2301/434 1344/1785/434 1346/1787/434
f 1280/2302/433 1282/2307/433 1281/2305/433
f 1346/1787/436 1348/1791/436 1347/2306/436
f 1282/2307/435 1284/2311/435 1283/2308/435
f 1347/2306/438 1348/1791/438 1350/2309/438
f 1284/2311/437 1286/2314/437 1285/2312/437
f 1349/2310/440 1350/2309/440 1352/1792/440
f 1286/2314/439 1288/4105/439 1287/2315/439
f 1352/1792/442 1354/3949/442 1353/2316/442
f 1287/2315/441 1288/4105/441 1290/2317/441
f 1353/2316/444 1354/3949/444 1356/1795/444
f 1290/2317/443 1292/2323/443 1291/2320/443
f 1355/2319/446 1356/1795/446 1358/2321/446
f 1292/2323/445 1294/4106/445 1293/2324/445
f 1358/2321/448 1360/1798/448 1359/2325/448
f 1293/2324/447 1294/4106/447 1296/2326/447
f 1359/2325/450 1360/1798/450 1362/1800/450
f 1296/2326/449 1298/4107/449 1297/1680/449
f 1361/2328/452 1362/1800/452 1364/1804/452
f 1297/1680/451 1298/4107/451 1300/2330/451
f 1363/2329/454 1364/1804/454 1366/2332/454
f 1300/2330/453 1302/2338/453 1301/2334/453
f 1242/2335/458 1241/2250/458 1304/2336/458
f 1302/2338/457 1303/2337/457 1304/2336/457
f 1365/2333/456 1366/2332/456 1368/1805/456
f 1306/2249/455 1367/2339/455 1368/1805/455
f 1306/1752/350 1242/1751/350 1303/2340/350
f 1709/2343/253 1707/2963/253 1705/2964/253
f 1705/2964/253 1703/2961/253 1701/2954/253
f 1701/2954/253 1699/2952/253 1697/2953/253
f 1697/2953/253 1695/2945/253 1693/2943/253
f 1693/2943/253 1691/2939/253 1689/2937/253
f 1689/2937/253 1687/2938/253 1685/2934/253
f 1685/2934/253 1683/2927/253 1681/2929/253
f 1681/2929/253 1744/3013/253 1741/2341/253
f 1741/2341/253 1739/3009/253 1737/3010/253
f 1737/3010/253 1735/3007/253 1733/3004/253
f 1733/3004/253 1731/2998/253 1729/2999/253
f 1729/2999/253 1727/2992/253 1725/2342/253
f 1725/2342/253 1723/2987/253 1721/2984/253
f 1721/2984/253 1719/2985/253 1717/2980/253
f 1717/2980/253 1715/2974/253 1713/2975/253
f 1713/2975/253 1711/2969/253 1709/2343/253
f 1709/2343/253 1705/2964/253 1701/2954/253
f 1701/2954/253 1697/2953/253 1693/2943/253
f 1693/2943/253 1689/2937/253 1685/2934/253
f 1685/2934/253 1681/2929/253 1741/2341/253
f 1741/2341/253 1737/3010/253 1733/3004/253
f 1733/3004/253 1729/2999/253 1725/2342/253
f 1725/2342/253 1721/2984/253 1717/2980/253
f 1717/2980/253 1713/2975/253 1709/2343/253
f 1709/2343/253 1701/2954/253 1693/2943/253
f 1693/2943/253 1685/2934/253 1741/2341/253
f 1741/2341/253 1733/3004/253 1725/2342/253
f 1725/2342/253 1717/2980/253 1709/2343/253
f 1709/2343/253 1693/2943/253 1741/2341/253
f 1686/2344/254 1688/2347/254 1751/2345/254
f 1688/2347/255 1690/2349/255 1753/2348/255
f 1690/2349/256 1692/4108/256 1755/2350/256
f 1755/2350/257 1692/4108/257 1694/2351/257
f 1694/2351/258 1696/2354/258 1759/2353/258
f 1696/2354/259 1698/2356/259 1761/2355/259
f 1698/2356/260 1700/2358/260 1763/2357/260
f 1700/2358/261 1702/2360/261 1765/2359/261
f 1702/2360/262 1704/4109/262 1767/2361/262
f 1704/2362/263 1706/2365/263 1769/2363/263
f 1706/2365/264 1708/2367/264 1771/2366/264
f 1708/2367/265 1710/2369/265 1773/2368/265
f 1710/2369/266 1712/2371/266 1775/2370/266
f 1712/2371/267 1714/2373/267 1777/2372/267
f 1714/2373/268 1716/2375/268 1779/2374/268
f 1716/2375/269 1718/4110/269 1781/2376/269
f 1718/2377/270 1720/2380/270 1783/2378/270
f 1720/2380/271 1722/2382/271 1785/2381/271
f 1722/2382/272 1724/2384/272 1787/2383/272
f 1724/2384/273 1726/2386/273 1789/2385/273
f 1726/2386/274 1728/4111/274 1791/2387/274
f 1791/2387/275 1728/4111/275 1730/2388/275
f 1793/2389/276 1730/2388/276 1732/2390/276
f 1795/2391/277 1732/2390/277 1734/2392/277
f 1734/2394/278 1736/2397/278 1799/2395/278
f 1736/2397/279 1738/2399/279 1801/2398/279
f 1738/2399/280 1740/2401/280 1803/2400/280
f 1740/2401/281 1742/2403/281 1805/2402/281
f 1742/2403/282 1743/3017/282 1807/2404/282
f 1747/2405/283 1684/4112/283 1686/2406/283
f 1369/2408/284 1745/2415/284 1748/2409/284
f 1682/2411/285 1684/4112/285 1747/2405/285
f 1430/2414/284 1808/2473/284 1745/2415/284
f 1373/2416/284 1750/2474/284 1752/2417/284
f 1375/2418/284 1752/2417/284 1754/2419/284
f 1378/2421/284 1377/2420/284 1754/2419/284
f 1381/2423/284 1378/2421/284 1756/2422/284
f 1381/2423/284 1758/2424/284 1760/2425/284
f 1385/2427/284 1382/2426/284 1760/2425/284
f 1385/2427/284 1762/2428/284 1764/2429/284
f 1387/2430/284 1764/2429/284 1766/2431/284
f 1389/2432/284 1766/2431/284 1768/2433/284
f 1391/2434/284 1768/2433/284 1770/2435/284
f 1395/2437/284 1393/2436/284 1770/2435/284
f 1397/2439/284 1395/2437/284 1772/2438/284
f 1397/2439/284 1774/2440/284 1776/2441/284
f 1399/2442/284 1776/2441/284 1778/2443/284
f 1401/2444/284 1778/2443/284 1780/2445/284
f 1405/2447/284 1402/2446/284 1780/2445/284
f 1405/2447/284 1782/2448/284 1784/2449/284
f 1406/2450/284 1784/2449/284 1786/2451/284
f 1411/2453/284 1409/2452/284 1786/2451/284
f 1413/2455/284 1411/2453/284 1788/2454/284
f 1414/2457/284 1413/2455/284 1790/2456/284
f 1417/2459/284 1414/2457/284 1792/2458/284
f 1417/2459/284 1794/2460/284 1796/2461/284
f 1421/2463/284 1418/2462/284 1796/2461/284
f 1421/2463/284 1798/2464/284 1800/2465/284
f 1423/2466/284 1800/2465/284 1802/2467/284
f 1427/2469/284 1425/2468/284 1802/2467/284
f 1429/2471/284 1427/2469/284 1804/2470/284
f 1429/2471/284 1806/2472/284 1808/2473/284
f 1373/2416/284 1371/2410/284 1748/2409/284
f 1629/2175/383 1372/2849/383 1370/2764/383
f 1370/2764/383 1626/2174/383 1627/2765/383
f 1372/2766/284 1376/4184/284 1374/2767/284
f 1628/2771/384 1374/1553/384 1376/2769/384
f 1376/2769/384 1630/2841/384 1625/2770/384
f 1374/2772/385 1628/4185/385 1626/2773/385
f 1376/2775/386 1372/4186/386 1629/2776/386
f 1622/2780/387 1624/1569/387 1380/2778/387
f 1380/2778/387 1379/2863/387 1621/2779/387
f 1380/2781/284 1384/4187/284 1383/2782/284
f 1620/2101/388 1619/4045/388 1383/2784/388
f 1383/2784/388 1384/4188/388 1623/2785/388
f 1379/1436/389 1383/3891/389 1619/2786/389
f 1384/2788/390 1380/4189/390 1624/2789/390
f 1614/2792/391 1618/4190/391 1388/2201/391
f 1388/2201/391 1386/2200/391 1615/2791/391
f 1388/2793/284 1392/4191/284 1390/2794/284
f 1616/2114/392 1390/1449/392 1392/2796/392
f 1392/2796/392 1617/4050/392 1613/2115/392
f 1386/2118/393 1390/4051/393 1616/2797/393
f 1617/2799/394 1392/4192/394 1388/2800/394
f 1611/2804/386 1609/4193/386 1396/2802/386
f 1396/2802/386 1394/4194/386 1679/2803/386
f 1396/2805/284 1400/4195/284 1398/2806/284
f 1680/2810/385 1398/4196/385 1400/2808/385
f 1400/2808/385 1610/1554/385 1612/2809/385
f 1394/1466/383 1398/4197/383 1680/2811/383
f 1610/1467/384 1400/4198/384 1396/2812/384
f 1674/2816/390 1677/4199/390 1404/2814/390
f 1404/2814/390 1403/4200/390 1673/2815/390
f 1404/2817/284 1408/4201/284 1407/2818/284
f 1676/1479/389 1407/4202/389 1408/2820/389
f 1408/2820/389 1678/3905/389 1675/2821/389
f 1403/2822/387 1407/4203/387 1676/2823/387
f 1678/2825/388 1408/4204/388 1404/2826/388
f 1667/2830/394 1671/4205/394 1412/2828/394
f 1412/2828/394 1410/4206/394 1669/2829/394
f 1412/2831/284 1416/4207/284 1415/2832/284
f 1668/2835/393 1670/4208/393 1415/2159/393
f 1415/2159/393 1416/2158/393 1672/2834/393
f 1410/2836/391 1415/4209/391 1670/2245/391
f 1412/2838/392 1671/4210/392 1672/2839/392
f 1665/2843/384 1420/4211/384 1419/2841/384
f 1419/2841/384 1661/4212/384 1662/2842/384
f 1420/2844/284 1424/4213/284 1422/2845/284
f 1664/2849/383 1422/4214/383 1424/2847/383
f 1424/2847/383 1666/4215/383 1663/2848/383
f 1419/2850/386 1422/4216/386 1664/2851/386
f 1420/2853/385 1665/4217/385 1666/2854/385
f 1660/2857/388 1428/4218/388 1426/2789/388
f 1426/2789/388 1655/4219/388 1656/2856/388
f 1428/2858/284 1432/4220/284 1431/2859/284
f 1659/2863/562 1657/4221/562 1658/2861/562
f 1658/2861/387 1431/4222/387 1432/2862/387
f 1655/2864/390 1426/4223/390 1431/2865/390
f 1428/2867/389 1660/1526/389 1659/2868/389
f 1653/2872/392 1434/1531/392 1433/2870/392
f 1433/2870/392 1651/4224/392 1650/2871/392
f 1434/2873/284 1436/4225/284 1435/2874/284
f 1649/2878/391 1652/4226/391 1435/2876/391
f 1435/2876/391 1436/4227/391 1654/2877/391
f 1433/1538/394 1435/1540/394 1652/2879/394
f 1436/2881/393 1434/4228/393 1653/2882/393
f 1647/2886/385 1438/4229/385 1437/2884/385
f 1437/2884/385 1643/4230/385 1645/2885/385
f 1438/2887/284 1440/4231/284 1439/2888/284
f 1644/2892/386 1646/1550/386 1439/2890/386
f 1439/2890/386 1440/3525/386 1648/2891/386
f 1437/2854/384 1439/4232/384 1646/2893/384
f 1440/2895/383 1438/4233/383 1647/2896/383
f 1642/2899/389 1442/4234/389 1441/2897/389
f 1441/2897/389 1640/4203/389 1639/2898/389
f 1442/2900/284 1444/4235/284 1443/2901/284
f 1638/2904/390 1637/4236/390 1443/2857/390
f 1443/2857/390 1444/4219/390 1641/2903/390
f 1640/2905/388 1441/4237/388 1443/2906/388
f 1444/2908/387 1442/3411/387 1642/2862/387
f 1632/2910/393 1636/4238/393 1446/2911/393
f 1446/2911/393 1445/3425/393 1634/2912/393
f 1446/2913/284 1448/4239/284 1447/2914/284
f 1633/2918/394 1447/1580/394 1448/2916/394
f 1448/2916/394 1635/4240/394 1631/2917/394
f 1447/2919/392 1633/4241/392 1634/2920/392
f 1448/2922/391 1446/4242/391 1636/2923/391
f 1747/2925/395 1748/2409/395 1745/2415/395
f 1683/2927/396 1684/2931/396 1682/2928/396
f 1747/2925/397 1749/2933/397 1750/2474/397
f 1683/2927/398 1685/2934/398 1686/2930/398
f 1751/2932/399 1752/2417/399 1750/2474/399
f 1685/2934/400 1687/2938/400 1688/2935/400
f 1753/2936/401 1754/2419/401 1752/2417/401
f 1689/2937/402 1690/2940/402 1688/2935/402
f 1753/2936/403 1755/2942/403 1756/2422/403
f 1691/2939/404 1692/2944/404 1690/2940/404
f 1757/2941/405 1758/2424/405 1756/2422/405
f 1693/2943/406 1694/2946/406 1692/2944/406
f 1757/2941/407 1759/2948/407 1760/2425/407
f 1695/2945/408 1696/2950/408 1694/2946/408
f 1761/2947/409 1762/2428/409 1760/2425/409
f 1695/2945/410 1697/2953/410 1698/2949/410
f 1763/2951/411 1764/2429/411 1762/2428/411
f 1699/2952/412 1700/2955/412 1698/2949/412
f 1763/2951/413 1765/2957/413 1766/2431/413
f 1701/2954/414 1702/2959/414 1700/2955/414
f 1767/2956/415 1768/2433/415 1766/2431/415
f 1701/2954/416 1703/2961/416 1704/2958/416
f 1769/2960/417 1770/2435/417 1768/2433/417
f 1703/2961/418 1705/2964/418 1706/2962/418
f 1769/2960/419 1771/2965/419 1772/2438/419
f 1707/2963/420 1708/2966/420 1706/2962/420
f 1771/2965/421 1773/2968/421 1774/2440/421
f 1709/2343/422 1710/2970/422 1708/2966/422
f 1775/2967/423 1776/2441/423 1774/2440/423
f 1711/2969/424 1712/2973/424 1710/2970/424
f 1777/2971/425 1778/2443/425 1776/2441/425
f 1711/2969/426 1713/2975/426 1714/2972/426
f 1777/2971/427 1779/2976/427 1780/2445/427
f 1715/2974/428 1716/2978/428 1714/2972/428
f 1779/2976/429 1781/2979/429 1782/2448/429
f 1715/2974/430 1717/2980/430 1718/2977/430
f 1781/2979/431 1783/2983/431 1784/2449/431
f 1717/2980/432 1719/2985/432 1720/2981/432
f 1785/2982/433 1786/2451/433 1784/2449/433
f 1721/2984/434 1722/2988/434 1720/2981/434
f 1787/2986/435 1788/2454/435 1786/2451/435
f 1723/2987/436 1724/2989/436 1722/2988/436
f 1787/2986/437 1789/2991/437 1790/2456/437
f 1725/2342/438 1726/2993/438 1724/2989/438
f 1791/2990/439 1792/2458/439 1790/2456/439
f 1727/2992/440 1728/2995/440 1726/2993/440
f 1791/2990/441 1793/2997/441 1794/2460/441
f 1727/2992/442 1729/2999/442 1730/2994/442
f 1795/2996/443 1796/2461/443 1794/2460/443
f 1731/2998/444 1732/3001/444 1730/2994/444
f 1795/2996/445 1797/3003/445 1798/2464/445
f 1731/2998/446 1733/3004/446 1734/3000/446
f 1799/3002/447 1800/2465/447 1798/2464/447
f 1733/3004/448 1735/3007/448 1736/3005/448
f 1801/3006/449 1802/2467/449 1800/2465/449
f 1735/3007/450 1737/3010/450 1738/3008/450
f 1801/3006/451 1803/3011/451 1804/2470/451
f 1739/3009/452 1740/3012/452 1738/3008/452
f 1803/3011/453 1805/3016/453 1806/2472/453
f 1741/2341/454 1742/3014/454 1740/3012/454
f 1682/2928/455 1743/4243/455 1744/3013/455
f 1744/3013/456 1743/4243/456 1742/3014/456
f 1807/3015/457 1808/2473/457 1806/2472/457
f 1745/2415/458 1808/2473/458 1807/3015/458
f 1743/3017/350 1682/2411/350 1746/2412/350
f 2145/3020/284 2147/3595/284 2149/3598/284
f 2149/3598/284 2151/3601/284 2153/3604/284
f 2153/3604/284 2155/3606/284 2157/3609/284
f 2157/3609/284 2159/3612/284 2161/3614/284
f 2161/3614/284 2163/3617/284 2165/3620/284
f 2165/3620/284 2167/3623/284 2169/3626/284
f 2169/3626/284 2171/3628/284 2173/3632/284
f 2173/3632/284 2175/3635/284 2177/3018/284
f 2177/3018/284 2179/3639/284 2181/3642/284
f 2181/3642/284 2184/3643/284 2121/3562/284
f 2121/3562/284 2123/3561/284 2125/3565/284
f 2125/3565/284 2127/3568/284 2129/3019/284
f 2129/3019/284 2131/3573/284 2133/3575/284
f 2133/3575/284 2135/3579/284 2137/3582/284
f 2137/3582/284 2139/3584/284 2141/3588/284
f 2141/3588/284 2143/3591/284 2145/3020/284
f 2145/3020/284 2149/3598/284 2153/3604/284
f 2153/3604/284 2157/3609/284 2161/3614/284
f 2161/3614/284 2165/3620/284 2169/3626/284
f 2169/3626/284 2173/3632/284 2177/3018/284
f 2177/3018/284 2181/3642/284 2121/3562/284
f 2121/3562/284 2125/3565/284 2129/3019/284
f 2129/3019/284 2133/3575/284 2137/3582/284
f 2137/3582/284 2141/3588/284 2145/3020/284
f 2145/3020/284 2153/3604/284 2161/3614/284
f 2161/3614/284 2169/3626/284 2177/3018/284
f 2177/3018/284 2121/3562/284 2129/3019/284
f 2129/3019/284 2137/3582/284 2145/3020/284
f 2145/3020/284 2161/3614/284 2177/3018/284
f 2191/3021/254 2128/3025/254 2126/3022/254
f 2193/3024/255 2130/3027/255 2128/3025/255
f 2195/3026/256 2132/3029/256 2130/3027/256
f 2197/3028/257 2134/3031/257 2132/3029/257
f 2199/3030/258 2136/3033/258 2134/3031/258
f 2201/3032/259 2138/3035/259 2136/3033/259
f 2203/3034/260 2140/3037/260 2138/3035/260
f 2205/3036/261 2142/3039/261 2140/3037/261
f 2207/3038/262 2144/4244/262 2142/3039/262
f 2209/3040/263 2146/3044/263 2144/3041/263
f 2211/3043/264 2148/3046/264 2146/3044/264
f 2213/3045/265 2150/3048/265 2148/3046/265
f 2215/3047/266 2152/3050/266 2150/3048/266
f 2217/3049/267 2154/3052/267 2152/3050/267
f 2219/3051/268 2156/3054/268 2154/3052/268
f 2221/3053/269 2158/4245/269 2156/3054/269
f 2223/3055/270 2160/3059/270 2158/3056/270
f 2225/3058/271 2162/3061/271 2160/3059/271
f 2227/3060/272 2164/3063/272 2162/3061/272
f 2229/3062/273 2166/3065/273 2164/3063/273
f 2229/3062/274 2231/3067/274 2168/3064/274
f 2233/3066/275 2170/3069/275 2168/3064/275
f 2235/3068/276 2172/3071/276 2170/3069/276
f 2237/3070/277 2174/4246/277 2172/3071/277
f 2239/3072/278 2176/3076/278 2174/3073/278
f 2241/3075/279 2178/3078/279 2176/3076/279
f 2243/3077/280 2180/3080/280 2178/3078/280
f 2245/3079/281 2182/3082/281 2180/3080/281
f 2247/3081/282 2183/3647/282 2182/3082/282
f 2189/3083/283 2126/4247/283 2124/3084/283
f 2188/3086/253 2185/3094/253 1809/3087/253
f 2187/3085/285 2124/3084/285 2122/3089/285
f 2185/3094/253 2248/3145/253 1870/3092/253
f 2192/3095/253 2190/3146/253 1813/3096/253
f 2194/3098/253 2192/3095/253 1815/3097/253
f 1818/3100/253 2196/3102/253 2194/3098/253
f 1821/3101/253 2198/3576/253 2196/3102/253
f 2200/3103/253 2198/3576/253 1821/3101/253
f 2202/3105/253 2200/3103/253 1822/3104/253
f 2204/3107/253 2202/3105/253 1825/3106/253
f 1829/3109/253 2206/3585/253 2204/3107/253
f 2208/3110/253 2206/3585/253 1829/3109/253
f 2210/3112/253 2208/3110/253 1831/3111/253
f 1835/3114/253 2212/3116/253 2210/3112/253
f 1837/3115/253 2214/3596/253 2212/3116/253
f 2216/3117/253 2214/3596/253 1837/3115/253
f 2218/3119/253 2216/3117/253 1839/3118/253
f 2220/3121/253 2218/3119/253 1841/3120/253
f 2222/3123/253 2220/3121/253 1842/3122/253
f 2224/3125/253 2222/3123/253 1845/3124/253
f 2226/3127/253 2224/3125/253 1846/3126/253
f 1851/3129/253 2228/3131/253 2226/3127/253
f 1853/3130/253 2230/3618/253 2228/3131/253
f 2232/3132/253 2230/3618/253 1853/3130/253
f 1857/3134/253 2234/4248/253 2232/3132/253
f 2236/3135/253 2234/4248/253 1857/3134/253
f 1861/3137/253 2238/3629/253 2236/3135/253
f 2240/3138/253 2238/3629/253 1861/3137/253
f 2242/3140/253 2240/3138/253 1863/3139/253
f 1867/3142/253 2244/3144/253 2242/3140/253
f 1869/3143/253 2246/3640/253 2244/3144/253
f 2248/3145/253 2246/3640/253 1869/3143/253
f 2190/3146/253 2188/3086/253 1811/3088/253
f 1810/3399/383 1812/2895/383 2069/3397/383
f 2067/3398/383 2066/3438/383 1810/3399/383
f 1814/3400/253 1816/4335/253 1812/3401/253
f 1816/3405/384 1814/3443/384 2068/3403/384
f 2065/3404/384 2070/4336/384 1816/3405/384
f 2066/3406/385 2068/4337/385 1814/3407/385
f 2069/3408/386 1812/4186/386 1816/2775/386
f 1820/2908/387 2064/4338/387 2062/3410/387
f 2062/3410/387 2061/3460/387 1819/3411/387
f 1819/3412/253 1823/4339/253 1824/3413/253
f 1823/3417/388 2059/4340/388 2060/3415/388
f 2060/3415/388 2063/4341/388 1824/3416/388
f 2061/3418/389 2059/4342/389 1823/3419/389
f 2064/3421/390 1820/4343/390 1824/3422/390
f 1828/2911/391 2058/4344/391 2054/3424/391
f 2054/3424/391 2055/4345/391 1826/3425/391
f 1830/3426/253 1832/4346/253 1828/3427/253
f 1832/3431/392 1830/3550/392 2056/3429/392
f 2053/3430/392 2057/4347/392 1832/3431/392
f 2056/3432/393 1830/4228/393 1826/2881/393
f 2058/3434/394 1828/4348/394 1832/3435/394
f 1836/3439/386 2049/4349/386 2051/3437/386
f 2051/3437/386 2119/4350/386 1834/3438/386
f 1838/3440/253 1840/4351/253 1836/3441/253
f 1840/3445/385 1838/4352/385 2120/3443/385
f 2052/3444/385 2050/4353/385 1840/3445/385
f 2120/3446/383 1838/4354/383 1834/3447/383
f 2049/3449/384 1836/4355/384 1840/3450/384
f 1844/3454/390 2117/3417/390 2114/3452/390
f 2114/3452/390 2113/4356/390 1843/3453/390
f 1843/3455/253 1847/4357/253 1848/3456/253
f 1848/3460/389 1847/4338/389 2116/3458/389
f 2115/3459/389 2118/4358/389 1848/3460/389
f 2116/3461/387 1847/4359/387 1843/3462/387
f 2117/3464/388 1844/4360/388 1848/3465/388
f 1852/3467/394 2111/4361/394 2107/3466/394
f 2107/3466/394 2109/4362/394 1850/1581/394
f 1855/3468/253 1856/4363/253 1852/3469/253
f 1855/3473/393 2110/4364/393 2108/3471/393
f 2108/3471/393 2112/4365/393 1856/3472/393
f 2110/3474/391 1855/2160/391 1850/3475/391
f 2112/3477/392 2111/4366/392 1852/3478/392
f 1859/3482/384 1860/4367/384 2105/3480/384
f 2102/3481/384 2101/4368/384 1859/3482/384
f 1862/3402/253 1864/4369/253 1860/3483/253
f 1864/2847/383 1862/4214/383 2104/3484/383
f 2103/3485/383 2106/4370/383 1864/2847/383
f 2104/3486/386 1862/4371/386 1859/3487/386
f 2106/2215/385 2105/4372/385 1860/3489/385
f 1866/3493/388 1868/4373/388 2100/3491/388
f 2096/3492/388 2095/4374/388 1866/3493/388
f 1866/3494/253 1871/4375/253 1872/3495/253
f 2097/3497/387 2099/4376/387 1872/3498/387
f 1872/3498/387 1871/4377/387 2098/1560/387
f 2098/3499/390 1871/4378/390 1866/3500/390
f 2099/3502/389 2100/4379/389 1868/3503/389
f 1873/3507/392 1874/4380/392 2093/3505/392
f 2090/3506/392 2091/4381/392 1873/3507/392
f 1875/3508/253 1876/4382/253 1874/3509/253
f 1875/3513/391 2092/4383/391 2089/3511/391
f 2089/3511/391 2094/4384/391 1876/3512/391
f 2092/3514/394 1875/4385/394 1873/3515/394
f 2093/3517/393 1874/4386/393 1876/2836/393
f 1877/2812/385 1878/4198/385 2087/3519/385
f 2085/3520/385 2083/4387/385 1877/2812/385
f 1879/3521/253 1880/4388/253 1878/3522/253
f 1879/2890/386 2086/4389/386 2084/3524/386
f 2084/3524/386 2088/4390/386 1880/3525/386
f 2086/3526/384 1879/1544/384 1877/3527/384
f 2087/3529/383 1878/4391/383 1880/3488/383
f 1881/3532/389 1882/3502/389 2082/3531/389
f 2082/3531/563 2079/4392/563 2080/2786/563
f 1881/3533/253 1883/4393/253 1884/3534/253
f 1883/3538/390 2077/4394/390 2078/3536/390
f 2078/3536/390 2081/4395/390 1884/3537/390
f 2077/3539/388 1883/4396/388 1881/3540/388
f 2082/3542/387 1882/3461/387 1884/3463/387
f 2072/3544/393 2074/4397/393 1885/3545/393
f 1885/3545/393 1886/1541/393 2076/3546/393
f 1887/3547/253 1888/4398/253 1886/3548/253
f 1888/3552/394 1887/4399/394 2073/3550/394
f 2071/3551/394 2075/3431/394 1888/3552/394
f 2074/3553/392 2073/4400/392 1887/2800/392
f 2076/3555/391 1886/4401/391 1888/3556/391
f 2185/3094/396 2188/3086/396 2187/3558/396
f 2122/3560/395 2124/3564/395 2123/3561/395
f 2188/3086/398 2190/3146/398 2189/3563/398
f 2124/3564/397 2126/3567/397 2125/3565/397
f 2190/3146/400 2192/3095/400 2191/3566/400
f 2126/3567/399 2128/3570/399 2127/3568/399
f 2191/3566/402 2192/3095/402 2194/3098/402
f 2128/3570/401 2130/4402/401 2129/3019/401
f 2194/3098/404 2196/3102/404 2195/3571/404
f 2129/3019/403 2130/4402/403 2132/3572/403
f 2196/3102/406 2198/3576/406 2197/3574/406
f 2132/3572/405 2134/3578/405 2133/3575/405
f 2198/3576/408 2200/3103/408 2199/3577/408
f 2134/3578/407 2136/4403/407 2135/3579/407
f 2200/3103/410 2202/3105/410 2201/3580/410
f 2135/3579/409 2136/4403/409 2138/3581/409
f 2202/3105/412 2204/3107/412 2203/3583/412
f 2138/3581/411 2140/4404/411 2139/3584/411
f 2203/3583/414 2204/3107/414 2206/3585/414
f 2139/3584/413 2140/4404/413 2142/3587/413
f 2206/3585/416 2208/3110/416 2207/3589/416
f 2141/3588/415 2142/3587/415 2144/3590/415
f 2207/3589/418 2208/3110/418 2210/3112/418
f 2144/3590/417 2146/4405/417 2145/3020/417
f 2210/3112/420 2212/3116/420 2211/3593/420
f 2145/3020/419 2146/4405/419 2148/3594/419
f 2211/3593/422 2212/3116/422 2214/3596/422
f 2148/3594/421 2150/4406/421 2149/3598/421
f 2213/3597/424 2214/3596/424 2216/3117/424
f 2149/3598/423 2150/4406/423 2152/3600/423
f 2215/3599/426 2216/3117/426 2218/3119/426
f 2151/3601/425 2152/3600/425 2154/3603/425
f 2217/3602/428 2218/3119/428 2220/3121/428
f 2154/3603/427 2156/3608/427 2155/3606/427
f 2219/3605/430 2220/3121/430 2222/3123/430
f 2156/3608/429 2158/4407/429 2157/3609/429
f 2222/3123/432 2224/3125/432 2223/3610/432
f 2157/3609/431 2158/4407/431 2160/3611/431
f 2223/3610/434 2224/3125/434 2226/3127/434
f 2160/3611/433 2162/4408/433 2161/3614/433
f 2226/3127/436 2228/3131/436 2227/3615/436
f 2161/3614/435 2162/4408/435 2164/3616/435
f 2227/3615/438 2228/3131/438 2230/3618/438
f 2164/3616/437 2166/3622/437 2165/3620/437
f 2230/3618/440 2232/3132/440 2231/3621/440
f 2166/3622/439 2168/4409/439 2167/3623/439
f 2232/3132/442 2234/4248/442 2233/3624/442
f 2167/3623/441 2168/4409/441 2170/3625/441
f 2233/3624/444 2234/4248/444 2236/3135/444
f 2170/3625/443 2172/3631/443 2171/3628/443
f 2235/3627/446 2236/3135/446 2238/3629/446
f 2172/3631/445 2174/4410/445 2173/3632/445
f 2237/3630/448 2238/3629/448 2240/3138/448
f 2173/3632/447 2174/4410/447 2176/3634/447
f 2239/3633/450 2240/3138/450 2242/3140/450
f 2176/3634/449 2178/4411/449 2177/3018/449
f 2241/3636/452 2242/3140/452 2244/3144/452
f 2177/3018/451 2178/4411/451 2180/3638/451
f 2243/3637/454 2244/3144/454 2246/3640/454
f 2180/3638/453 2182/3645/453 2181/3642/453
f 2122/3560/458 2121/3562/458 2184/3643/458
f 2182/3645/457 2183/3644/457 2184/3643/457
f 2246/3640/456 2248/3145/456 2247/3646/456
f 2186/3559/455 2247/3646/455 2248/3145/455
f 2186/3090/350 2122/3089/350 2183/3647/350
usemtl metal
f 569/1047/286 550/1048/286 489/1043/286
f 599/1109/287 550/1048/287 600/1110/287
f 599/1109/288 547/1104/288 549/1106/288
f 597/1111/289 547/1104/289 598/1112/289
f 597/1111/290 543/1101/290 545/1103/290
f 595/1113/291 543/1101/291 596/1114/291
f 595/1113/292 538/1097/292 541/1098/292
f 593/1115/293 538/1097/293 594/1116/293
f 593/1115/294 534/1093/294 537/1094/294
f 591/1117/295 534/1093/295 592/1118/295
f 590/1119/296 533/1091/296 591/1117/296
f 590/1119/297 529/1087/297 531/1088/297
f 589/1120/298 526/1085/298 529/1087/298
f 587/1121/299 526/1085/299 588/1122/299
f 586/1123/300 525/1082/300 587/1121/300
f 585/1124/301 522/1081/301 586/1123/301
f 585/1124/302 519/1077/302 521/1078/302
f 583/1125/303 519/1077/303 584/1126/303
f 583/1125/304 515/1072/304 517/1075/304
f 581/1127/305 515/1072/305 582/1128/305
f 580/1129/306 513/1071/306 581/1127/306
f 579/1130/307 511/1068/307 580/1129/307
f 578/1131/308 509/1066/308 579/1130/308
f 577/1132/309 507/1065/309 578/1131/309
f 577/1132/310 502/1061/310 505/1062/310
f 575/1133/311 502/1061/311 576/1134/311
f 575/1133/312 498/1056/312 501/1058/312
f 573/1135/313 498/1056/313 574/1136/313
f 573/1135/314 495/1051/314 497/1055/314
f 571/1137/315 495/1051/315 572/1138/315
f 570/1139/316 493/1108/316 571/1137/316
f 569/1047/317 491/1045/317 570/1139/317
f 600/1140/318 635/1141/318 599/1142/318
f 573/1143/319 662/1144/319 572/1145/319
f 593/1146/320 642/1147/320 592/1148/320
f 569/1149/321 634/1150/321 600/1140/321
f 586/1151/322 649/1152/322 585/1153/322
f 579/1154/323 656/1155/323 578/1156/323
f 599/1142/324 636/1157/324 598/1158/324
f 571/1159/325 662/1144/325 663/1160/325
f 591/1161/326 642/1147/326 643/1162/326
f 584/1163/327 649/1152/327 650/1164/327
f 578/1156/328 657/1165/328 577/1166/328
f 598/1158/329 637/1167/329 597/1168/329
f 570/1169/330 663/1170/330 664/1171/330
f 591/1161/331 644/1172/331 590/1173/331
f 584/1163/332 651/1174/332 583/1175/332
f 576/1176/333 657/1165/333 658/1177/333
f 597/1168/334 638/1178/334 596/1179/334
f 570/1169/335 633/1180/335 569/1149/335
f 590/1173/336 645/1181/336 589/1182/336
f 583/1175/337 652/1183/337 582/1184/337
f 576/1176/338 659/1185/338 575/1186/338
f 596/1187/339 639/1188/339 595/1189/339
f 589/1182/340 646/1190/340 588/1191/340
f 581/1192/341 652/1183/341 653/1193/341
f 574/1194/342 659/1185/342 660/1195/342
f 595/1189/343 640/1196/343 594/1197/343
f 588/1191/344 647/1198/344 587/1199/344
f 580/1200/345 653/1193/345 654/1201/345
f 574/1194/346 661/1202/346 573/1143/346
f 594/1197/347 641/1203/347 593/1146/347
f 586/1151/348 647/1204/348 648/1205/348
f 580/1200/349 655/1206/349 579/1207/349
f 632/1211/284 634/1212/284 729/1213/284
f 631/1214/284 634/1212/284 632/1211/284
f 635/1215/284 735/1216/284 736/1217/284
f 629/1218/284 637/1219/284 738/1220/284
f 637/1219/284 741/1221/284 739/1222/284
f 627/1223/284 639/1224/284 744/1225/284
f 627/1223/284 640/1226/284 639/1224/284
f 640/1226/284 626/1227/284 748/1228/284
f 624/1229/284 642/1230/284 749/1231/284
f 623/1232/284 642/1230/284 624/1229/284
f 643/1233/284 754/1234/284 753/1235/284
f 756/1236/284 645/1237/284 755/1238/284
f 757/1239/284 645/1237/284 760/1240/284
f 619/1241/284 647/1242/284 762/1243/284
f 618/1244/284 647/1242/284 619/1241/284
f 648/1245/284 618/1244/284 766/1246/284
f 616/1247/284 650/1248/284 767/1249/284
f 615/1250/284 650/1248/284 616/1247/284
f 651/1251/284 771/1252/284 772/1253/284
f 613/1254/284 653/1255/284 773/1256/284
f 653/1255/284 775/1257/284 778/1258/284
f 611/1259/284 655/1260/284 780/1261/284
f 611/1259/284 656/1262/284 655/1260/284
f 656/1262/284 610/1263/284 784/1264/284
f 608/1265/284 658/1266/284 785/1267/284
f 607/1268/284 658/1266/284 608/1265/284
f 659/1269/284 789/1270/284 790/1271/284
f 791/1272/284 661/1273/284 792/1274/284
f 796/1275/284 661/1273/284 793/1276/284
f 603/1277/284 663/1278/284 797/1279/284
f 603/1277/284 664/1280/284 663/1278/284
f 664/1280/284 602/1281/284 800/1282/284
f 929/1749/459 1040/1753/459 1009/1754/459
f 990/1756/460 1039/1806/460 1040/1753/460
f 989/1803/461 1038/1807/461 1039/1806/461
f 987/1802/462 1037/1808/462 1038/1807/462
f 985/1801/463 1036/1809/463 1037/1808/463
f 983/1799/464 1035/1810/464 1036/1809/464
f 981/1797/465 1034/1811/465 1035/1810/465
f 1034/1811/466 977/1794/466 1033/1812/466
f 1033/1812/467 974/1793/467 1032/1813/467
f 1032/1813/468 973/1790/468 1031/1814/468
f 973/1790/469 1030/1815/469 1031/1814/469
f 971/1789/470 1029/1816/470 1030/1815/470
f 969/1788/471 1028/1817/471 1029/1816/471
f 966/1786/472 1027/1818/472 1028/1817/472
f 1027/1818/473 962/1783/473 1026/1819/473
f 962/1783/474 1025/1820/474 1026/1819/474
f 1025/1820/475 959/1779/475 1024/1821/475
f 959/1779/476 1023/1822/476 1024/1821/476
f 1023/1822/477 955/1775/477 1022/1823/477
f 1022/1823/478 953/1774/478 1021/1824/478
f 953/1774/479 1020/1825/479 1021/1824/479
f 1020/1825/480 949/1770/480 1019/1826/480
f 1019/1826/481 947/1769/481 1018/1827/481
f 947/1769/482 1017/1828/482 1018/1827/482
f 1017/1828/483 942/1766/483 1016/1829/483
f 942/1766/484 1015/1830/484 1016/1829/484
f 1015/1830/485 938/1762/485 1014/1831/485
f 1014/1831/486 937/1761/486 1013/1832/486
f 937/1761/487 1012/1833/487 1013/1832/487
f 935/1759/488 1011/1834/488 1012/1833/488
f 1011/1834/489 931/1750/489 1010/1835/489
f 931/1750/490 1009/1754/490 1010/1835/490
f 1039/1836/491 1074/1150/491 1040/1837/491
f 1012/1838/492 1101/1839/492 1013/1840/492
f 1082/1841/493 1033/1842/493 1032/1843/493
f 1074/1150/494 1009/1844/494 1040/1837/494
f 1089/1845/495 1026/1846/495 1025/1847/495
f 1096/1848/496 1019/1849/496 1018/1850/496
f 1076/1157/497 1039/1836/497 1038/1851/497
f 1011/1852/498 1102/1853/498 1012/1838/498
f 1031/1854/499 1082/1841/499 1032/1843/499
f 1024/1855/500 1089/1845/500 1025/1847/500
f 1017/1856/501 1096/1848/501 1018/1850/501
f 1037/1857/502 1076/1157/502 1038/1851/502
f 1104/1171/503 1011/1858/503 1010/1859/503
f 1030/1860/504 1083/1861/504 1031/1854/504
f 1023/1862/505 1090/1863/505 1024/1855/505
f 1098/1864/506 1017/1856/506 1016/1865/506
f 1078/1178/507 1037/1857/507 1036/1866/507
f 1009/1844/508 1104/1171/508 1010/1859/508
f 1029/1867/509 1084/1868/509 1030/1860/509
f 1092/1869/510 1023/1862/510 1022/1870/510
f 1015/1871/511 1098/1864/511 1016/1865/511
f 1079/1872/512 1036/1873/512 1035/1874/512
f 1086/1875/513 1029/1867/513 1028/1876/513
f 1093/1877/514 1022/1870/514 1021/1878/514
f 1100/1879/515 1015/1871/515 1014/1880/515
f 1080/1881/516 1035/1874/516 1034/1882/516
f 1027/1883/517 1086/1875/517 1028/1876/517
f 1094/1884/518 1021/1878/518 1020/1885/518
f 1013/1840/519 1100/1879/519 1014/1880/519
f 1081/1886/520 1034/1882/520 1033/1842/520
f 1088/1887/521 1027/1888/521 1026/1846/521
f 1019/1889/522 1094/1884/522 1020/1885/522
f 1170/1893/253 1074/1894/253 1072/1895/253
f 1074/1894/253 1071/1896/253 1072/1895/253
f 1175/1897/253 1071/1896/253 1075/1898/253
f 1177/1899/253 1077/1900/253 1069/1901/253
f 1181/1902/253 1068/1903/253 1077/1900/253
f 1184/1904/253 1183/1905/253 1079/1906/253
f 1067/1907/253 1080/1908/253 1066/1909/253
f 1186/1910/253 1066/1909/253 1080/1908/253
f 1190/1911/253 1082/1912/253 1064/1913/253
f 1082/1912/253 1063/1914/253 1064/1913/253
f 1194/1915/253 1063/1914/253 1083/1916/253
f 1196/1917/253 1195/1918/253 1085/1919/253
f 1197/1920/253 1200/1921/253 1085/1919/253
f 1202/1922/253 1201/1923/253 1087/1924/253
f 1087/1924/253 1058/1925/253 1059/1926/253
f 1203/1927/253 1058/1925/253 1088/1928/253
f 1208/1929/253 1090/1930/253 1056/1931/253
f 1090/1930/253 1055/1932/253 1056/1931/253
f 1211/1933/523 1055/1932/523 1091/1934/523
f 1214/1935/253 1093/1936/253 1053/1937/253
f 1215/1938/524 1052/1939/524 1093/1936/524
f 1220/1940/253 1219/1941/253 1095/1942/253
f 1051/1943/253 1096/1944/253 1050/1945/253
f 1221/1946/253 1050/1945/253 1096/1944/253
f 1226/1947/253 1098/1948/253 1048/1949/253
f 1048/1949/253 1099/1950/253 1047/1951/253
f 1229/1952/253 1047/1951/253 1099/1950/253
f 1231/1953/253 1232/1954/253 1101/1955/253
f 1236/1956/253 1233/1957/253 1101/1955/253
f 1237/1958/253 1238/1959/253 1103/1960/253
f 1043/1961/253 1104/1962/253 1042/1963/253
f 1239/1964/253 1042/1963/253 1104/1962/253
f 1449/2413/286 1430/2414/286 1369/2408/286
f 1479/2475/287 1430/2414/287 1480/2476/287
f 1478/2477/288 1429/2471/288 1479/2475/288
f 1477/2478/289 1427/2469/289 1478/2477/289
f 1476/2479/290 1425/2468/290 1477/2478/290
f 1475/2480/291 1423/2466/291 1476/2479/291
f 1475/2480/292 1418/2462/292 1421/2463/292
f 1473/2481/293 1418/2462/293 1474/2482/293
f 1473/2481/294 1414/2457/294 1417/2459/294
f 1471/2483/295 1414/2457/295 1472/2484/295
f 1470/2485/296 1413/2455/296 1471/2483/296
f 1469/2486/297 1411/2453/297 1470/2485/297
f 1469/2486/298 1406/2450/298 1409/2452/298
f 1467/2487/299 1406/2450/299 1468/2488/299
f 1466/2489/300 1405/2447/300 1467/2487/300
f 1465/2490/301 1402/2446/301 1466/2489/301
f 1465/2490/302 1399/2442/302 1401/2444/302
f 1463/2491/303 1399/2442/303 1464/2492/303
f 1463/2491/304 1395/2437/304 1397/2439/304
f 1461/2493/305 1395/2437/305 1462/2494/305
f 1461/2493/306 1391/2434/306 1393/2436/306
f 1459/2495/307 1391/2434/307 1460/2496/307
f 1459/2495/308 1387/2430/308 1389/2432/308
f 1457/2497/309 1387/2430/309 1458/2498/309
f 1457/2497/310 1382/2426/310 1385/2427/310
f 1455/2499/311 1382/2426/311 1456/2500/311
f 1455/2499/312 1378/2421/312 1381/2423/312
f 1453/2501/313 1378/2421/313 1454/2502/313
f 1453/2501/314 1375/2418/314 1377/2420/314
f 1451/2503/315 1375/2418/315 1452/2504/315
f 1451/2503/316 1371/2410/316 1373/2416/316
f 1449/2413/317 1371/2410/317 1450/2505/317
f 1480/1837/318 1515/2506/318 1479/1836/318
f 1453/2507/319 1542/2508/319 1452/2509/319
f 1472/2510/320 1521/2511/320 1522/2512/320
f 1480/1837/321 1513/2513/321 1514/2514/321
f 1466/2515/322 1529/2516/322 1465/2517/322
f 1459/2518/323 1536/2519/323 1458/2520/323
f 1478/1851/324 1515/2506/324 1516/2521/324
f 1452/2509/325 1543/2522/325 1451/2523/325
f 1471/2524/326 1522/2512/326 1523/2525/326
f 1465/2517/327 1530/2526/327 1464/2527/327
f 1457/2528/328 1536/2519/328 1537/2529/328
f 1478/1851/329 1517/2530/329 1477/1857/329
f 1450/1859/330 1543/2531/330 1544/2532/330
f 1471/2524/331 1524/2533/331 1470/2534/331
f 1464/2527/332 1531/2535/332 1463/2536/332
f 1457/2528/333 1538/2537/333 1456/2538/333
f 1476/1866/334 1517/2530/334 1518/2539/334
f 1450/1859/335 1513/2513/335 1449/1844/335
f 1470/2534/336 1525/2540/336 1469/2541/336
f 1463/2536/337 1532/2542/337 1462/2543/337
f 1455/2544/338 1538/2537/338 1539/2545/338
f 1476/2546/339 1519/2547/339 1475/2548/339
f 1469/2541/340 1526/2549/340 1468/2550/340
f 1462/2543/341 1533/2551/341 1461/2552/341
f 1454/2553/342 1539/2545/342 1540/2554/342
f 1475/2548/343 1520/2555/343 1474/2556/343
f 1467/2557/344 1526/2549/344 1527/2558/344
f 1460/2559/345 1533/2551/345 1534/2560/345
f 1454/2553/346 1541/2561/346 1453/2507/346
f 1473/2562/347 1520/2555/347 1521/2511/347
f 1466/2515/348 1527/2563/348 1528/2564/348
f 1459/2565/349 1534/2560/349 1535/2566/349
f 1512/2570/284 1514/2571/284 1609/2572/284
f 1511/2573/284 1514/2571/284 1512/2570/284
f 1515/2574/284 1615/2575/284 1616/2576/284
f 1509/2577/284 1517/2578/284 1618/2579/284
f 1517/2578/284 1621/2580/284 1619/2581/284
f 1507/2582/284 1519/2583/284 1624/2584/284
f 1507/2582/284 1520/2585/284 1519/2583/284
f 1520/2585/284 1506/2586/284 1628/2587/284
f 1504/2588/284 1522/2589/284 1629/2590/284
f 1503/2591/284 1522/2589/284 1504/2588/284
f 1523/2592/284 1634/2593/284 1633/2594/284
f 1636/2595/284 1525/2596/284 1635/2597/284
f 1637/2598/284 1525/2596/284 1640/2599/284
f 1499/2600/284 1527/2601/284 1642/2602/284
f 1498/2603/284 1527/2601/284 1499/2600/284
f 1528/2604/284 1498/2603/284 1646/2605/284
f 1496/2606/284 1530/2607/284 1647/2608/284
f 1495/2609/284 1530/2607/284 1496/2606/284
f 1531/2610/284 1651/2611/284 1652/2612/284
f 1493/2613/284 1533/2614/284 1653/2615/284
f 1533/2614/284 1655/2616/284 1658/2617/284
f 1491/2618/284 1535/2619/284 1660/2620/284
f 1491/2618/284 1536/2621/284 1535/2619/284
f 1536/2621/284 1490/2622/284 1664/2623/284
f 1488/2624/284 1538/2625/284 1665/2626/284
f 1487/2627/284 1538/2625/284 1488/2624/284
f 1539/2628/284 1669/2629/284 1670/2630/284
f 1671/2631/284 1541/2632/284 1672/2633/284
f 1676/2634/284 1541/2632/284 1673/2635/284
f 1483/2636/284 1543/2637/284 1677/2638/284
f 1483/2636/284 1544/2639/284 1543/2637/284
f 1544/2639/284 1482/2640/284 1680/2641/284
f 1889/3091/459 1870/3092/459 1920/3093/459
f 1870/3092/460 1919/3147/460 1920/3093/460
f 1919/3147/461 1867/3142/461 1918/3148/461
f 1918/3148/462 1865/3141/462 1917/3149/462
f 1865/3141/463 1916/3150/463 1917/3149/463
f 1863/3139/464 1915/3151/464 1916/3150/464
f 1861/3137/465 1914/3152/465 1915/3151/465
f 1858/3136/466 1913/3153/466 1914/3152/466
f 1913/3153/467 1854/3133/467 1912/3154/467
f 1854/3133/468 1911/3155/468 1912/3154/468
f 1911/3155/469 1851/3129/469 1910/3156/469
f 1851/3129/470 1909/3157/470 1910/3156/470
f 1909/3157/471 1846/3126/471 1908/3158/471
f 1846/3126/472 1907/3159/472 1908/3158/472
f 1845/3124/473 1906/3160/473 1907/3159/473
f 1842/3122/474 1905/3161/474 1906/3160/474
f 1905/3161/475 1839/3118/475 1904/3162/475
f 1904/3162/476 1837/3115/476 1903/3163/476
f 1903/3163/477 1835/3114/477 1902/3164/477
f 1835/3114/478 1901/3165/478 1902/3164/478
f 1901/3165/479 1831/3111/479 1900/3166/479
f 1900/3166/480 1829/3109/480 1899/3167/480
f 1829/3109/481 1898/3168/481 1899/3167/481
f 1827/3108/482 1897/3169/482 1898/3168/482
f 1897/3169/483 1822/3104/483 1896/3170/483
f 1896/3170/484 1821/3101/484 1895/3171/484
f 1895/3171/485 1818/3100/485 1894/3172/485
f 1818/3100/486 1893/3173/486 1894/3172/486
f 1893/3173/487 1815/3097/487 1892/3174/487
f 1815/3097/488 1891/3175/488 1892/3174/488
f 1813/3096/557 1890/3176/557 1891/3175/557
f 1811/3088/490 1889/3091/490 1890/3176/490
f 1955/3177/491 1920/3178/491 1919/3179/491
f 1892/3180/492 1981/3181/492 1893/3182/492
f 1962/3183/493 1913/3184/493 1912/3185/493
f 1920/3178/494 1953/3186/494 1889/3187/494
f 1969/3188/495 1906/3189/495 1905/3190/495
f 1898/3191/496 1975/3192/496 1899/3193/496
f 1918/3194/497 1955/3177/497 1919/3179/497
f 1891/3195/498 1982/3196/498 1892/3180/498
f 1963/3197/499 1912/3185/499 1911/3198/499
f 1904/3199/500 1969/3188/500 1905/3190/500
f 1897/3200/501 1976/3201/501 1898/3191/501
f 1917/3202/502 1956/2521/502 1918/3194/502
f 1984/2532/503 1891/3203/503 1890/3204/503
f 1964/3205/504 1911/3198/504 1910/3206/504
f 1971/3207/505 1904/3199/505 1903/3208/505
f 1978/3209/506 1897/3200/506 1896/3210/506
f 1916/3211/507 1957/3212/507 1917/3202/507
f 1953/3186/508 1890/3204/508 1889/3187/508
f 1965/3213/509 1910/3206/509 1909/3214/509
f 1972/3215/510 1903/3208/510 1902/3216/510
f 1979/3217/511 1896/3210/511 1895/3218/511
f 1915/3219/512 1958/3220/512 1916/3221/512
f 1966/3222/513 1909/3214/513 1908/3223/513
f 1973/3224/514 1902/3216/514 1901/3225/514
f 1980/3226/515 1895/3218/515 1894/3227/515
f 1914/3228/516 1959/3229/516 1915/3219/516
f 1967/3230/517 1908/3223/517 1907/3231/517
f 1974/3232/518 1901/3225/518 1900/3233/518
f 1893/3182/519 1980/3226/519 1894/3227/519
f 1913/3184/520 1960/3234/520 1914/3228/520
f 1906/3189/521 1967/3235/521 1907/3236/521
f 1975/3237/522 1900/3233/522 1899/3238/522
f 2050/3241/253 1954/3242/253 1952/3243/253
f 1954/3242/253 1951/3244/253 1952/3243/253
f 2055/3245/253 1951/3244/253 1955/3246/253
f 2057/3247/253 1957/3248/253 1949/3249/253
f 2061/3250/524 1948/3251/524 1957/3248/524
f 2064/3252/253 2063/3253/253 1959/3254/253
f 1947/3255/253 1960/3256/253 1946/3257/253
f 2066/3258/253 1946/3257/253 1960/3256/253
f 2070/3259/253 1962/3260/253 1944/3261/253
f 1962/3260/253 1943/3262/253 1944/3261/253
f 2074/3263/253 1943/3262/253 1963/3264/253
f 2076/3265/253 2075/3266/253 1965/3267/253
f 2077/3268/253 2080/3269/253 1965/3267/253
f 2082/3270/253 2081/3271/253 1967/3272/253
f 1939/3273/253 1968/3274/253 1938/3275/253
f 2083/3276/253 1938/3275/253 1968/3274/253
f 2088/3277/253 1970/3278/253 1936/3279/253
f 1970/3278/253 1935/3280/253 1936/3279/253
f 2091/3281/253 1935/3280/253 1971/3282/253
f 2094/3283/253 1973/3284/253 1933/3285/253
f 2095/3286/524 1932/3287/524 1973/3284/524
f 2100/3288/253 2099/3289/253 1975/3290/253
f 1931/3291/253 1976/3292/253 1930/3293/253
f 2101/3294/253 1930/3293/253 1976/3292/253
f 2106/3295/253 1978/3296/253 1928/3297/253
f 1978/3296/253 1927/3298/253 1928/3297/253
f 2109/3299/253 1927/3298/253 1979/3300/253
f 2111/3301/253 2112/3302/253 1981/3303/253
f 2116/3304/253 2113/3305/253 1981/3303/253
f 2117/3306/253 2118/3307/253 1983/3308/253
f 1983/3308/253 1922/3309/253 1923/3310/253
f 2119/3311/253 1922/3309/253 1984/3312/253
f 569/1047/286 600/1110/286 550/1048/286
f 599/1109/287 549/1106/287 550/1048/287
f 599/1109/288 598/1112/288 547/1104/288
f 597/1111/289 545/1103/289 547/1104/289
f 597/1111/290 596/1114/290 543/1101/290
f 595/1113/291 541/1098/291 543/1101/291
f 595/1113/292 594/1116/292 538/1097/292
f 593/1115/293 537/1094/293 538/1097/293
f 593/1115/294 592/1118/294 534/1093/294
f 591/1117/295 533/1091/295 534/1093/295
f 590/1119/296 531/1088/296 533/1091/296
f 590/1119/297 589/1120/297 529/1087/297
f 589/1120/298 588/1122/298 526/1085/298
f 587/1121/299 525/1082/299 526/1085/299
f 586/1123/300 522/1081/300 525/1082/300
f 585/1124/301 521/1078/301 522/1081/301
f 585/1124/302 584/1126/302 519/1077/302
f 583/1125/303 517/1075/303 519/1077/303
f 583/1125/304 582/1128/304 515/1072/304
f 581/1127/305 513/1071/305 515/1072/305
f 580/1129/306 511/1068/306 513/1071/306
f 579/1130/307 509/1066/307 511/1068/307
f 578/1131/308 507/1065/308 509/1066/308
f 577/1132/309 505/1062/309 507/1065/309
f 577/1132/310 576/1134/310 502/1061/310
f 575/1133/311 501/1058/311 502/1061/311
f 575/1133/312 574/1136/312 498/1056/312
f 573/1135/313 497/1055/313 498/1056/313
f 573/1135/314 572/1138/314 495/1051/314
f 571/1137/315 493/1108/315 495/1051/315
f 570/1139/316 491/1045/316 493/1108/316
f 569/1047/317 489/1043/317 491/1045/317
f 600/1140/318 634/1150/318 635/1141/318
f 573/1143/319 661/1202/319 662/1144/319
f 593/1146/320 641/1203/320 642/1147/320
f 569/1149/321 633/1180/321 634/1150/321
f 586/1151/322 648/1205/322 649/1152/322
f 579/1154/323 655/3813/323 656/1155/323
f 599/1142/324 635/1141/324 636/1157/324
f 571/1159/325 572/1145/325 662/1144/325
f 591/1161/326 592/1148/326 642/1147/326
f 584/1163/327 585/1153/327 649/1152/327
f 578/1156/328 656/1155/328 657/1165/328
f 598/1158/329 636/1157/329 637/1167/329
f 570/1169/330 571/3814/330 663/1170/330
f 591/1161/331 643/1162/331 644/1172/331
f 584/1163/332 650/1164/332 651/1174/332
f 576/1176/333 577/1166/333 657/1165/333
f 597/1168/334 637/1167/334 638/1178/334
f 570/1169/335 664/1171/335 633/1180/335
f 590/1173/336 644/1172/336 645/1181/336
f 583/1175/337 651/1174/337 652/1183/337
f 576/1176/338 658/1177/338 659/1185/338
f 596/1187/339 638/3815/339 639/1188/339
f 589/1182/340 645/1181/340 646/1190/340
f 581/1192/341 582/1184/341 652/1183/341
f 574/1194/342 575/1186/342 659/1185/342
f 595/1189/343 639/1188/343 640/1196/343
f 588/1191/344 646/1190/344 647/1198/344
f 580/1200/345 581/1192/345 653/1193/345
f 574/1194/346 660/1195/346 661/1202/346
f 594/1197/347 640/1196/347 641/1203/347
f 586/1151/348 587/3816/348 647/1204/348
f 580/1200/349 654/1201/349 655/1206/349
f 729/1213/284 731/3817/284 601/3818/284
f 634/1212/284 633/3819/284 732/3820/284
f 634/1212/284 732/3820/284 730/3821/284
f 729/1213/284 601/3818/284 632/1211/284
f 634/1212/284 730/3821/284 729/1213/284
f 631/1214/284 635/1215/284 634/1212/284
f 733/3822/284 636/3823/284 635/1215/284
f 631/1214/284 630/3824/284 734/3825/284
f 631/1214/284 734/3825/284 735/1216/284
f 736/1217/284 733/3822/284 635/1215/284
f 635/1215/284 631/1214/284 735/1216/284
f 734/3825/284 630/3824/284 629/1218/284
f 637/1219/284 636/3823/284 733/3822/284
f 637/1219/284 733/3822/284 737/3826/284
f 738/1220/284 734/3825/284 629/1218/284
f 637/1219/284 737/3826/284 738/1220/284
f 740/3827/284 638/3828/284 637/1219/284
f 637/1219/284 629/1218/284 628/3829/284
f 628/3829/284 742/3830/284 741/1221/284
f 739/1222/284 740/3827/284 637/1219/284
f 637/1219/284 628/3829/284 741/1221/284
f 742/3830/284 628/3829/284 627/1223/284
f 639/1224/284 638/3828/284 740/3827/284
f 639/1224/284 740/3827/284 743/3831/284
f 744/1225/284 742/3830/284 627/1223/284
f 639/1224/284 743/3831/284 744/1225/284
f 627/1223/284 626/1227/284 640/1226/284
f 745/3832/284 641/3833/284 640/1226/284
f 626/1227/284 625/3834/284 747/3835/284
f 626/1227/284 747/3835/284 746/3836/284
f 748/1228/284 745/3832/284 640/1226/284
f 626/1227/284 746/3836/284 748/1228/284
f 749/1231/284 747/3835/284 625/3834/284
f 642/1230/284 641/3833/284 745/3832/284
f 642/1230/284 745/3832/284 750/3837/284
f 749/1231/284 625/3834/284 624/1229/284
f 642/1230/284 750/3837/284 749/1231/284
f 623/1232/284 643/1233/284 642/1230/284
f 753/1235/284 751/3838/284 644/3839/284
f 623/1232/284 622/3840/284 752/3841/284
f 623/1232/284 752/3841/284 754/1234/284
f 753/1235/284 644/3839/284 643/1233/284
f 643/1233/284 623/1232/284 754/1234/284
f 756/1236/284 752/3841/284 622/3840/284
f 622/3840/284 621/3842/284 645/1237/284
f 645/1237/284 644/3839/284 751/3838/284
f 645/1237/284 751/3838/284 755/1238/284
f 756/1236/284 622/3840/284 645/1237/284
f 757/1239/284 758/3843/284 646/3844/284
f 645/1237/284 621/3842/284 620/3845/284
f 620/3845/284 759/3846/284 760/1240/284
f 757/1239/284 646/3844/284 645/1237/284
f 645/1237/284 620/3845/284 760/1240/284
f 762/1243/284 759/3846/284 620/3845/284
f 647/1242/284 646/3844/284 758/3843/284
f 647/1242/284 758/3843/284 761/3847/284
f 762/1243/284 620/3845/284 619/1241/284
f 647/1242/284 761/3847/284 762/1243/284
f 618/1244/284 648/1245/284 647/1242/284
f 766/1246/284 764/3848/284 649/3849/284
f 618/1244/284 617/3850/284 765/3851/284
f 618/1244/284 765/3851/284 763/3852/284
f 766/1246/284 649/3849/284 648/1245/284
f 618/1244/284 763/3852/284 766/1246/284
f 765/3851/284 617/3850/284 616/1247/284
f 650/1248/284 649/3849/284 764/3848/284
f 650/1248/284 764/3848/284 768/3853/284
f 767/1249/284 765/3851/284 616/1247/284
f 650/1248/284 768/3853/284 767/1249/284
f 615/1250/284 651/1251/284 650/1248/284
f 769/3854/284 652/3855/284 651/1251/284
f 615/1250/284 614/3856/284 770/3857/284
f 615/1250/284 770/3857/284 771/1252/284
f 772/1253/284 769/3854/284 651/1251/284
f 651/1251/284 615/1250/284 771/1252/284
f 770/3857/284 614/3856/284 613/1254/284
f 653/1255/284 652/3855/284 769/3854/284
f 653/1255/284 769/3854/284 774/3858/284
f 773/1256/284 770/3857/284 613/1254/284
f 653/1255/284 774/3858/284 773/1256/284
f 777/3859/284 654/3860/284 653/1255/284
f 653/1255/284 613/1254/284 612/3861/284
f 612/3861/284 776/3862/284 775/1257/284
f 778/1258/284 777/3859/284 653/1255/284
f 653/1255/284 612/3861/284 775/1257/284
f 776/3862/284 612/3861/284 611/1259/284
f 655/1260/284 654/3860/284 777/3859/284
f 655/1260/284 777/3859/284 779/3863/284
f 780/1261/284 776/3862/284 611/1259/284
f 655/1260/284 779/3863/284 780/1261/284
f 611/1259/284 610/1263/284 656/1262/284
f 784/1264/284 783/3864/284 657/3865/284
f 610/1263/284 609/3866/284 782/3867/284
f 610/1263/284 782/3867/284 781/3868/284
f 784/1264/284 657/3865/284 656/1262/284
f 610/1263/284 781/3868/284 784/1264/284
f 782/3867/284 609/3866/284 608/1265/284
f 658/1266/284 657/3865/284 783/3864/284
f 658/1266/284 783/3864/284 786/3869/284
f 785/1267/284 782/3867/284 608/1265/284
f 658/1266/284 786/3869/284 785/1267/284
f 607/1268/284 659/1269/284 658/1266/284
f 790/1271/284 788/3870/284 660/3871/284
f 607/1268/284 606/3872/284 787/3873/284
f 607/1268/284 787/3873/284 789/1270/284
f 790/1271/284 660/3871/284 659/1269/284
f 659/1269/284 607/1268/284 789/1270/284
f 791/1272/284 787/3873/284 606/3872/284
f 606/3872/284 605/3874/284 661/1273/284
f 661/1273/284 660/3871/284 788/3870/284
f 661/1273/284 788/3870/284 792/1274/284
f 791/1272/284 606/3872/284 661/1273/284
f 796/1275/284 795/3875/284 662/3876/284
f 661/1273/284 605/3874/284 604/3877/284
f 604/3877/284 794/3878/284 793/1276/284
f 796/1275/284 662/3876/284 661/1273/284
f 661/1273/284 604/3877/284 793/1276/284
f 797/1279/284 794/3878/284 604/3877/284
f 663/1278/284 662/3876/284 795/3875/284
f 663/1278/284 795/3875/284 798/3879/284
f 797/1279/284 604/3877/284 603/1277/284
f 663/1278/284 798/3879/284 797/1279/284
f 603/1277/284 602/1281/284 664/1280/284
f 732/3820/284 633/3819/284 664/1280/284
f 602/1281/284 601/3818/284 731/3817/284
f 602/1281/284 731/3817/284 799/3880/284
f 800/1282/284 732/3820/284 664/1280/284
f 602/1281/284 799/3880/284 800/1282/284
f 929/1749/459 990/1756/459 1040/1753/459
f 990/1756/559 989/1803/559 1039/1806/559
f 989/1803/461 987/1802/461 1038/1807/461
f 987/1802/462 985/1801/462 1037/1808/462
f 985/1801/463 983/1799/463 1036/1809/463
f 983/1799/464 981/1797/464 1035/1810/464
f 981/1797/465 978/1796/465 1034/1811/465
f 1034/1811/466 978/1796/466 977/1794/466
f 1033/1812/467 977/1794/467 974/1793/467
f 1032/1813/468 974/1793/468 973/1790/468
f 973/1790/469 971/1789/469 1030/1815/469
f 971/1789/470 969/1788/470 1029/1816/470
f 969/1788/471 966/1786/471 1028/1817/471
f 966/1786/472 965/1784/472 1027/1818/472
f 1027/1818/560 965/1784/560 962/1783/560
f 962/1783/474 961/1781/474 1025/1820/474
f 1025/1820/475 961/1781/475 959/1779/475
f 959/1779/561 957/1776/561 1023/1822/561
f 1023/1822/477 957/1776/477 955/1775/477
f 1022/1823/478 955/1775/478 953/1774/478
f 953/1774/479 951/1772/479 1020/1825/479
f 1020/1825/480 951/1772/480 949/1770/480
f 1019/1826/481 949/1770/481 947/1769/481
f 947/1769/482 945/1767/482 1017/1828/482
f 1017/1828/483 945/1767/483 942/1766/483
f 942/1766/484 941/1763/484 1015/1830/484
f 1015/1830/485 941/1763/485 938/1762/485
f 1014/1831/486 938/1762/486 937/1761/486
f 937/1761/487 935/1759/487 1012/1833/487
f 935/1759/488 933/1758/488 1011/1834/488
f 1011/1834/557 933/1758/557 931/1750/557
f 931/1750/490 929/1749/490 1009/1754/490
f 1039/1836/491 1075/1141/491 1074/1150/491
f 1012/1838/492 1102/1853/492 1101/1839/492
f 1082/1841/493 1081/1886/493 1033/1842/493
f 1074/1150/494 1073/1180/494 1009/1844/494
f 1089/1845/495 1088/1887/495 1026/1846/495
f 1096/1848/496 1095/3950/496 1019/1849/496
f 1076/1157/497 1075/1141/497 1039/1836/497
f 1011/1852/498 1103/3951/498 1102/1853/498
f 1031/1854/499 1083/1861/499 1082/1841/499
f 1024/1855/500 1090/1863/500 1089/1845/500
f 1017/1856/501 1097/3952/501 1096/1848/501
f 1037/1857/502 1077/3953/502 1076/1157/502
f 1104/1171/503 1103/1170/503 1011/1858/503
f 1030/1860/504 1084/1868/504 1083/1861/504
f 1023/1862/505 1091/3954/505 1090/1863/505
f 1098/1864/506 1097/3952/506 1017/1856/506
f 1078/1178/507 1077/3953/507 1037/1857/507
f 1009/1844/508 1073/1180/508 1104/1171/508
f 1029/1867/509 1085/3955/509 1084/1868/509
f 1092/1869/510 1091/3954/510 1023/1862/510
f 1015/1871/511 1099/3956/511 1098/1864/511
f 1079/1872/512 1078/3957/512 1036/1873/512
f 1086/1875/513 1085/3955/513 1029/1867/513
f 1093/1877/514 1092/1869/514 1022/1870/514
f 1100/1879/515 1099/3956/515 1015/1871/515
f 1080/1881/516 1079/1872/516 1035/1874/516
f 1027/1883/517 1087/3958/517 1086/1875/517
f 1094/1884/518 1093/1877/518 1021/1878/518
f 1013/1840/519 1101/1839/519 1100/1879/519
f 1081/1886/520 1080/1881/520 1034/1882/520
f 1088/1887/521 1087/3959/521 1027/1888/521
f 1019/1889/522 1095/3960/522 1094/1884/522
f 1041/3961/253 1171/3962/253 1169/3963/253
f 1170/1893/253 1172/3964/253 1073/3965/253
f 1072/1895/253 1041/3961/253 1169/3963/253
f 1170/1893/253 1073/3965/253 1074/1894/253
f 1072/1895/253 1169/3963/253 1170/1893/253
f 1074/1894/253 1075/1898/253 1071/1896/253
f 1075/1898/253 1076/3966/253 1173/3967/253
f 1075/1898/253 1173/3967/253 1176/3968/253
f 1174/3969/253 1070/3970/253 1071/1896/253
f 1075/1898/253 1176/3968/253 1175/1897/253
f 1175/1897/253 1174/3969/253 1071/1896/253
f 1069/1901/253 1070/3970/253 1174/3969/253
f 1069/1901/253 1174/3969/253 1178/3971/253
f 1173/3967/253 1076/3966/253 1077/1900/253
f 1069/1901/253 1178/3971/253 1177/1899/253
f 1177/1899/253 1173/3967/253 1077/1900/253
f 1077/1900/253 1078/3972/253 1180/3973/253
f 1077/1900/253 1180/3973/253 1179/3974/253
f 1068/1903/253 1069/1901/253 1077/1900/253
f 1181/1902/253 1182/3975/253 1068/1903/253
f 1077/1900/253 1179/3974/253 1181/1902/253
f 1067/1907/253 1068/1903/253 1182/3975/253
f 1067/1907/253 1182/3975/253 1184/1904/253
f 1180/3973/253 1078/3972/253 1079/1906/253
f 1183/1905/253 1180/3973/253 1079/1906/253
f 1079/1906/524 1067/1907/524 1184/1904/524
f 1067/1907/253 1079/1906/253 1080/1908/253
f 1080/1908/253 1081/3976/253 1185/3977/253
f 1080/1908/253 1185/3977/253 1188/3978/253
f 1187/3979/253 1065/3980/253 1066/1909/253
f 1080/1908/253 1188/3978/253 1186/1910/253
f 1186/1910/253 1187/3979/253 1066/1909/253
f 1065/3980/253 1187/3979/253 1189/3981/253
f 1190/1911/253 1185/3977/253 1081/3976/253
f 1064/1913/253 1065/3980/253 1189/3981/253
f 1190/1911/253 1081/3976/253 1082/1912/253
f 1064/1913/253 1189/3981/253 1190/1911/253
f 1082/1912/253 1083/1916/253 1063/1914/253
f 1084/3982/253 1191/3983/253 1193/3984/253
f 1194/1915/253 1192/3985/253 1062/3986/253
f 1083/1916/253 1084/3982/253 1193/3984/253
f 1194/1915/253 1062/3986/253 1063/1914/253
f 1083/1916/253 1193/3984/253 1194/1915/253
f 1195/1918/253 1191/3983/253 1084/3982/253
f 1085/1919/253 1061/3987/253 1062/3986/253
f 1062/3986/253 1192/3985/253 1196/1917/253
f 1195/1918/253 1084/3982/253 1085/1919/253
f 1085/1919/253 1062/3986/253 1196/1917/253
f 1200/1921/253 1199/3988/253 1060/3989/253
f 1060/3989/253 1061/3987/253 1085/1919/253
f 1085/1919/253 1086/3990/253 1198/3991/253
f 1085/1919/253 1198/3991/253 1197/1920/253
f 1200/1921/253 1060/3989/253 1085/1919/253
f 1060/3989/253 1199/3988/253 1202/1922/253
f 1201/1923/253 1198/3991/253 1086/3990/253
f 1059/1926/253 1060/3989/253 1202/1922/253
f 1201/1923/253 1086/3990/253 1087/1924/253
f 1087/1924/253 1059/1926/253 1202/1922/253
f 1087/1924/253 1088/1928/253 1058/1925/253
f 1089/3992/253 1204/3993/253 1206/3994/253
f 1203/1927/253 1205/3995/253 1057/3996/253
f 1088/1928/253 1089/3992/253 1206/3994/253
f 1203/1927/253 1057/3996/253 1058/1925/253
f 1088/1928/253 1206/3994/253 1203/1927/253
f 1056/1931/253 1057/3996/253 1205/3995/253
f 1056/1931/253 1205/3995/253 1207/3997/253
f 1204/3993/253 1089/3992/253 1090/1930/253
f 1056/1931/253 1207/3997/253 1208/1929/253
f 1208/1929/253 1204/3993/253 1090/1930/253
f 1090/1930/253 1091/1934/253 1055/1932/253
f 1091/1934/253 1092/3998/253 1209/3999/253
f 1091/1934/253 1209/3999/253 1212/4000/253
f 1210/4001/253 1054/4002/253 1055/1932/253
f 1091/1934/253 1212/4000/253 1211/1933/253
f 1211/1933/253 1210/4001/253 1055/1932/253
f 1053/1937/253 1054/4002/253 1210/4001/253
f 1053/1937/253 1210/4001/253 1213/4003/253
f 1209/3999/253 1092/3998/253 1093/1936/253
f 1053/1937/253 1213/4003/253 1214/1935/253
f 1214/1935/253 1209/3999/253 1093/1936/253
f 1093/1936/253 1094/4004/253 1217/4005/253
f 1093/1936/253 1217/4005/253 1218/4006/253
f 1052/1939/253 1053/1937/253 1093/1936/253
f 1215/1938/253 1216/4007/253 1052/1939/253
f 1093/1936/253 1218/4006/253 1215/1938/253
f 1051/1943/253 1052/1939/253 1216/4007/253
f 1051/1943/253 1216/4007/253 1220/1940/253
f 1217/4005/253 1094/4004/253 1095/1942/253
f 1219/1941/253 1217/4005/253 1095/1942/253
f 1095/1942/523 1051/1943/523 1220/1940/523
f 1051/1943/253 1095/1942/253 1096/1944/253
f 1097/4008/253 1223/4009/253 1224/4010/253
f 1221/1946/253 1222/4011/253 1049/4012/253
f 1096/1944/253 1097/4008/253 1224/4010/253
f 1221/1946/253 1049/4012/253 1050/1945/253
f 1096/1944/253 1224/4010/253 1221/1946/253
f 1048/1949/253 1049/4012/253 1222/4011/253
f 1048/1949/253 1222/4011/253 1225/4013/253
f 1223/4009/253 1097/4008/253 1098/1948/253
f 1048/1949/253 1225/4013/253 1226/1947/253
f 1226/1947/253 1223/4009/253 1098/1948/253
f 1048/1949/253 1098/1948/253 1099/1950/253
f 1100/4014/253 1228/4015/253 1230/4016/253
f 1229/1952/253 1227/4017/253 1046/4018/253
f 1099/1950/253 1100/4014/253 1230/4016/253
f 1229/1952/253 1046/4018/253 1047/1951/253
f 1099/1950/253 1230/4016/253 1229/1952/253
f 1232/1954/253 1228/4015/253 1100/4014/253
f 1101/1955/253 1045/4019/253 1046/4018/253
f 1046/4018/253 1227/4017/253 1231/1953/253
f 1232/1954/253 1100/4014/253 1101/1955/253
f 1101/1955/253 1046/4018/253 1231/1953/253
f 1233/1957/253 1234/4020/253 1044/4021/253
f 1044/4021/253 1045/4019/253 1101/1955/253
f 1101/1955/253 1102/4022/253 1235/4023/253
f 1101/1955/253 1235/4023/253 1236/1956/253
f 1233/1957/253 1044/4021/253 1101/1955/253
f 1044/4021/253 1234/4020/253 1237/1958/253
f 1238/1959/253 1235/4023/253 1102/4022/253
f 1043/1961/253 1044/4021/253 1237/1958/253
f 1238/1959/253 1102/4022/253 1103/1960/253
f 1103/1960/253 1043/1961/253 1237/1958/253
f 1043/1961/253 1103/1960/253 1104/1962/253
f 1104/1962/253 1073/3965/253 1172/3964/253
f 1104/1962/253 1172/3964/253 1240/4024/253
f 1171/3962/253 1041/3961/253 1042/1963/253
f 1104/1962/253 1240/4024/253 1239/1964/253
f 1239/1964/253 1171/3962/253 1042/1963/253
f 1449/2413/286 1480/2476/286 1430/2414/286
f 1479/2475/287 1429/2471/287 1430/2414/287
f 1478/2477/288 1427/2469/288 1429/2471/288
f 1477/2478/289 1425/2468/289 1427/2469/289
f 1476/2479/290 1423/2466/290 1425/2468/290
f 1475/2480/291 1421/2463/291 1423/2466/291
f 1475/2480/292 1474/2482/292 1418/2462/292
f 1473/2481/293 1417/2459/293 1418/2462/293
f 1473/2481/294 1472/2484/294 1414/2457/294
f 1471/2483/295 1413/2455/295 1414/2457/295
f 1470/2485/296 1411/2453/296 1413/2455/296
f 1469/2486/297 1409/2452/297 1411/2453/297
f 1469/2486/298 1468/2488/298 1406/2450/298
f 1467/2487/299 1405/2447/299 1406/2450/299
f 1466/2489/300 1402/2446/300 1405/2447/300
f 1465/2490/301 1401/2444/301 1402/2446/301
f 1465/2490/302 1464/2492/302 1399/2442/302
f 1463/2491/303 1397/2439/303 1399/2442/303
f 1463/2491/304 1462/2494/304 1395/2437/304
f 1461/2493/305 1393/2436/305 1395/2437/305
f 1461/2493/306 1460/2496/306 1391/2434/306
f 1459/2495/307 1389/2432/307 1391/2434/307
f 1459/2495/308 1458/2498/308 1387/2430/308
f 1457/2497/309 1385/2427/309 1387/2430/309
f 1457/2497/310 1456/2500/310 1382/2426/310
f 1455/2499/311 1381/2423/311 1382/2426/311
f 1455/2499/312 1454/2502/312 1378/2421/312
f 1453/2501/313 1377/2420/313 1378/2421/313
f 1453/2501/314 1452/2504/314 1375/2418/314
f 1451/2503/315 1373/2416/315 1375/2418/315
f 1451/2503/316 1450/2505/316 1371/2410/316
f 1449/2413/317 1369/2408/317 1371/2410/317
f 1480/1837/318 1514/2514/318 1515/2506/318
f 1453/2507/319 1541/2561/319 1542/2508/319
f 1472/2510/320 1473/2562/320 1521/2511/320
f 1480/1837/321 1449/1844/321 1513/2513/321
f 1466/2515/322 1528/2564/322 1529/2516/322
f 1459/2518/323 1535/4113/323 1536/2519/323
f 1478/1851/324 1479/1836/324 1515/2506/324
f 1452/2509/325 1542/2508/325 1543/2522/325
f 1471/2524/326 1472/2510/326 1522/2512/326
f 1465/2517/327 1529/2516/327 1530/2526/327
f 1457/2528/328 1458/2520/328 1536/2519/328
f 1478/1851/329 1516/2521/329 1517/2530/329
f 1450/1859/330 1451/1858/330 1543/2531/330
f 1471/2524/331 1523/2525/331 1524/2533/331
f 1464/2527/332 1530/2526/332 1531/2535/332
f 1457/2528/333 1537/2529/333 1538/2537/333
f 1476/1866/334 1477/1857/334 1517/2530/334
f 1450/1859/335 1544/2532/335 1513/2513/335
f 1470/2534/336 1524/2533/336 1525/2540/336
f 1463/2536/337 1531/2535/337 1532/2542/337
f 1455/2544/338 1456/2538/338 1538/2537/338
f 1476/2546/339 1518/4114/339 1519/2547/339
f 1469/2541/340 1525/2540/340 1526/2549/340
f 1462/2543/341 1532/2542/341 1533/2551/341
f 1454/2553/342 1455/2544/342 1539/2545/342
f 1475/2548/343 1519/2547/343 1520/2555/343
f 1467/2557/344 1468/2550/344 1526/2549/344
f 1460/2559/345 1461/2552/345 1533/2551/345
f 1454/2553/346 1540/2554/346 1541/2561/346
f 1473/2562/347 1474/2556/347 1520/2555/347
f 1466/2515/348 1467/4115/348 1527/2563/348
f 1459/2565/349 1460/2559/349 1534/2560/349
f 1609/2572/284 1611/4116/284 1481/4117/284
f 1514/2571/284 1513/4118/284 1612/4119/284
f 1514/2571/284 1612/4119/284 1610/4120/284
f 1609/2572/284 1481/4117/284 1512/2570/284
f 1514/2571/284 1610/4120/284 1609/2572/284
f 1511/2573/284 1515/2574/284 1514/2571/284
f 1613/4121/284 1516/4122/284 1515/2574/284
f 1511/2573/284 1510/4123/284 1614/4124/284
f 1511/2573/284 1614/4124/284 1615/2575/284
f 1616/2576/284 1613/4121/284 1515/2574/284
f 1515/2574/284 1511/2573/284 1615/2575/284
f 1614/4124/284 1510/4123/284 1509/2577/284
f 1517/2578/284 1516/4122/284 1613/4121/284
f 1517/2578/284 1613/4121/284 1617/4125/284
f 1618/2579/284 1614/4124/284 1509/2577/284
f 1517/2578/284 1617/4125/284 1618/2579/284
f 1620/4126/284 1518/4127/284 1517/2578/284
f 1517/2578/284 1509/2577/284 1508/4128/284
f 1508/4128/284 1622/4129/284 1621/2580/284
f 1619/2581/284 1620/4126/284 1517/2578/284
f 1517/2578/284 1508/4128/284 1621/2580/284
f 1622/4129/284 1508/4128/284 1507/2582/284
f 1519/2583/284 1518/4127/284 1620/4126/284
f 1519/2583/284 1620/4126/284 1623/4130/284
f 1624/2584/284 1622/4129/284 1507/2582/284
f 1519/2583/284 1623/4130/284 1624/2584/284
f 1507/2582/284 1506/2586/284 1520/2585/284
f 1625/4131/284 1521/4132/284 1520/2585/284
f 1506/2586/284 1505/4133/284 1627/4134/284
f 1506/2586/284 1627/4134/284 1626/4135/284
f 1628/2587/284 1625/4131/284 1520/2585/284
f 1506/2586/284 1626/4135/284 1628/2587/284
f 1629/2590/284 1627/4134/284 1505/4133/284
f 1522/2589/284 1521/4132/284 1625/4131/284
f 1522/2589/284 1625/4131/284 1630/4136/284
f 1629/2590/284 1505/4133/284 1504/2588/284
f 1522/2589/284 1630/4136/284 1629/2590/284
f 1503/2591/284 1523/2592/284 1522/2589/284
f 1633/2594/284 1631/4137/284 1524/4138/284
f 1503/2591/284 1502/4139/284 1632/4140/284
f 1503/2591/284 1632/4140/284 1634/2593/284
f 1633/2594/284 1524/4138/284 1523/2592/284
f 1523/2592/284 1503/2591/284 1634/2593/284
f 1636/2595/284 1632/4140/284 1502/4139/284
f 1502/4139/284 1501/4141/284 1525/2596/284
f 1525/2596/284 1524/4138/284 1631/4137/284
f 1525/2596/284 1631/4137/284 1635/2597/284
f 1636/2595/284 1502/4139/284 1525/2596/284
f 1637/2598/284 1638/4142/284 1526/4143/284
f 1525/2596/284 1501/4141/284 1500/4144/284
f 1500/4144/284 1639/4145/284 1640/2599/284
f 1637/2598/284 1526/4143/284 1525/2596/284
f 1525/2596/284 1500/4144/284 1640/2599/284
f 1642/2602/284 1639/4145/284 1500/4144/284
f 1527/2601/284 1526/4143/284 1638/4142/284
f 1527/2601/284 1638/4142/284 1641/4146/284
f 1642/2602/284 1500/4144/284 1499/2600/284
f 1527/2601/284 1641/4146/284 1642/2602/284
f 1498/2603/284 1528/2604/284 1527/2601/284
f 1646/2605/284 1644/4147/284 1529/4148/284
f 1498/2603/284 1497/4149/284 1645/4150/284
f 1498/2603/284 1645/4150/284 1643/4151/284
f 1646/2605/284 1529/4148/284 1528/2604/284
f 1498/2603/284 1643/4151/284 1646/2605/284
f 1645/4150/284 1497/4149/284 1496/2606/284
f 1530/2607/284 1529/4148/284 1644/4147/284
f 1530/2607/284 1644/4147/284 1648/4152/284
f 1647/2608/284 1645/4150/284 1496/2606/284
f 1530/2607/284 1648/4152/284 1647/2608/284
f 1495/2609/284 1531/2610/284 1530/2607/284
f 1649/4153/284 1532/4154/284 1531/2610/284
f 1495/2609/284 1494/4155/284 1650/4156/284
f 1495/2609/284 1650/4156/284 1651/2611/284
f 1652/2612/284 1649/4153/284 1531/2610/284
f 1531/2610/284 1495/2609/284 1651/2611/284
f 1650/4156/284 1494/4155/284 1493/2613/284
f 1533/2614/284 1532/4154/284 1649/4153/284
f 1533/2614/284 1649/4153/284 1654/4157/284
f 1653/2615/284 1650/4156/284 1493/2613/284
f 1533/2614/284 1654/4157/284 1653/2615/284
f 1657/4158/284 1534/4159/284 1533/2614/284
f 1533/2614/284 1493/2613/284 1492/4160/284
f 1492/4160/284 1656/4161/284 1655/2616/284
f 1658/2617/284 1657/4158/284 1533/2614/284
f 1533/2614/284 1492/4160/284 1655/2616/284
f 1656/4161/284 1492/4160/284 1491/2618/284
f 1535/2619/284 1534/4159/284 1657/4158/284
f 1535/2619/284 1657/4158/284 1659/4162/284
f 1660/2620/284 1656/4161/284 1491/2618/284
f 1535/2619/284 1659/4162/284 1660/2620/284
f 1491/2618/284 1490/2622/284 1536/2621/284
f 1664/2623/284 1663/4163/284 1537/4164/284
f 1490/2622/284 1489/4165/284 1662/4166/284
f 1490/2622/284 1662/4166/284 1661/4167/284
f 1664/2623/284 1537/4164/284 1536/2621/284
f 1490/2622/284 1661/4167/284 1664/2623/284
f 1662/4166/284 1489/4165/284 1488/2624/284
f 1538/2625/284 1537/4164/284 1663/4163/284
f 1538/2625/284 1663/4163/284 1666/4168/284
f 1665/2626/284 1662/4166/284 1488/2624/284
f 1538/2625/284 1666/4168/284 1665/2626/284
f 1487/2627/284 1539/2628/284 1538/2625/284
f 1670/2630/284 1668/4169/284 1540/4170/284
f 1487/2627/284 1486/4171/284 1667/4172/284
f 1487/2627/284 1667/4172/284 1669/2629/284
f 1670/2630/284 1540/4170/284 1539/2628/284
f 1539/2628/284 1487/2627/284 1669/2629/284
f 1671/2631/284 1667/4172/284 1486/4171/284
f 1486/4171/284 1485/4173/284 1541/2632/284
f 1541/2632/284 1540/4170/284 1668/4169/284
f 1541/2632/284 1668/4169/284 1672/2633/284
f 1671/2631/284 1486/4171/284 1541/2632/284
f 1676/2634/284 1675/4174/284 1542/4175/284
f 1541/2632/284 1485/4173/284 1484/4176/284
f 1484/4176/284 1674/4177/284 1673/2635/284
f 1676/2634/284 1542/4175/284 1541/2632/284
f 1541/2632/284 1484/4176/284 1673/2635/284
f 1677/2638/284 1674/4177/284 1484/4176/284
f 1543/2637/284 1542/4175/284 1675/4174/284
f 1543/2637/284 1675/4174/284 1678/4178/284
f 1677/2638/284 1484/4176/284 1483/2636/284
f 1543/2637/284 1678/4178/284 1677/2638/284
f 1483/2636/284 1482/2640/284 1544/2639/284
f 1612/4119/284 1513/4118/284 1544/2639/284
f 1482/2640/284 1481/4117/284 1611/4116/284
f 1482/2640/284 1611/4116/284 1679/4179/284
f 1680/2641/284 1612/4119/284 1544/2639/284
f 1482/2640/284 1679/4179/284 1680/2641/284
f 1889/3091/459 1809/3087/459 1870/3092/459
f 1870/3092/460 1869/3143/460 1919/3147/460
f 1919/3147/461 1869/3143/461 1867/3142/461
f 1918/3148/462 1867/3142/462 1865/3141/462
f 1865/3141/463 1863/3139/463 1916/3150/463
f 1863/3139/464 1861/3137/464 1915/3151/464
f 1861/3137/465 1858/3136/465 1914/3152/465
f 1858/3136/466 1857/3134/466 1913/3153/466
f 1913/3153/467 1857/3134/467 1854/3133/467
f 1854/3133/468 1853/3130/468 1911/3155/468
f 1911/3155/469 1853/3130/469 1851/3129/469
f 1851/3129/470 1849/3128/470 1909/3157/470
f 1909/3157/471 1849/3128/471 1846/3126/471
f 1846/3126/472 1845/3124/472 1907/3159/472
f 1845/3124/473 1842/3122/473 1906/3160/473
f 1842/3122/474 1841/3120/474 1905/3161/474
f 1905/3161/475 1841/3120/475 1839/3118/475
f 1904/3162/476 1839/3118/476 1837/3115/476
f 1903/3163/477 1837/3115/477 1835/3114/477
f 1835/3114/478 1833/3113/478 1901/3165/478
f 1901/3165/479 1833/3113/479 1831/3111/479
f 1900/3166/480 1831/3111/480 1829/3109/480
f 1829/3109/481 1827/3108/481 1898/3168/481
f 1827/3108/482 1825/3106/482 1897/3169/482
f 1897/3169/483 1825/3106/483 1822/3104/483
f 1896/3170/484 1822/3104/484 1821/3101/484
f 1895/3171/485 1821/3101/485 1818/3100/485
f 1818/3100/486 1817/3099/486 1893/3173/486
f 1893/3173/487 1817/3099/487 1815/3097/487
f 1815/3097/488 1813/3096/488 1891/3175/488
f 1813/3096/557 1811/3088/557 1890/3176/557
f 1811/3088/490 1809/3087/490 1889/3091/490
f 1955/3177/491 1954/4249/491 1920/3178/491
f 1892/3180/492 1982/3196/492 1981/3181/492
f 1962/3183/493 1961/4250/493 1913/3184/493
f 1920/3178/494 1954/4249/494 1953/3186/494
f 1969/3188/495 1968/4251/495 1906/3189/495
f 1898/3191/496 1976/3201/496 1975/3192/496
f 1918/3194/497 1956/2521/497 1955/3177/497
f 1891/3195/498 1983/4252/498 1982/3196/498
f 1963/3197/499 1962/3183/499 1912/3185/499
f 1904/3199/500 1970/4253/500 1969/3188/500
f 1897/3200/501 1977/4254/501 1976/3201/501
f 1917/3202/502 1957/3212/502 1956/2521/502
f 1984/2532/503 1983/4255/503 1891/3203/503
f 1964/3205/504 1963/3197/504 1911/3198/504
f 1971/3207/505 1970/4253/505 1904/3199/505
f 1978/3209/506 1977/4254/506 1897/3200/506
f 1916/3211/507 1958/4256/507 1957/3212/507
f 1953/3186/508 1984/2532/508 1890/3204/508
f 1965/3213/509 1964/3205/509 1910/3206/509
f 1972/3215/510 1971/3207/510 1903/3208/510
f 1979/3217/511 1978/3209/511 1896/3210/511
f 1915/3219/512 1959/3229/512 1958/3220/512
f 1966/3222/513 1965/3213/513 1909/3214/513
f 1973/3224/514 1972/3215/514 1902/3216/514
f 1980/3226/515 1979/3217/515 1895/3218/515
f 1914/3228/516 1960/3234/516 1959/3229/516
f 1967/3230/517 1966/3222/517 1908/3223/517
f 1974/3232/518 1973/3224/518 1901/3225/518
f 1893/3182/519 1981/3181/519 1980/3226/519
f 1913/3184/520 1961/4250/520 1960/3234/520
f 1906/3189/521 1968/4251/521 1967/3235/521
f 1975/3237/522 1974/3232/522 1900/3233/522
f 1921/4257/253 2051/4258/253 2049/4259/253
f 2050/3241/253 2052/4260/253 1953/4261/253
f 1952/3243/253 1921/4257/253 2049/4259/253
f 2050/3241/253 1953/4261/253 1954/3242/253
f 1952/3243/253 2049/4259/253 2050/3241/253
f 1954/3242/253 1955/3246/253 1951/3244/253
f 1955/3246/253 1956/4262/253 2053/4263/253
f 1955/3246/253 2053/4263/253 2056/4264/253
f 2054/4265/253 1950/4266/253 1951/3244/253
f 1955/3246/253 2056/4264/253 2055/3245/253
f 2055/3245/253 2054/4265/253 1951/3244/253
f 1949/3249/253 1950/4266/253 2054/4265/253
f 1949/3249/253 2054/4265/253 2058/4267/253
f 2053/4263/253 1956/4262/253 1957/3248/253
f 1949/3249/253 2058/4267/253 2057/3247/253
f 2057/3247/253 2053/4263/253 1957/3248/253
f 1957/3248/253 1958/4268/253 2060/4269/253
f 1957/3248/253 2060/4269/253 2059/4270/253
f 1948/3251/253 1949/3249/253 1957/3248/253
f 2061/3250/253 2062/4271/253 1948/3251/253
f 1957/3248/253 2059/4270/253 2061/3250/253
f 1947/3255/253 1948/3251/253 2062/4271/253
f 1947/3255/253 2062/4271/253 2064/3252/253
f 2060/4269/253 1958/4268/253 1959/3254/253
f 2063/3253/253 2060/4269/253 1959/3254/253
f 1959/3254/253 1947/3255/253 2064/3252/253
f 1947/3255/253 1959/3254/253 1960/3256/253
f 1960/3256/253 1961/4272/253 2065/4273/253
f 1960/3256/253 2065/4273/253 2068/4274/253
f 2067/4275/253 1945/4276/253 1946/3257/253
f 1960/3256/253 2068/4274/253 2066/3258/253
f 2066/3258/253 2067/4275/253 1946/3257/253
f 1945/4276/253 2067/4275/253 2069/4277/253
f 2070/3259/253 2065/4273/253 1961/4272/253
f 1944/3261/253 1945/4276/253 2069/4277/253
f 2070/3259/253 1961/4272/253 1962/3260/253
f 1944/3261/253 2069/4277/253 2070/3259/253
f 1962/3260/253 1963/3264/253 1943/3262/253
f 1964/4278/253 2071/4279/253 2073/4280/253
f 2074/3263/253 2072/4281/253 1942/4282/253
f 1963/3264/253 1964/4278/253 2073/4280/253
f 2074/3263/253 1942/4282/253 1943/3262/253
f 1963/3264/253 2073/4280/253 2074/3263/253
f 2075/3266/253 2071/4279/253 1964/4278/253
f 1965/3267/253 1941/4283/253 1942/4282/253
f 1942/4282/253 2072/4281/253 2076/3265/253
f 2075/3266/253 1964/4278/253 1965/3267/253
f 1965/3267/253 1942/4282/253 2076/3265/253
f 2080/3269/253 2079/4284/253 1940/4285/253
f 1940/4285/253 1941/4283/253 1965/3267/253
f 1965/3267/253 1966/4286/253 2078/4287/253
f 1965/3267/253 2078/4287/253 2077/3268/253
f 2080/3269/523 1940/4285/523 1965/3267/523
f 1940/4285/253 2079/4284/253 2082/3270/253
f 2081/3271/253 2078/4287/253 1966/4286/253
f 1939/3273/253 1940/4285/253 2082/3270/253
f 2081/3271/253 1966/4286/253 1967/3272/253
f 1967/3272/253 1939/3273/253 2082/3270/253
f 1939/3273/253 1967/3272/253 1968/3274/253
f 1969/4288/253 2084/4289/253 2086/4290/253
f 2083/3276/253 2085/4291/253 1937/4292/253
f 1968/3274/253 1969/4288/253 2086/4290/253
f 2083/3276/253 1937/4292/253 1938/3275/253
f 1968/3274/253 2086/4290/253 2083/3276/253
f 1936/3279/253 1937/4292/253 2085/4291/253
f 1936/3279/253 2085/4291/253 2087/4293/253
f 2084/4289/253 1969/4288/253 1970/3278/253
f 1936/3279/253 2087/4293/253 2088/3277/253
f 2088/3277/253 2084/4289/253 1970/3278/253
f 1970/3278/253 1971/3282/253 1935/3280/253
f 1971/3282/253 1972/4294/253 2089/4295/253
f 1971/3282/253 2089/4295/253 2092/4296/253
f 2090/4297/253 1934/4298/253 1935/3280/253
f 1971/3282/253 2092/4296/253 2091/3281/253
f 2091/3281/253 2090/4297/253 1935/3280/253
f 1933/3285/253 1934/4298/253 2090/4297/253
f 1933/3285/253 2090/4297/253 2093/4299/253
f 2089/4295/253 1972/4294/253 1973/3284/253
f 1933/3285/253 2093/4299/253 2094/3283/253
f 2094/3283/253 2089/4295/253 1973/3284/253
f 1973/3284/253 1974/4300/253 2097/4301/253
f 1973/3284/253 2097/4301/253 2098/4302/253
f 1932/3287/253 1933/3285/253 1973/3284/253
f 2095/3286/253 2096/4303/253 1932/3287/253
f 1973/3284/253 2098/4302/253 2095/3286/253
f 1931/3291/253 1932/3287/253 2096/4303/253
f 1931/3291/253 2096/4303/253 2100/3288/253
f 2097/4301/253 1974/4300/253 1975/3290/253
f 2099/3289/253 2097/4301/253 1975/3290/253
f 1975/3290/253 1931/3291/253 2100/3288/253
f 1931/3291/253 1975/3290/253 1976/3292/253
f 1977/4304/253 2103/4305/253 2104/4306/253
f 2101/3294/253 2102/4307/253 1929/4308/253
f 1976/3292/253 1977/4304/253 2104/4306/253
f 2101/3294/253 1929/4308/253 1930/3293/253
f 1976/3292/253 2104/4306/253 2101/3294/253
f 1928/3297/253 1929/4308/253 2102/4307/253
f 1928/3297/253 2102/4307/253 2105/4309/253
f 2103/4305/253 1977/4304/253 1978/3296/253
f 1928/3297/253 2105/4309/253 2106/3295/253
f 2106/3295/253 2103/4305/253 1978/3296/253
f 1978/3296/253 1979/3300/253 1927/3298/253
f 1980/4310/253 2108/4311/253 2110/4312/253
f 2109/3299/253 2107/4313/253 1926/4314/253
f 1979/3300/253 1980/4310/253 2110/4312/253
f 2109/3299/253 1926/4314/253 1927/3298/253
f 1979/3300/253 2110/4312/253 2109/3299/253
f 2112/3302/253 2108/4311/253 1980/4310/253
f 1981/3303/253 1925/4315/253 1926/4314/253
f 1926/4314/253 2107/4313/253 2111/3301/253
f 2112/3302/253 1980/4310/253 1981/3303/253
f 1981/3303/253 1926/4314/253 2111/3301/253
f 2113/3305/253 2114/4316/253 1924/4317/253
f 1924/4317/253 1925/4315/253 1981/3303/253
f 1981/3303/253 1982/4318/253 2115/4319/253
f 1981/3303/253 2115/4319/253 2116/3304/253
f 2113/3305/253 1924/4317/253 1981/3303/253
f 1924/4317/253 2114/4316/253 2117/3306/253
f 2118/3307/253 2115/4319/253 1982/4318/253
f 1923/3310/253 1924/4317/253 2117/3306/253
f 2118/3307/253 1982/4318/253 1983/3308/253
f 1983/3308/253 1923/3310/253 2117/3306/253
f 1983/3308/253 1984/3312/253 1922/3309/253
f 1984/3312/253 1953/4261/253 2052/4260/253
f 1984/3312/253 2052/4260/253 2120/4320/253
f 2051/4258/253 1921/4257/253 1922/3309/253
f 1984/3312/253 2120/4320/253 2119/3311/253
f 2119/3311/253 2051/4258/253 1922/3309/253
usemtl Grey
f 626/1208/276 705/1209/276 625/1210/276
f 696/1283/284 688/1284/284 680/1285/284
f 612/1286/262 719/1287/262 611/1288/262
f 625/1210/275 706/1289/275 624/1290/275
f 611/1288/261 720/1291/261 610/1292/261
f 624/1290/274 707/1293/274 623/1294/274
f 610/1292/260 721/1295/260 609/1296/260
f 623/1294/273 708/1297/273 622/1298/273
f 608/1299/259 721/1295/259 722/1300/259
f 622/1298/272 709/1301/272 621/1302/272
f 608/1299/258 723/1303/258 607/1304/258
f 621/1302/271 710/1305/271 620/1306/271
f 607/1304/257 724/1307/257 606/1308/257
f 620/1306/270 711/1309/270 619/1310/270
f 601/1311/350 698/1312/350 632/1313/350
f 605/1314/256 724/1307/256 725/1315/256
f 619/1316/269 712/1317/269 618/1318/269
f 632/1313/282 699/1319/282 631/1320/282
f 605/1314/255 726/1321/255 604/1322/255
f 617/1323/268 712/1317/268 713/1324/268
f 631/1320/281 700/1325/281 630/1326/281
f 604/1322/254 727/1327/254 603/1328/254
f 617/1323/267 714/1329/267 616/1330/267
f 630/1326/280 701/1331/280 629/1332/280
f 603/1333/283 728/1334/283 602/1335/283
f 616/1330/266 715/1336/266 615/1337/266
f 629/1332/279 702/1338/279 628/1339/279
f 602/1335/285 697/1340/285 601/1311/285
f 615/1337/265 716/1341/265 614/1342/265
f 627/1343/278 702/1338/278 703/1344/278
f 613/1345/264 716/1341/264 717/1346/264
f 627/1347/277 704/1348/277 626/1208/277
f 612/1349/263 717/1346/263 718/1350/263
f 665/1351/351 698/1352/351 697/1353/351
f 667/1354/352 698/1352/352 666/1355/352
f 667/1354/353 700/1356/353 699/1357/353
f 669/1358/354 700/1356/354 668/1359/354
f 670/1360/355 701/1361/355 669/1358/355
f 670/1360/356 703/1362/356 702/1363/356
f 671/1364/357 704/1365/357 703/1362/357
f 673/1366/358 704/1365/358 672/1367/358
f 673/1366/359 706/1368/359 705/1369/359
f 675/1370/360 706/1368/360 674/1371/360
f 676/1372/361 707/1373/361 675/1370/361
f 677/1374/362 708/1375/362 676/1372/362
f 677/1374/363 710/1376/363 709/1377/363
f 679/1378/364 710/1376/364 678/1379/364
f 680/1285/365 711/1380/365 679/1378/365
f 681/1381/366 712/1382/366 680/1285/366
f 681/1381/367 714/1383/367 713/1384/367
f 683/1385/368 714/1383/368 682/1386/368
f 683/1385/369 716/1387/369 715/1388/369
f 684/1389/370 717/1390/370 716/1387/370
f 686/1391/371 717/1390/371 685/1392/371
f 686/1391/372 719/1393/372 718/1394/372
f 687/1395/373 720/1396/373 719/1393/373
f 689/1397/374 720/1396/374 688/1284/374
f 689/1397/375 722/1398/375 721/1399/375
f 691/1400/376 722/1398/376 690/1401/376
f 692/1402/377 723/1403/377 691/1400/377
f 693/1404/378 724/1405/378 692/1402/378
f 693/1404/379 726/1406/379 725/1407/379
f 694/1408/380 727/1409/380 726/1406/380
f 696/1283/381 727/1409/381 695/1410/381
f 665/1351/382 728/1411/382 696/1283/382
f 1145/1890/276 1066/1891/276 1065/1892/276
f 1134/1965/253 1110/1966/253 1118/1967/253
f 1051/1968/262 1158/1969/262 1052/1970/262
f 1146/1971/275 1065/1892/275 1064/1972/275
f 1050/1973/261 1159/1974/261 1051/1968/261
f 1147/1975/274 1064/1972/274 1063/1976/274
f 1161/1977/260 1050/1973/260 1049/1978/260
f 1148/1979/273 1063/1976/273 1062/1980/273
f 1162/1981/259 1049/1978/259 1048/1982/259
f 1149/1983/272 1062/1980/272 1061/1984/272
f 1163/1985/258 1048/1982/258 1047/1986/258
f 1150/1987/271 1061/1984/271 1060/1988/271
f 1164/1989/257 1047/1986/257 1046/1990/257
f 1151/1991/270 1060/1988/270 1059/1992/270
f 1138/1993/350 1041/1994/350 1072/1995/350
f 1045/1996/256 1164/1989/256 1046/1990/256
f 1152/1997/269 1059/1998/269 1058/1999/269
f 1139/2000/282 1072/1995/282 1071/2001/282
f 1166/2002/255 1045/1996/255 1044/2003/255
f 1153/2004/268 1058/1999/268 1057/2005/268
f 1140/2006/281 1071/2001/281 1070/2007/281
f 1043/2008/254 1166/2002/254 1044/2003/254
f 1056/2009/267 1153/2004/267 1057/2005/267
f 1141/2010/280 1070/2007/280 1069/2011/280
f 1042/2012/283 1167/2013/283 1043/2014/283
f 1155/2015/266 1056/2009/266 1055/2016/266
f 1142/2017/279 1069/2011/279 1068/2018/279
f 1041/1994/285 1168/2019/285 1042/2012/285
f 1054/2020/265 1155/2015/265 1055/2016/265
f 1143/2021/278 1068/2018/278 1067/2022/278
f 1053/2023/264 1156/2024/264 1054/2020/264
f 1144/2025/277 1067/2026/277 1066/1891/277
f 1052/2027/263 1157/2028/263 1053/2023/263
f 1105/2029/525 1138/2030/525 1106/2031/525
f 1138/2030/526 1107/2032/526 1106/2031/526
f 1139/2033/527 1108/2034/527 1107/2032/527
f 1140/2035/528 1109/2036/528 1108/2034/528
f 1141/2037/529 1110/1966/529 1109/2036/529
f 1110/1966/530 1143/2038/530 1111/2039/530
f 1111/2039/531 1144/2040/531 1112/2041/531
f 1112/2041/532 1145/2042/532 1113/2043/532
f 1145/2042/533 1114/2044/533 1113/2043/533
f 1146/2045/534 1115/2046/534 1114/2044/534
f 1115/2046/535 1148/2047/535 1116/2048/535
f 1116/2048/536 1149/2049/536 1117/2050/536
f 1149/2049/537 1118/1967/537 1117/2050/537
f 1150/2051/538 1119/2052/538 1118/1967/538
f 1119/2052/539 1152/2053/539 1120/2054/539
f 1152/2053/540 1121/2055/540 1120/2054/540
f 1121/2055/541 1154/2056/541 1122/2057/541
f 1122/2057/542 1155/2058/542 1123/2059/542
f 1123/2059/543 1156/2060/543 1124/2061/543
f 1156/2060/544 1125/2062/544 1124/2061/544
f 1125/2062/545 1158/2063/545 1126/2064/545
f 1158/2063/546 1127/2065/546 1126/2064/546
f 1127/2065/547 1160/2066/547 1128/2067/547
f 1160/2066/548 1129/2068/548 1128/2067/548
f 1129/2068/549 1162/2069/549 1130/2070/549
f 1130/2070/550 1163/2071/550 1131/2072/550
f 1163/2071/551 1132/2073/551 1131/2072/551
f 1164/2074/552 1133/2075/552 1132/2073/552
f 1165/2076/553 1134/1965/553 1133/2075/553
f 1166/2077/554 1135/2078/554 1134/1965/554
f 1135/2078/555 1168/2079/555 1136/2080/555
f 1136/2080/556 1137/2081/556 1105/2029/556
f 1506/2567/276 1585/2568/276 1505/2569/276
f 1576/2642/284 1568/2643/284 1560/2644/284
f 1491/2645/262 1598/2646/262 1599/2647/262
f 1505/2569/275 1586/2648/275 1504/2649/275
f 1491/2645/261 1600/2650/261 1490/2651/261
f 1504/2649/274 1587/2652/274 1503/2653/274
f 1489/2654/260 1600/2650/260 1601/2655/260
f 1503/2653/273 1588/2656/273 1502/2657/273
f 1488/2658/259 1601/2655/259 1602/2659/259
f 1502/2657/272 1589/2660/272 1501/2661/272
f 1488/2658/258 1603/2662/258 1487/2663/258
f 1501/2661/271 1590/2664/271 1500/2665/271
f 1487/2663/257 1604/2666/257 1486/2667/257
f 1500/2665/270 1591/2668/270 1499/2669/270
f 1512/2670/350 1577/2671/350 1578/2672/350
f 1485/2673/256 1604/2666/256 1605/2674/256
f 1499/2675/269 1592/2676/269 1498/2677/269
f 1512/2670/282 1579/2678/282 1511/2679/282
f 1485/2673/255 1606/2680/255 1484/2681/255
f 1498/2677/268 1593/2682/268 1497/2683/268
f 1511/2679/281 1580/2684/281 1510/1325/281
f 1483/2685/254 1606/2680/254 1607/2686/254
f 1497/2683/267 1594/2687/267 1496/2688/267
f 1510/1325/280 1581/1302/280 1509/1331/280
f 1483/2689/283 1608/2690/283 1482/1334/283
f 1496/2688/266 1595/2691/266 1495/2692/266
f 1509/1331/279 1582/2693/279 1508/1338/279
f 1482/1334/285 1577/2671/285 1481/1340/285
f 1494/2694/265 1595/2691/265 1596/2695/265
f 1507/2696/278 1582/2693/278 1583/1310/278
f 1494/2694/264 1597/2697/264 1493/2698/264
f 1507/2699/277 1584/2700/277 1506/2567/277
f 1492/2701/263 1597/2697/263 1598/2702/263
f 1545/2703/351 1578/2704/351 1577/2705/351
f 1547/2706/352 1578/2704/352 1546/2707/352
f 1547/2706/353 1580/2708/353 1579/2709/353
f 1548/2710/354 1581/2711/354 1580/2708/354
f 1550/2712/355 1581/2711/355 1549/2713/355
f 1550/2712/356 1583/2714/356 1582/2715/356
f 1552/2716/357 1583/2714/357 1551/2717/357
f 1553/2718/358 1584/2719/358 1552/2716/358
f 1553/2718/359 1586/2720/359 1585/2721/359
f 1555/2722/360 1586/2720/360 1554/2723/360
f 1555/2722/361 1588/2724/361 1587/2725/361
f 1556/2726/362 1589/2727/362 1588/2724/362
f 1558/2728/363 1589/2727/363 1557/2729/363
f 1559/2730/364 1590/2731/364 1558/2728/364
f 1560/2644/365 1591/2732/365 1559/2730/365
f 1561/2733/366 1592/2734/366 1560/2644/366
f 1562/2735/367 1593/2736/367 1561/2733/367
f 1563/2737/368 1594/2738/368 1562/2735/368
f 1564/2739/369 1595/2740/369 1563/2737/369
f 1564/2739/370 1597/2741/370 1596/2742/370
f 1566/2743/371 1597/2741/371 1565/2744/371
f 1566/2743/372 1599/2745/372 1598/2746/372
f 1567/2747/373 1600/2748/373 1599/2745/373
f 1569/2749/374 1600/2748/374 1568/2643/374
f 1569/2749/375 1602/2750/375 1601/2751/375
f 1571/2752/376 1602/2750/376 1570/2753/376
f 1571/2752/377 1604/2754/377 1603/2755/377
f 1573/2756/378 1604/2754/378 1572/2757/378
f 1574/2758/379 1605/2759/379 1573/2756/379
f 1575/2760/380 1606/2761/380 1574/2758/380
f 1575/2760/381 1608/2762/381 1607/2763/381
f 1545/2703/382 1608/2762/382 1576/2642/382
f 2025/1994/276 1946/3239/276 1945/3240/276
f 2014/3313/253 1990/3314/253 1998/3315/253
f 2039/3316/262 1932/1969/262 1931/1974/262
f 2026/1995/275 1945/3240/275 1944/3317/275
f 2040/3318/261 1931/1974/261 1930/3319/261
f 2027/2001/274 1944/3317/274 1943/3320/274
f 1929/3321/260 2040/3318/260 1930/3319/260
f 2028/2007/273 1943/3320/273 1942/3322/273
f 2042/3323/259 1929/3321/259 1928/1981/259
f 1941/3324/272 2028/2007/272 1942/3322/272
f 2043/3325/258 1928/1981/258 1927/1985/258
f 2030/2018/271 1941/3324/271 1940/3326/271
f 2044/3327/257 1927/1985/257 1926/1989/257
f 2031/2022/270 1940/3326/270 1939/3328/270
f 2018/1289/350 1921/2569/350 1952/2649/350
f 2045/3329/256 1926/1989/256 1925/3330/256
f 2032/3331/269 1939/3332/269 1938/2677/269
f 2019/1293/282 1952/2649/282 1951/2653/282
f 2046/3333/255 1925/3330/255 1924/3334/255
f 2033/3335/268 1938/2677/268 1937/2683/268
f 2020/1297/281 1951/2653/281 1950/2657/281
f 1923/3336/254 2046/3333/254 1924/3334/254
f 1936/2688/267 2033/3335/267 1937/2683/267
f 2021/3337/280 1950/2657/280 1949/3338/280
f 2048/1348/283 1923/2699/283 1922/2567/283
f 1935/2692/266 2034/3339/266 1936/2688/266
f 2022/1305/279 1949/3338/279 1948/2665/279
f 1921/2569/285 2048/1348/285 1922/2567/285
f 1934/2694/265 2035/3340/265 1935/2692/265
f 2023/3341/278 1948/2665/278 1947/2669/278
f 1933/2698/264 2036/3342/264 1934/2694/264
f 2024/2012/277 1947/3343/277 1946/3239/277
f 1932/2701/263 2037/3344/263 1933/2698/263
f 2017/3345/525 1986/3346/525 1985/3347/525
f 2018/3348/526 1987/3349/526 1986/3346/526
f 2019/3350/527 1988/3351/527 1987/3349/527
f 2020/3352/528 1989/3353/528 1988/3351/528
f 1989/3353/529 2022/3354/529 1990/3314/529
f 2022/3354/530 1991/3355/530 1990/3314/530
f 1991/3355/531 2024/3356/531 1992/3357/531
f 2024/3356/532 1993/3358/532 1992/3357/532
f 1993/3358/533 2026/3359/533 1994/3360/533
f 1994/3360/534 2027/3361/534 1995/3362/534
f 1995/3362/535 2028/3363/535 1996/3364/535
f 2028/3363/536 1997/3365/536 1996/3364/536
f 2029/3366/537 1998/3315/537 1997/3365/537
f 1998/3315/538 2031/3367/538 1999/3368/538
f 1999/3368/539 2032/3369/539 2000/3370/539
f 2000/3370/540 2033/3371/540 2001/3372/540
f 2001/3372/541 2034/3373/541 2002/3374/541
f 2034/3373/542 2003/3375/542 2002/3374/542
f 2035/3376/543 2004/3377/543 2003/3375/543
f 2036/3378/544 2005/3379/544 2004/3377/544
f 2037/3380/545 2006/3381/545 2005/3379/545
f 2038/3382/546 2007/3383/546 2006/3381/546
f 2007/3383/547 2040/3384/547 2008/3385/547
f 2040/3384/548 2009/3386/548 2008/3385/548
f 2009/3386/549 2042/3387/549 2010/3388/549
f 2042/3387/550 2011/3389/550 2010/3388/550
f 2011/3389/551 2044/3390/551 2012/3391/551
f 2044/3390/552 2013/3392/552 2012/3391/552
f 2013/3392/553 2046/3393/553 2014/3313/553
f 2046/3393/554 2015/3394/554 2014/3313/554
f 2015/3394/555 2048/3395/555 2016/3396/555
f 2048/3395/556 1985/3347/556 2016/3396/556
f 626/1208/276 704/1348/276 705/1209/276
f 680/1285/284 679/1378/284 678/1379/284
f 678/1379/284 677/1374/284 676/1372/284
f 676/1372/284 675/1370/284 674/1371/284
f 674/1371/284 673/1366/284 672/1367/284
f 672/1367/284 671/1364/284 670/1360/284
f 670/1360/284 669/1358/284 668/1359/284
f 668/1359/284 667/1354/284 666/1355/284
f 666/1355/284 665/1351/284 696/1283/284
f 696/1283/284 695/1410/284 694/1408/284
f 694/1408/284 693/1404/284 692/1402/284
f 692/1402/284 691/1400/284 690/1401/284
f 690/1401/284 689/1397/284 688/1284/284
f 688/1284/284 687/1395/284 686/1391/284
f 686/1391/284 685/1392/284 684/1389/284
f 684/1389/284 683/1385/284 682/1386/284
f 682/1386/284 681/1381/284 680/1285/284
f 680/1285/284 678/1379/284 676/1372/284
f 676/1372/284 674/1371/284 672/1367/284
f 672/1367/284 670/1360/284 668/1359/284
f 668/1359/284 666/1355/284 696/1283/284
f 696/1283/284 694/1408/284 692/1402/284
f 692/1402/284 690/1401/284 688/1284/284
f 688/1284/284 686/1391/284 684/1389/284
f 684/1389/284 682/1386/284 680/1285/284
f 680/1285/284 676/1372/284 672/1367/284
f 672/1367/284 668/1359/284 696/1283/284
f 696/1283/284 692/1402/284 688/1284/284
f 688/1284/284 684/1389/284 680/1285/284
f 680/1285/284 672/1367/284 696/1283/284
f 612/1286/262 718/3881/262 719/1287/262
f 625/1210/275 705/1209/275 706/1289/275
f 611/1288/261 719/1287/261 720/1291/261
f 624/1290/274 706/1289/274 707/1293/274
f 610/1292/260 720/1291/260 721/1295/260
f 623/1294/273 707/1293/273 708/1297/273
f 608/1299/259 609/1296/259 721/1295/259
f 622/1298/272 708/1297/272 709/1301/272
f 608/1299/258 722/1300/258 723/1303/258
f 621/1302/271 709/1301/271 710/1305/271
f 607/1304/257 723/1303/257 724/1307/257
f 620/1306/270 710/1305/270 711/1309/270
f 601/1311/350 697/1340/350 698/1312/350
f 605/1314/256 606/1308/256 724/1307/256
f 619/1316/269 711/3882/269 712/1317/269
f 632/1313/282 698/1312/282 699/1319/282
f 605/1314/255 725/1315/255 726/1321/255
f 617/1323/268 618/1318/268 712/1317/268
f 631/1320/281 699/1319/281 700/1325/281
f 604/1322/254 726/1321/254 727/1327/254
f 617/1323/267 713/1324/267 714/1329/267
f 630/1326/280 700/1325/280 701/1331/280
f 603/1333/283 727/3883/283 728/1334/283
f 616/1330/266 714/1329/266 715/1336/266
f 629/1332/279 701/1331/279 702/1338/279
f 602/1335/285 728/1334/285 697/1340/285
f 615/1337/265 715/1336/265 716/1341/265
f 627/1343/278 628/1339/278 702/1338/278
f 613/1345/264 614/1342/264 716/1341/264
f 627/1347/277 703/3884/277 704/1348/277
f 612/1349/263 613/1345/263 717/1346/263
f 665/1351/351 666/1355/351 698/1352/351
f 667/1354/352 699/1357/352 698/1352/352
f 667/1354/353 668/1359/353 700/1356/353
f 669/1358/354 701/1361/354 700/1356/354
f 670/1360/355 702/1363/355 701/1361/355
f 670/1360/356 671/1364/356 703/1362/356
f 671/1364/357 672/1367/357 704/1365/357
f 673/1366/358 705/1369/358 704/1365/358
f 673/1366/359 674/1371/359 706/1368/359
f 675/1370/360 707/1373/360 706/1368/360
f 676/1372/361 708/1375/361 707/1373/361
f 677/1374/362 709/1377/362 708/1375/362
f 677/1374/363 678/1379/363 710/1376/363
f 679/1378/364 711/1380/364 710/1376/364
f 680/1285/365 712/1382/365 711/1380/365
f 681/1381/366 713/1384/366 712/1382/366
f 681/1381/367 682/1386/367 714/1383/367
f 683/1385/368 715/1388/368 714/1383/368
f 683/1385/369 684/1389/369 716/1387/369
f 684/1389/370 685/1392/370 717/1390/370
f 686/1391/371 718/1394/371 717/1390/371
f 686/1391/372 687/1395/372 719/1393/372
f 687/1395/373 688/1284/373 720/1396/373
f 689/1397/374 721/1399/374 720/1396/374
f 689/1397/375 690/1401/375 722/1398/375
f 691/1400/376 723/1403/376 722/1398/376
f 692/1402/377 724/1405/377 723/1403/377
f 693/1404/378 725/1407/378 724/1405/378
f 693/1404/379 694/1408/379 726/1406/379
f 694/1408/380 695/1410/380 727/1409/380
f 696/1283/381 728/1411/381 727/1409/381
f 665/1351/382 697/1353/382 728/1411/382
f 1145/1890/276 1144/2025/276 1066/1891/276
f 1118/1967/253 1119/2052/253 1120/2054/253
f 1120/2054/253 1121/2055/253 1122/2057/253
f 1122/2057/253 1123/2059/253 1124/2061/253
f 1124/2061/253 1125/2062/253 1126/2064/253
f 1126/2064/253 1127/2065/253 1128/2067/253
f 1128/2067/253 1129/2068/253 1130/2070/253
f 1130/2070/253 1131/2072/253 1132/2073/253
f 1132/2073/253 1133/2075/253 1134/1965/253
f 1134/1965/253 1135/2078/253 1136/2080/253
f 1136/2080/253 1105/2029/253 1106/2031/253
f 1106/2031/253 1107/2032/253 1108/2034/253
f 1108/2034/253 1109/2036/253 1110/1966/253
f 1110/1966/253 1111/2039/253 1112/2041/253
f 1112/2041/253 1113/2043/253 1114/2044/253
f 1114/2044/253 1115/2046/253 1116/2048/253
f 1116/2048/253 1117/2050/253 1118/1967/253
f 1118/1967/253 1120/2054/253 1122/2057/253
f 1122/2057/253 1124/2061/253 1126/2064/253
f 1126/2064/253 1128/2067/253 1130/2070/253
f 1130/2070/253 1132/2073/253 1134/1965/253
f 1134/1965/253 1136/2080/253 1106/2031/253
f 1106/2031/253 1108/2034/253 1110/1966/253
f 1110/1966/253 1112/2041/253 1114/2044/253
f 1114/2044/253 1116/2048/253 1118/1967/253
f 1118/1967/253 1122/2057/253 1126/2064/253
f 1126/2064/253 1130/2070/253 1134/1965/253
f 1134/1965/253 1106/2031/253 1110/1966/253
f 1110/1966/253 1114/2044/253 1118/1967/253
f 1118/1967/253 1126/2064/253 1134/1965/253
f 1051/1968/262 1159/1974/262 1158/1969/262
f 1146/1971/275 1145/1890/275 1065/1892/275
f 1050/1973/261 1160/3319/261 1159/1974/261
f 1147/1975/274 1146/1971/274 1064/1972/274
f 1161/1977/260 1160/3319/260 1050/1973/260
f 1148/1979/273 1147/1975/273 1063/1976/273
f 1162/1981/259 1161/1977/259 1049/1978/259
f 1149/1983/272 1148/1979/272 1062/1980/272
f 1163/1985/258 1162/1981/258 1048/1982/258
f 1150/1987/271 1149/1983/271 1061/1984/271
f 1164/1989/257 1163/1985/257 1047/1986/257
f 1151/1991/270 1150/1987/270 1060/1988/270
f 1138/1993/350 1137/4025/350 1041/1994/350
f 1045/1996/256 1165/3330/256 1164/1989/256
f 1152/1997/269 1151/4026/269 1059/1998/269
f 1139/2000/282 1138/1993/282 1072/1995/282
f 1166/2002/255 1165/3330/255 1045/1996/255
f 1153/2004/268 1152/1997/268 1058/1999/268
f 1140/2006/281 1139/2000/281 1071/2001/281
f 1043/2008/254 1167/3336/254 1166/2002/254
f 1056/2009/267 1154/4027/267 1153/2004/267
f 1141/2010/280 1140/2006/280 1070/2007/280
f 1042/2012/283 1168/2019/283 1167/2013/283
f 1155/2015/266 1154/4027/266 1056/2009/266
f 1142/2017/279 1141/2010/279 1069/2011/279
f 1041/1994/285 1137/4025/285 1168/2019/285
f 1054/2020/265 1156/2024/265 1155/2015/265
f 1143/2021/278 1142/2017/278 1068/2018/278
f 1053/2023/264 1157/2028/264 1156/2024/264
f 1144/2025/277 1143/4028/277 1067/2026/277
f 1052/2027/263 1158/4029/263 1157/2028/263
f 1105/2029/525 1137/2081/525 1138/2030/525
f 1138/2030/526 1139/2033/526 1107/2032/526
f 1139/2033/527 1140/2035/527 1108/2034/527
f 1140/2035/528 1141/2037/528 1109/2036/528
f 1141/2037/529 1142/4030/529 1110/1966/529
f 1110/1966/530 1142/4030/530 1143/2038/530
f 1111/2039/531 1143/2038/531 1144/2040/531
f 1112/2041/532 1144/2040/532 1145/2042/532
f 1145/2042/533 1146/2045/533 1114/2044/533
f 1146/2045/534 1147/4031/534 1115/2046/534
f 1115/2046/535 1147/4031/535 1148/2047/535
f 1116/2048/536 1148/2047/536 1149/2049/536
f 1149/2049/537 1150/2051/537 1118/1967/537
f 1150/2051/538 1151/4032/538 1119/2052/538
f 1119/2052/539 1151/4032/539 1152/2053/539
f 1152/2053/540 1153/4033/540 1121/2055/540
f 1121/2055/541 1153/4033/541 1154/2056/541
f 1122/2057/542 1154/2056/542 1155/2058/542
f 1123/2059/543 1155/2058/543 1156/2060/543
f 1156/2060/544 1157/4034/544 1125/2062/544
f 1125/2062/545 1157/4034/545 1158/2063/545
f 1158/2063/546 1159/4035/546 1127/2065/546
f 1127/2065/547 1159/4035/547 1160/2066/547
f 1160/2066/548 1161/4036/548 1129/2068/548
f 1129/2068/549 1161/4036/549 1162/2069/549
f 1130/2070/550 1162/2069/550 1163/2071/550
f 1163/2071/551 1164/2074/551 1132/2073/551
f 1164/2074/552 1165/2076/552 1133/2075/552
f 1165/2076/553 1166/2077/553 1134/1965/553
f 1166/2077/554 1167/4037/554 1135/2078/554
f 1135/2078/555 1167/4037/555 1168/2079/555
f 1136/2080/556 1168/2079/556 1137/2081/556
f 1506/2567/276 1584/2700/276 1585/2568/276
f 1560/2644/284 1559/2730/284 1558/2728/284
f 1558/2728/284 1557/2729/284 1556/2726/284
f 1556/2726/284 1555/2722/284 1554/2723/284
f 1554/2723/284 1553/2718/284 1552/2716/284
f 1552/2716/284 1551/2717/284 1550/2712/284
f 1550/2712/284 1549/2713/284 1548/2710/284
f 1548/2710/284 1547/2706/284 1546/2707/284
f 1546/2707/284 1545/2703/284 1576/2642/284
f 1576/2642/284 1575/2760/284 1574/2758/284
f 1574/2758/284 1573/2756/284 1572/2757/284
f 1572/2757/284 1571/2752/284 1570/2753/284
f 1570/2753/284 1569/2749/284 1568/2643/284
f 1568/2643/284 1567/2747/284 1566/2743/284
f 1566/2743/284 1565/2744/284 1564/2739/284
f 1564/2739/284 1563/2737/284 1562/2735/284
f 1562/2735/284 1561/2733/284 1560/2644/284
f 1560/2644/284 1558/2728/284 1556/2726/284
f 1556/2726/284 1554/2723/284 1552/2716/284
f 1552/2716/284 1550/2712/284 1548/2710/284
f 1548/2710/284 1546/2707/284 1576/2642/284
f 1576/2642/284 1574/2758/284 1572/2757/284
f 1572/2757/284 1570/2753/284 1568/2643/284
f 1568/2643/284 1566/2743/284 1564/2739/284
f 1564/2739/284 1562/2735/284 1560/2644/284
f 1560/2644/284 1556/2726/284 1552/2716/284
f 1552/2716/284 1548/2710/284 1576/2642/284
f 1576/2642/284 1572/2757/284 1568/2643/284
f 1568/2643/284 1564/2739/284 1560/2644/284
f 1560/2644/284 1552/2716/284 1576/2642/284
f 1491/2645/262 1492/4180/262 1598/2646/262
f 1505/2569/275 1585/2568/275 1586/2648/275
f 1491/2645/261 1599/2647/261 1600/2650/261
f 1504/2649/274 1586/2648/274 1587/2652/274
f 1489/2654/260 1490/2651/260 1600/2650/260
f 1503/2653/273 1587/2652/273 1588/2656/273
f 1488/2658/259 1489/2654/259 1601/2655/259
f 1502/2657/272 1588/2656/272 1589/2660/272
f 1488/2658/258 1602/2659/258 1603/2662/258
f 1501/2661/271 1589/2660/271 1590/2664/271
f 1487/2663/257 1603/2662/257 1604/2666/257
f 1500/2665/270 1590/2664/270 1591/2668/270
f 1512/2670/350 1481/1340/350 1577/2671/350
f 1485/2673/256 1486/2667/256 1604/2666/256
f 1499/2675/269 1591/4181/269 1592/2676/269
f 1512/2670/282 1578/2672/282 1579/2678/282
f 1485/2673/255 1605/2674/255 1606/2680/255
f 1498/2677/268 1592/2676/268 1593/2682/268
f 1511/2679/281 1579/2678/281 1580/2684/281
f 1483/2685/254 1484/2681/254 1606/2680/254
f 1497/2683/267 1593/2682/267 1594/2687/267
f 1510/1325/280 1580/2684/280 1581/1302/280
f 1483/2689/283 1607/4182/283 1608/2690/283
f 1496/2688/266 1594/2687/266 1595/2691/266
f 1509/1331/279 1581/1302/279 1582/2693/279
f 1482/1334/285 1608/2690/285 1577/2671/285
f 1494/2694/265 1495/2692/265 1595/2691/265
f 1507/2696/278 1508/1338/278 1582/2693/278
f 1494/2694/264 1596/2695/264 1597/2697/264
f 1507/2699/277 1583/4183/277 1584/2700/277
f 1492/2701/263 1493/2698/263 1597/2697/263
f 1545/2703/351 1546/2707/351 1578/2704/351
f 1547/2706/352 1579/2709/352 1578/2704/352
f 1547/2706/353 1548/2710/353 1580/2708/353
f 1548/2710/354 1549/2713/354 1581/2711/354
f 1550/2712/355 1582/2715/355 1581/2711/355
f 1550/2712/356 1551/2717/356 1583/2714/356
f 1552/2716/357 1584/2719/357 1583/2714/357
f 1553/2718/358 1585/2721/358 1584/2719/358
f 1553/2718/359 1554/2723/359 1586/2720/359
f 1555/2722/360 1587/2725/360 1586/2720/360
f 1555/2722/361 1556/2726/361 1588/2724/361
f 1556/2726/362 1557/2729/362 1589/2727/362
f 1558/2728/363 1590/2731/363 1589/2727/363
f 1559/2730/364 1591/2732/364 1590/2731/364
f 1560/2644/365 1592/2734/365 1591/2732/365
f 1561/2733/366 1593/2736/366 1592/2734/366
f 1562/2735/367 1594/2738/367 1593/2736/367
f 1563/2737/368 1595/2740/368 1594/2738/368
f 1564/2739/369 1596/2742/369 1595/2740/369
f 1564/2739/370 1565/2744/370 1597/2741/370
f 1566/2743/371 1598/2746/371 1597/2741/371
f 1566/2743/372 1567/2747/372 1599/2745/372
f 1567/2747/373 1568/2643/373 1600/2748/373
f 1569/2749/374 1601/2751/374 1600/2748/374
f 1569/2749/375 1570/2753/375 1602/2750/375
f 1571/2752/376 1603/2755/376 1602/2750/376
f 1571/2752/377 1572/2757/377 1604/2754/377
f 1573/2756/378 1605/2759/378 1604/2754/378
f 1574/2758/379 1606/2761/379 1605/2759/379
f 1575/2760/380 1607/2763/380 1606/2761/380
f 1575/2760/381 1576/2642/381 1608/2762/381
f 1545/2703/382 1577/2705/382 1608/2762/382
f 2025/1994/276 2024/2012/276 1946/3239/276
f 1998/3315/253 1999/3368/253 2000/3370/253
f 2000/3370/253 2001/3372/253 2002/3374/253
f 2002/3374/253 2003/3375/253 2004/3377/253
f 2004/3377/253 2005/3379/253 2006/3381/253
f 2006/3381/253 2007/3383/253 2008/3385/253
f 2008/3385/253 2009/3386/253 2010/3388/253
f 2010/3388/253 2011/3389/253 2012/3391/253
f 2012/3391/253 2013/3392/253 2014/3313/253
f 2014/3313/253 2015/3394/253 2016/3396/253
f 2016/3396/253 1985/3347/253 1986/3346/253
f 1986/3346/253 1987/3349/253 1988/3351/253
f 1988/3351/253 1989/3353/253 1990/3314/253
f 1990/3314/253 1991/3355/253 1992/3357/253
f 1992/3357/253 1993/3358/253 1994/3360/253
f 1994/3360/253 1995/3362/253 1996/3364/253
f 1996/3364/253 1997/3365/253 1998/3315/253
f 1998/3315/253 2000/3370/253 2002/3374/253
f 2002/3374/253 2004/3377/253 2006/3381/253
f 2006/3381/253 2008/3385/253 2010/3388/253
f 2010/3388/253 2012/3391/253 2014/3313/253
f 2014/3313/253 2016/3396/253 1986/3346/253
f 1986/3346/253 1988/3351/253 1990/3314/253
f 1990/3314/253 1992/3357/253 1994/3360/253
f 1994/3360/253 1996/3364/253 1998/3315/253
f 1998/3315/253 2002/3374/253 2006/3381/253
f 2006/3381/253 2010/3388/253 2014/3313/253
f 2014/3313/253 1986/3346/253 1990/3314/253
f 1990/3314/253 1994/3360/253 1998/3315/253
f 1998/3315/253 2006/3381/253 2014/3313/253
f 2039/3316/262 2038/4321/262 1932/1969/262
f 2026/1995/275 2025/1994/275 1945/3240/275
f 2040/3318/261 2039/3316/261 1931/1974/261
f 2027/2001/274 2026/1995/274 1944/3317/274
f 1929/3321/260 2041/4322/260 2040/3318/260
f 2028/2007/273 2027/2001/273 1943/3320/273
f 2042/3323/259 2041/4322/259 1929/3321/259
f 1941/3324/272 2029/2011/272 2028/2007/272
f 2043/3325/258 2042/3323/258 1928/1981/258
f 2030/2018/271 2029/2011/271 1941/3324/271
f 2044/3327/257 2043/3325/257 1927/1985/257
f 2031/2022/270 2030/2018/270 1940/3326/270
f 2018/1289/350 2017/1209/350 1921/2569/350
f 2045/3329/256 2044/3327/256 1926/1989/256
f 2032/3331/269 2031/4323/269 1939/3332/269
f 2019/1293/282 2018/1289/282 1952/2649/282
f 2046/3333/255 2045/3329/255 1925/3330/255
f 2033/3335/268 2032/3331/268 1938/2677/268
f 2020/1297/281 2019/1293/281 1951/2653/281
f 1923/3336/254 2047/4324/254 2046/3333/254
f 1936/2688/267 2034/3339/267 2033/3335/267
f 2021/3337/280 2020/1297/280 1950/2657/280
f 2048/1348/283 2047/3884/283 1923/2699/283
f 1935/2692/266 2035/3340/266 2034/3339/266
f 2022/1305/279 2021/3337/279 1949/3338/279
f 1921/2569/285 2017/1209/285 2048/1348/285
f 1934/2694/265 2036/3342/265 2035/3340/265
f 2023/3341/278 2022/1305/278 1948/2665/278
f 1933/2698/264 2037/3344/264 2036/3342/264
f 2024/2012/277 2023/2014/277 1947/3343/277
f 1932/2701/263 2038/4325/263 2037/3344/263
f 2017/3345/525 2018/3348/525 1986/3346/525
f 2018/3348/526 2019/3350/526 1987/3349/526
f 2019/3350/527 2020/3352/527 1988/3351/527
f 2020/3352/528 2021/4326/528 1989/3353/528
f 1989/3353/529 2021/4326/529 2022/3354/529
f 2022/3354/530 2023/4327/530 1991/3355/530
f 1991/3355/531 2023/4327/531 2024/3356/531
f 2024/3356/532 2025/4328/532 1993/3358/532
f 1993/3358/533 2025/4328/533 2026/3359/533
f 1994/3360/534 2026/3359/534 2027/3361/534
f 1995/3362/535 2027/3361/535 2028/3363/535
f 2028/3363/536 2029/3366/536 1997/3365/536
f 2029/3366/537 2030/4329/537 1998/3315/537
f 1998/3315/538 2030/4329/538 2031/3367/538
f 1999/3368/539 2031/3367/539 2032/3369/539
f 2000/3370/540 2032/3369/540 2033/3371/540
f 2001/3372/541 2033/3371/541 2034/3373/541
f 2034/3373/542 2035/3376/542 2003/3375/542
f 2035/3376/543 2036/3378/543 2004/3377/543
f 2036/3378/544 2037/3380/544 2005/3379/544
f 2037/3380/545 2038/3382/545 2006/3381/545
f 2038/3382/546 2039/4330/546 2007/3383/546
f 2007/3383/547 2039/4330/547 2040/3384/547
f 2040/3384/548 2041/4331/548 2009/3386/548
f 2009/3386/549 2041/4331/549 2042/3387/549
f 2042/3387/550 2043/4332/550 2011/3389/550
f 2011/3389/551 2043/4332/551 2044/3390/551
f 2044/3390/552 2045/4333/552 2013/3392/552
f 2013/3392/553 2045/4333/553 2046/3393/553
f 2046/3393/554 2047/4334/554 2015/3394/554
f 2015/3394/555 2047/4334/555 2048/3395/555
f 2048/3395/556 2017/3345/556 1985/3347/556
usemtl Black
f 2250/3648/383 2251/3649/383 2249/3650/383
f 2252/3651/284 2255/3652/284 2251/3653/284
f 2256/3654/384 2253/3655/384 2255/3656/384
f 2255/3657/385 2249/3658/385 2251/3659/385
f 2252/3660/386 2254/3661/386 2256/3662/386
f 2258/3663/387 2259/3664/387 2257/3665/387
f 2260/3666/284 2263/3667/284 2259/3668/284
f 2264/3669/388 2261/3670/388 2263/3671/388
f 2263/3672/389 2257/3673/389 2259/3674/389
f 2260/3675/390 2262/3676/390 2264/3677/390
f 2266/3678/391 2267/3679/391 2265/3680/391
f 2268/3681/284 2271/3682/284 2267/3683/284
f 2272/3659/392 2269/3684/392 2271/3685/392
f 2271/3686/393 2265/3687/393 2267/3688/393
f 2268/3689/394 2270/3690/394 2272/3691/394
f 2274/3692/386 2275/3693/386 2273/3694/386
f 2276/3695/284 2279/3696/284 2275/3697/284
f 2280/3698/385 2277/3699/385 2279/3700/385
f 2279/3701/383 2273/3702/383 2275/3703/383
f 2276/3704/384 2278/3705/384 2280/3706/384
f 2282/3707/390 2283/3708/390 2281/3709/390
f 2284/3710/284 2287/3711/284 2283/3712/284
f 2288/3713/389 2285/3714/389 2287/3715/389
f 2287/3716/387 2281/3717/387 2283/3718/387
f 2284/3719/388 2286/3720/388 2288/3721/388
f 2290/3722/394 2291/3723/394 2289/3724/394
f 2292/3725/284 2295/3726/284 2291/3727/284
f 2296/3728/393 2293/3729/393 2295/3730/393
f 2295/3731/391 2289/3732/391 2291/3733/391
f 2292/3734/392 2294/3735/392 2296/3689/392
f 2298/3736/384 2299/3737/384 2297/3738/384
f 2300/3739/284 2303/3740/284 2299/3741/284
f 2304/3742/383 2301/3743/383 2303/3744/383
f 2303/3745/386 2297/3694/386 2299/3693/386
f 2300/3656/385 2302/3746/385 2304/3747/385
f 2306/3748/388 2307/3749/388 2305/3750/388
f 2308/3751/284 2311/3727/284 2307/3752/284
f 2312/3753/387 2309/3754/387 2311/3755/387
f 2311/3756/390 2305/3757/390 2307/3758/390
f 2308/3674/389 2310/3759/389 2312/3760/389
f 2314/3761/392 2315/3685/392 2313/3684/392
f 2316/3762/284 2319/3763/284 2315/3764/284
f 2320/3765/391 2317/3766/391 2319/3728/391
f 2319/3691/394 2313/3767/394 2315/3768/394
f 2316/3769/393 2318/3770/393 2320/3771/393
f 2322/3772/385 2323/3773/385 2321/3774/385
f 2324/3775/284 2327/3776/284 2323/3777/284
f 2328/3778/386 2325/3779/386 2327/3780/386
f 2327/3781/384 2321/3782/384 2323/3783/384
f 2324/3784/383 2326/3785/383 2328/3701/383
f 2330/3786/389 2331/3787/389 2329/3788/389
f 2332/3789/284 2335/3790/284 2331/3791/284
f 2336/3792/390 2333/3793/390 2335/3794/390
f 2335/3795/388 2329/3796/388 2331/3797/388
f 2332/3760/387 2334/3798/387 2336/3799/387
f 2338/3680/393 2339/3800/393 2337/3801/393
f 2340/3802/284 2343/3803/284 2339/3789/284
f 2344/3804/394 2341/3805/394 2343/3806/394
f 2343/3806/392 2337/3807/392 2339/3808/392
f 2340/3771/391 2342/3801/391 2344/3800/391
f 2250/3648/383 2252/4412/383 2251/3649/383
f 2252/3651/284 2256/4413/284 2255/3652/284
f 2256/3654/384 2254/4414/384 2253/3655/384
f 2255/3657/385 2253/4415/385 2249/3658/385
f 2252/3660/386 2250/4416/386 2254/3661/386
f 2258/3663/387 2260/4417/387 2259/3664/387
f 2260/3666/284 2264/4418/284 2263/3667/284
f 2264/3669/388 2262/4419/388 2261/3670/388
f 2263/3672/389 2261/4420/389 2257/3673/389
f 2260/3675/390 2258/4421/390 2262/3676/390
f 2266/3678/391 2268/4422/391 2267/3679/391
f 2268/3681/284 2272/4423/284 2271/3682/284
f 2272/3659/392 2270/3658/392 2269/3684/392
f 2271/3686/393 2269/4424/393 2265/3687/393
f 2268/3689/394 2266/3735/394 2270/3690/394
f 2274/3692/386 2276/4425/386 2275/3693/386
f 2276/3695/284 2280/4426/284 2279/3696/284
f 2280/3698/385 2278/3736/385 2277/3699/385
f 2279/3701/383 2277/3785/383 2273/3702/383
f 2276/3704/384 2274/4427/384 2278/3705/384
f 2282/3707/390 2284/4428/390 2283/3708/390
f 2284/3710/284 2288/4429/284 2287/3711/284
f 2288/3713/389 2286/4430/389 2285/3714/389
f 2287/3716/387 2285/4431/387 2281/3717/387
f 2284/3719/388 2282/4432/388 2286/3720/388
f 2290/3722/394 2292/4433/394 2291/3723/394
f 2292/3725/284 2296/4434/284 2295/3726/284
f 2296/3728/393 2294/3766/393 2293/3729/393
f 2295/3731/391 2293/4435/391 2289/3732/391
f 2292/3734/392 2290/4436/392 2294/3735/392
f 2298/3736/384 2300/3698/384 2299/3737/384
f 2300/3739/284 2304/4437/284 2303/3740/284
f 2304/3742/383 2302/4438/383 2301/3743/383
f 2303/3745/386 2301/4439/386 2297/3694/386
f 2300/3656/385 2298/3655/385 2302/3746/385
f 2306/3748/388 2308/4440/388 2307/3749/388
f 2308/3751/284 2312/4441/284 2311/3727/284
f 2312/3753/387 2310/4442/387 2309/3754/387
f 2311/3756/390 2309/4443/390 2305/3757/390
f 2308/3674/389 2306/3673/389 2310/3759/389
f 2314/3761/392 2316/4444/392 2315/3685/392
f 2316/3762/284 2320/4445/284 2319/3763/284
f 2320/3765/391 2318/4446/391 2317/3766/391
f 2319/3691/394 2317/3690/394 2313/3767/394
f 2316/3769/393 2314/4447/393 2318/3770/393
f 2322/3772/385 2324/4448/385 2323/3773/385
f 2324/3775/284 2328/4449/284 2327/3776/284
f 2328/3778/386 2326/4450/386 2325/3779/386
f 2327/3781/384 2325/4451/384 2321/3782/384
f 2324/3784/383 2322/4452/383 2326/3785/383
f 2330/3786/389 2332/4453/389 2331/3787/389
f 2332/3789/284 2336/3803/284 2335/3790/284
f 2336/3792/390 2334/4454/390 2333/3793/390
f 2335/3795/388 2333/4455/388 2329/3796/388
f 2332/3760/387 2330/3759/387 2334/3798/387
f 2338/3680/393 2340/3679/393 2339/3800/393
f 2340/3802/284 2344/4456/284 2343/3803/284
f 2344/3804/394 2342/4457/394 2341/3805/394
f 2343/3806/392 2341/3805/392 2337/3807/392
f 2340/3771/391 2338/3770/391 2342/3801/391
o right
v -0.004498 0.425557 -0.000000
v -0.054733 0.024730 -0.348374
v -0.054733 -0.024730 -0.348374
v -0.005273 0.024730 -0.348374
v -0.004498 0.417380 0.083022
v -0.005273 -0.024730 -0.348374
v -0.004498 0.393163 0.162853
v -0.004498 0.353837 0.236426
v -0.004498 0.300914 0.300914
v -0.054733 0.195604 -0.289336
v -0.054733 0.152770 -0.314066
v -0.005273 0.195604 -0.289336
v -0.004498 0.236427 0.353837
v -0.005273 0.152770 -0.314066
v -0.004498 0.162853 0.393163
v -0.004498 0.083022 0.417379
v -0.004498 0.000000 0.425556
v -0.054733 0.314066 -0.152770
v -0.054733 0.289336 -0.195604
v -0.004498 -0.083022 0.417379
v -0.005273 0.314066 -0.152770
v -0.005273 0.289336 -0.195604
v -0.004498 -0.162853 0.393163
v -0.004498 -0.236427 0.353837
v -0.054733 0.348374 0.024730
v -0.004498 -0.300914 0.300914
v -0.054733 0.348374 -0.024730
v -0.005273 0.348374 0.024730
v -0.004498 -0.353837 0.236426
v -0.005273 0.348374 -0.024730
v -0.004498 -0.393163 0.162853
v -0.004498 -0.417380 0.083022
v -0.054733 0.289336 0.195604
v -0.004498 -0.425557 -0.000000
v -0.054733 0.314066 0.152770
v -0.005273 0.289336 0.195604
v -0.004498 -0.417380 -0.083022
v -0.005273 0.314066 0.152770
v -0.004498 -0.393163 -0.162854
v -0.004498 -0.353837 -0.236427
v -0.054733 0.152770 0.314066
v -0.004498 -0.300914 -0.300914
v -0.054733 0.195604 0.289335
v -0.005273 0.152770 0.314066
v -0.004498 -0.236427 -0.353837
v -0.005273 0.195604 0.289335
v -0.004498 -0.162853 -0.393163
v -0.004498 -0.083022 -0.417380
v -0.054733 -0.024730 0.348374
v -0.004498 0.000000 -0.425557
v -0.054733 0.024730 0.348374
v -0.005273 -0.024730 0.348374
v -0.004498 0.083022 -0.417380
v -0.005273 0.024730 0.348374
v -0.004498 0.162853 -0.393163
v -0.004498 0.236427 -0.353837
v -0.054733 -0.195604 0.289335
v -0.004498 0.300914 -0.300914
v -0.054733 -0.152770 0.314066
v -0.005273 -0.195604 0.289335
v -0.004498 0.353837 -0.236427
v -0.005273 -0.152770 0.314066
v -0.004498 0.393163 -0.162854
v -0.004498 0.417380 -0.083022
v -0.054733 -0.314066 0.152770
v -0.054733 -0.289336 0.195604
v -0.005273 -0.314066 0.152770
v -0.005273 -0.289336 0.195604
v -0.054733 -0.348374 -0.024730
v -0.054733 -0.348374 0.024730
v -0.005273 -0.348374 -0.024730
v -0.005273 -0.348374 0.024730
v -0.054733 -0.289336 -0.195604
v -0.054733 -0.314066 -0.152770
v -0.005273 -0.289336 -0.195604
v -0.005273 -0.314066 -0.152770
v -0.054733 -0.152770 -0.314066
v -0.054733 -0.195604 -0.289336
v -0.005273 -0.152770 -0.314066
v -0.005273 -0.195604 -0.289336
v -0.068583 0.278367 -0.000000
v -0.068583 0.273019 0.054307
v -0.068583 0.257178 0.106526
v -0.068583 0.231454 0.154652
v -0.068583 0.196835 0.196835
v -0.068583 0.154653 0.231454
v -0.068583 0.106527 0.257178
v -0.068583 0.054307 0.273018
v -0.068583 -0.000000 0.278367
v -0.068583 -0.054307 0.273018
v -0.068583 -0.106527 0.257178
v -0.068583 -0.154653 0.231454
v -0.068583 -0.196835 0.196835
v -0.068583 -0.231454 0.154652
v -0.068583 -0.257178 0.106526
v -0.068583 -0.273019 0.054307
v -0.068583 -0.278367 -0.000000
v -0.068583 -0.273019 -0.054307
v -0.068583 -0.257178 -0.106527
v -0.068583 -0.231454 -0.154653
v -0.068583 -0.196835 -0.196835
v -0.068583 -0.154653 -0.231454
v -0.068583 -0.106527 -0.257178
v -0.068583 -0.054307 -0.273019
v -0.068583 -0.000000 -0.278367
v -0.068583 0.054307 -0.273019
v -0.068583 0.106527 -0.257178
v -0.068583 0.154653 -0.231454
v -0.068583 0.196835 -0.196835
v -0.068583 0.231454 -0.154653
v -0.068583 0.257178 -0.106527
v -0.068583 0.273019 -0.054307
v 0.027368 0.399208 -0.000000
v 0.027368 0.391537 0.077882
v 0.027368 0.368820 0.152770
v 0.027368 0.331929 0.221788
v 0.027368 0.282283 0.282283
v 0.027368 0.221788 0.331929
v 0.027368 0.152770 0.368820
v 0.027368 0.077882 0.391537
v 0.027368 0.000000 0.399208
v 0.027368 -0.077882 0.391537
v 0.027368 -0.152770 0.368820
v 0.027368 -0.221788 0.331929
v 0.027368 -0.282283 0.282283
v 0.027368 -0.331929 0.221788
v 0.027368 -0.368820 0.152770
v 0.027368 -0.391537 0.077882
v 0.027368 -0.399208 -0.000000
v 0.027368 -0.391537 -0.077882
v 0.027368 -0.368820 -0.152770
v 0.027368 -0.331929 -0.221788
v 0.027368 -0.282283 -0.282283
v 0.027368 -0.221788 -0.331929
v 0.027368 -0.152770 -0.368820
v 0.027368 -0.077882 -0.391537
v 0.027368 0.000000 -0.399208
v 0.027368 0.077882 -0.391537
v 0.027368 0.152770 -0.368820
v 0.027368 0.221788 -0.331929
v 0.027368 0.282283 -0.282283
v 0.027368 0.331929 -0.221788
v 0.027368 0.368820 -0.152770
v 0.027368 0.391537 -0.077882
v -0.069963 0.374286 -0.000000
v -0.069963 0.367094 0.073019
v -0.069963 0.345795 0.143233
v -0.069963 0.311208 0.207942
v -0.069963 0.264660 0.264660
v -0.069963 0.207942 0.311207
v -0.069963 0.143233 0.345795
v -0.069963 0.073020 0.367094
v -0.069963 0.000000 0.374286
v -0.069963 -0.073020 0.367094
v -0.069963 -0.143233 0.345795
v -0.069963 -0.207942 0.311207
v -0.069963 -0.264660 0.264660
v -0.069963 -0.311208 0.207942
v -0.069963 -0.345795 0.143233
v -0.069963 -0.367094 0.073019
v -0.069963 -0.374286 -0.000000
v -0.069963 -0.367094 -0.073020
v -0.069963 -0.345795 -0.143233
v -0.069963 -0.311208 -0.207942
v -0.069963 -0.264660 -0.264660
v -0.069963 -0.207942 -0.311208
v -0.069963 -0.143233 -0.345795
v -0.069963 -0.073020 -0.367094
v -0.069963 0.000000 -0.374286
v -0.069963 0.073020 -0.367094
v -0.069963 0.143233 -0.345795
v -0.069963 0.207942 -0.311208
v -0.069963 0.264660 -0.264660
v -0.069963 0.311208 -0.207942
v -0.069963 0.345795 -0.143233
v -0.069963 0.367094 -0.073020
v -0.033819 0.242094 -0.000000
v -0.033819 0.237442 0.047230
v -0.033819 0.223665 0.092645
v -0.033819 0.201294 0.134500
v -0.033819 0.171186 0.171186
v -0.033819 0.134500 0.201293
v -0.033819 0.092645 0.223665
v -0.033819 0.047230 0.237442
v -0.033819 -0.000000 0.242094
v -0.033819 -0.047230 0.237442
v -0.033819 -0.092645 0.223665
v -0.033819 -0.134500 0.201293
v -0.033819 -0.171186 0.171186
v -0.033819 -0.201294 0.134500
v -0.033819 -0.223665 0.092645
v -0.033819 -0.237442 0.047230
v -0.033819 -0.242094 -0.000000
v -0.033819 -0.237442 -0.047230
v -0.033819 -0.223665 -0.092645
v -0.033819 -0.201294 -0.134500
v -0.033819 -0.171186 -0.171186
v -0.033819 -0.134500 -0.201294
v -0.033819 -0.092645 -0.223666
v -0.033819 -0.047230 -0.237442
v -0.033819 -0.000000 -0.242094
v -0.033819 0.047230 -0.237442
v -0.033819 0.092645 -0.223666
v -0.033819 0.134500 -0.201294
v -0.033819 0.171186 -0.171186
v -0.033819 0.201294 -0.134500
v -0.033819 0.223665 -0.092645
v -0.033819 0.237442 -0.047230
v -0.054733 0.378186 -0.000000
v -0.054733 0.375750 0.024730
v -0.005273 0.390850 -0.000000
v -0.005273 0.388415 0.024730
v -0.054733 0.337780 0.166461
v -0.005273 0.348701 0.172766
v -0.005273 0.325373 0.216410
v -0.054733 0.314452 0.210105
v -0.005273 0.216410 0.325373
v -0.054733 0.166461 0.337780
v -0.054733 0.210105 0.314452
v -0.005273 0.172766 0.348701
v -0.054733 0.024730 0.375750
v -0.005273 0.000000 0.390850
v -0.005273 0.024730 0.388414
v -0.054733 0.000000 0.378186
v -0.054733 -0.024730 0.375750
v -0.005273 -0.024730 0.388414
v -0.054733 -0.166461 0.337780
v -0.005273 -0.216410 0.325373
v -0.005273 -0.172766 0.348701
v -0.054733 -0.210105 0.314452
v -0.054733 -0.337780 0.166461
v -0.005273 -0.325373 0.216410
v -0.054733 -0.314452 0.210105
v -0.005273 -0.348701 0.172766
v -0.054733 -0.375750 0.024730
v -0.054733 -0.378186 -0.000000
v -0.005273 -0.388415 0.024730
v -0.005273 -0.390850 -0.000000
v -0.054733 -0.375750 -0.024730
v -0.005273 -0.388415 -0.024730
v -0.054733 -0.337780 -0.166461
v -0.005273 -0.325373 -0.216410
v -0.054733 -0.314452 -0.210105
v -0.005273 -0.348701 -0.172767
v -0.005273 -0.216410 -0.325373
v -0.054733 -0.166461 -0.337780
v -0.054733 -0.210105 -0.314452
v -0.005273 -0.172766 -0.348701
v -0.054733 -0.024730 -0.375750
v -0.005273 -0.024730 -0.388415
v -0.005273 0.000000 -0.390850
v -0.054733 0.000000 -0.378186
v -0.054733 0.024730 -0.375750
v -0.005273 0.024730 -0.388415
v -0.054733 0.166461 -0.337780
v -0.005273 0.172766 -0.348701
v -0.005273 0.216410 -0.325373
v -0.054733 0.210105 -0.314452
v -0.005273 0.325373 -0.216410
v -0.054733 0.314452 -0.210105
v -0.054733 0.337780 -0.166461
v -0.005273 0.348701 -0.172767
v -0.054733 0.375750 -0.024730
v -0.005273 0.388415 -0.024730
v 0.261116 0.546539 -0.000000
v 0.239434 0.568325 -0.000000
v 0.261116 0.536037 0.106624
v 0.239434 0.557405 0.110875
v 0.261116 0.504936 0.209151
v 0.239434 0.525064 0.217489
v 0.261116 0.454430 0.303641
v 0.239434 0.472545 0.315745
v 0.261116 0.386461 0.386461
v 0.239434 0.401867 0.401867
v 0.261116 0.303641 0.454430
v 0.239434 0.315745 0.472545
v 0.261116 0.209151 0.504936
v 0.239434 0.217489 0.525064
v 0.261116 0.106624 0.536037
v 0.239434 0.110875 0.557405
v 0.261116 -0.000000 0.546539
v 0.239434 -0.000000 0.568325
v 0.261116 -0.106624 0.536037
v 0.239434 -0.110875 0.557405
v 0.261116 -0.209151 0.504936
v 0.239434 -0.217489 0.525064
v 0.261116 -0.303641 0.454430
v 0.239434 -0.315745 0.472545
v 0.261116 -0.386461 0.386461
v 0.239434 -0.401867 0.401867
v 0.261116 -0.454430 0.303641
v 0.239434 -0.472545 0.315745
v 0.261116 -0.504936 0.209151
v 0.239434 -0.525064 0.217489
v 0.261116 -0.536037 0.106624
v 0.239434 -0.557405 0.110875
v 0.261116 -0.546539 -0.000000
v 0.239434 -0.568325 -0.000000
v 0.261116 -0.536037 -0.106624
v 0.239434 -0.557405 -0.110875
v 0.261116 -0.504936 -0.209152
v 0.239434 -0.525064 -0.217489
v 0.261116 -0.454430 -0.303641
v 0.239434 -0.472545 -0.315745
v 0.261116 -0.386461 -0.386461
v 0.239434 -0.401867 -0.401867
v 0.261116 -0.303641 -0.454430
v 0.239434 -0.315745 -0.472545
v 0.261116 -0.209151 -0.504936
v 0.239434 -0.217489 -0.525064
v 0.261116 -0.106624 -0.536037
v 0.239434 -0.110875 -0.557405
v 0.261116 -0.000000 -0.546539
v 0.239434 -0.000000 -0.568325
v 0.261116 0.106624 -0.536037
v 0.239434 0.110875 -0.557405
v 0.261116 0.209151 -0.504936
v 0.239434 0.217489 -0.525064
v 0.261116 0.303641 -0.454430
v 0.239434 0.315745 -0.472545
v 0.261116 0.386461 -0.386461
v 0.239434 0.401867 -0.401867
v 0.261116 0.454430 -0.303641
v 0.239434 0.472545 -0.315745
v 0.261116 0.504936 -0.209152
v 0.239434 0.525064 -0.217489
v 0.239434 0.557405 -0.110875
v 0.261116 0.536037 -0.106624
v -0.004498 0.546539 -0.000000
v 0.017184 0.568325 -0.000000
v 0.017184 0.557405 0.110875
v -0.004498 0.536037 0.106624
v 0.017184 0.525064 0.217489
v -0.004498 0.504936 0.209151
v 0.017184 0.472545 0.315745
v -0.004498 0.454430 0.303641
v 0.017184 0.401867 0.401867
v -0.004498 0.386461 0.386461
v 0.017184 0.315745 0.472545
v -0.004498 0.303641 0.454430
v 0.017184 0.217489 0.525064
v -0.004498 0.209151 0.504936
v 0.017184 0.110875 0.557405
v -0.004498 0.106624 0.536037
v 0.017184 0.000000 0.568325
v -0.004498 0.000000 0.546539
v 0.017184 -0.110875 0.557405
v -0.004498 -0.106624 0.536037
v 0.017184 -0.217489 0.525064
v -0.004498 -0.209151 0.504936
v 0.017184 -0.315745 0.472545
v -0.004498 -0.303641 0.454430
v 0.017184 -0.401867 0.401867
v -0.004498 -0.386461 0.386461
v 0.017184 -0.472545 0.315745
v -0.004498 -0.454430 0.303641
v 0.017184 -0.525064 0.217489
v -0.004498 -0.504936 0.209151
v 0.017184 -0.557405 0.110875
v -0.004498 -0.536037 0.106624
v 0.017184 -0.568325 -0.000000
v -0.004498 -0.546539 -0.000000
v 0.017184 -0.557405 -0.110875
v -0.004498 -0.536037 -0.106625
v 0.017184 -0.525064 -0.217489
v -0.004498 -0.504936 -0.209151
v 0.017184 -0.472545 -0.315745
v -0.004498 -0.454430 -0.303641
v 0.017184 -0.401867 -0.401867
v -0.004498 -0.386461 -0.386461
v 0.017184 -0.315745 -0.472545
v -0.004498 -0.303641 -0.454430
v 0.017184 -0.217489 -0.525064
v -0.004498 -0.209151 -0.504936
v 0.017184 -0.110875 -0.557405
v -0.004498 -0.106624 -0.536037
v 0.017184 0.000000 -0.568325
v -0.004498 0.000000 -0.546539
v 0.017184 0.110875 -0.557405
v -0.004498 0.106624 -0.536037
v 0.017184 0.217489 -0.525064
v -0.004498 0.209151 -0.504936
v 0.017184 0.315745 -0.472545
v -0.004498 0.303641 -0.454430
v 0.017184 0.401867 -0.401867
v -0.004498 0.386461 -0.386461
v 0.017184 0.472545 -0.315745
v -0.004498 0.454430 -0.303641
v 0.017184 0.525064 -0.217489
v -0.004498 0.504936 -0.209151
v 0.017184 0.557405 -0.110875
v -0.004498 0.536037 -0.106625
v -0.069273 -0.012768 -0.339094
v -0.069273 0.012767 -0.339094
v -0.108210 -0.012768 -0.339094
v -0.108210 0.012767 -0.339094
v -0.069273 -0.012768 -0.313559
v -0.069273 0.012767 -0.313559
v -0.108210 -0.012768 -0.313559
v -0.108210 0.012767 -0.313559
v -0.069273 0.158490 -0.300048
v -0.069273 0.180604 -0.287280
v -0.108210 0.158490 -0.300048
v -0.108210 0.180604 -0.287280
v -0.069273 0.145722 -0.277934
v -0.069273 0.167836 -0.265166
v -0.108210 0.145722 -0.277934
v -0.108210 0.167836 -0.265166
v -0.069273 0.287280 -0.180604
v -0.069273 0.300048 -0.158490
v -0.108210 0.287280 -0.180604
v -0.108210 0.300048 -0.158490
v -0.069273 0.265166 -0.167836
v -0.069273 0.277934 -0.145722
v -0.108210 0.265166 -0.167836
v -0.108210 0.277934 -0.145722
v -0.069273 0.339094 -0.012767
v -0.069273 0.339094 0.012768
v -0.108210 0.339094 -0.012767
v -0.108210 0.339094 0.012768
v -0.069273 0.313559 -0.012767
v -0.069273 0.313559 0.012768
v -0.108210 0.313559 -0.012767
v -0.108210 0.313559 0.012768
v -0.069273 0.300048 0.158490
v -0.069273 0.287280 0.180604
v -0.108210 0.300048 0.158490
v -0.108210 0.287280 0.180604
v -0.069273 0.277934 0.145723
v -0.069273 0.265166 0.167836
v -0.108210 0.277934 0.145723
v -0.108210 0.265166 0.167836
v -0.069273 0.180604 0.287281
v -0.069273 0.158490 0.300048
v -0.108210 0.180604 0.287281
v -0.108210 0.158490 0.300048
v -0.069273 0.167836 0.265166
v -0.069273 0.145723 0.277934
v -0.108210 0.167836 0.265166
v -0.108210 0.145723 0.277934
v -0.069273 0.012768 0.339094
v -0.069273 -0.012767 0.339094
v -0.108210 0.012768 0.339094
v -0.108210 -0.012767 0.339094
v -0.069273 0.012768 0.313559
v -0.069273 -0.012767 0.313559
v -0.108210 0.012768 0.313559
v -0.108210 -0.012767 0.313559
v -0.069273 -0.158490 0.300048
v -0.069273 -0.180604 0.287281
v -0.108210 -0.158490 0.300048
v -0.108210 -0.180604 0.287281
v -0.069273 -0.145722 0.277934
v -0.069273 -0.167836 0.265166
v -0.108210 -0.145722 0.277934
v -0.108210 -0.167836 0.265166
v -0.069273 -0.287280 0.180604
v -0.069273 -0.300048 0.158490
v -0.108210 -0.287280 0.180604
v -0.108210 -0.300048 0.158490
v -0.069273 -0.265166 0.167837
v -0.069273 -0.277934 0.145723
v -0.108210 -0.265166 0.167837
v -0.108210 -0.277934 0.145723
v -0.069273 -0.339094 0.012768
v -0.069273 -0.339094 -0.012767
v -0.108210 -0.339094 0.012768
v -0.108210 -0.339094 -0.012767
v -0.069273 -0.313559 0.012768
v -0.069273 -0.313559 -0.012767
v -0.108210 -0.313559 0.012768
v -0.108210 -0.313559 -0.012767
v -0.069273 -0.300048 -0.158490
v -0.069273 -0.287280 -0.180604
v -0.108210 -0.300048 -0.158490
v -0.108210 -0.287280 -0.180604
v -0.069273 -0.277934 -0.145722
v -0.069273 -0.265166 -0.167836
v -0.108210 -0.277934 -0.145722
v -0.108210 -0.265166 -0.167836
v -0.069273 -0.180604 -0.287280
v -0.069273 -0.158490 -0.300048
v -0.108210 -0.180604 -0.287280
v -0.108210 -0.158490 -0.300048
v -0.069273 -0.167836 -0.265166
v -0.069273 -0.145723 -0.277933
v -0.108210 -0.167836 -0.265166
v -0.108210 -0.145723 -0.277933
vn 1.0000 -0.0000 -0.0000
vn -0.0000 0.8819 0.4714
vn -0.0000 0.7730 0.6344
vn -0.0000 0.6344 0.7730
vn -0.0000 0.4714 0.8819
vn -0.0000 0.2903 0.9569
vn -0.0000 0.0980 0.9952
vn -0.0000 -0.0980 0.9952
vn -0.0000 -0.2903 0.9569
vn -0.0000 -0.4714 0.8819
vn -0.0000 -0.6344 0.7730
vn -0.0000 -0.7730 0.6344
vn -0.0000 -0.8819 0.4714
vn -0.0000 -0.9569 0.2903
vn -0.0000 -0.9952 0.0980
vn -0.0000 -0.9952 -0.0980
vn -0.0000 -0.9569 -0.2903
vn -0.0000 -0.8819 -0.4714
vn -0.0000 -0.7730 -0.6344
vn -0.0000 -0.6344 -0.7730
vn -0.0000 -0.4714 -0.8819
vn -0.0000 -0.2903 -0.9569
vn -0.0000 -0.0980 -0.9952
vn -0.0000 0.0980 -0.9952
vn -0.0000 0.2903 -0.9569
vn -0.0000 0.4714 -0.8819
vn -0.0000 0.6344 -0.7730
vn -0.0000 0.7730 -0.6344
vn -0.0000 0.8819 -0.4714
vn -0.0000 0.9569 -0.2903
vn -0.0000 0.9569 0.2903
vn -1.0000 -0.0000 -0.0000
vn -0.0000 0.9952 0.0980
vn -0.6354 -0.7685 0.0757
vn -0.7203 -0.6903 0.0680
vn -0.6354 -0.7389 0.2241
vn -0.6354 -0.6810 0.3640
vn -0.6354 -0.5969 0.4899
vn -0.6354 -0.4899 0.5969
vn -0.6354 -0.3640 0.6810
vn -0.6354 -0.2242 0.7389
vn -0.6354 -0.0757 0.7685
vn -0.6354 0.0757 0.7685
vn -0.6354 0.2241 0.7389
vn -0.6354 0.3640 0.6810
vn -0.6354 0.4899 0.5969
vn -0.6354 0.5969 0.4899
vn -0.6354 0.6810 0.3640
vn -0.6354 0.7389 0.2241
vn -0.6354 0.7685 0.0757
vn -0.6354 0.7685 -0.0757
vn -0.6354 0.7389 -0.2241
vn -0.6354 0.6810 -0.3640
vn -0.6354 0.5969 -0.4899
vn -0.6354 0.4899 -0.5969
vn -0.6354 0.3640 -0.6810
vn -0.6354 0.2241 -0.7389
vn -0.6354 0.0757 -0.7685
vn -0.6354 -0.0757 -0.7685
vn -0.6354 -0.2241 -0.7389
vn -0.6354 -0.3640 -0.6810
vn -0.6354 -0.4899 -0.5969
vn -0.6354 -0.5969 -0.4899
vn -0.6354 -0.6810 -0.3640
vn -0.6354 -0.7389 -0.2241
vn -0.6354 -0.7685 -0.0757
vn -0.2469 0.9644 0.0950
vn -0.2469 0.9273 0.2813
vn -0.2469 0.8546 0.4568
vn -0.2469 0.7491 0.6147
vn -0.2469 0.6147 0.7491
vn -0.2469 0.4568 0.8546
vn -0.2469 0.2813 0.9273
vn -0.2469 0.0950 0.9644
vn -0.2469 -0.0950 0.9644
vn -0.2469 -0.2813 0.9273
vn -0.2469 -0.4568 0.8546
vn -0.2469 -0.6147 0.7491
vn -0.2469 -0.7491 0.6147
vn -0.2469 -0.8546 0.4568
vn -0.2469 -0.9273 0.2813
vn -0.2469 -0.9644 0.0950
vn -0.2469 -0.9644 -0.0950
vn -0.2469 -0.9273 -0.2813
vn -0.2469 -0.8546 -0.4568
vn -0.2469 -0.7491 -0.6147
vn -0.2469 -0.6147 -0.7491
vn -0.2469 -0.4568 -0.8546
vn -0.2469 -0.2813 -0.9273
vn -0.2469 -0.0950 -0.9644
vn -0.2469 0.0950 -0.9644
vn -0.2469 0.2813 -0.9273
vn -0.2469 0.4568 -0.8546
vn -0.2469 0.6147 -0.7491
vn -0.2469 0.7491 -0.6147
vn -0.2469 0.8546 -0.4568
vn -0.2469 0.9273 -0.2813
vn -0.2469 0.9644 -0.0950
vn -0.9999 -0.0144 -0.0014
vn -0.9999 -0.0138 -0.0042
vn -0.9999 -0.0127 -0.0068
vn -0.9999 -0.0112 -0.0092
vn -0.9999 -0.0092 -0.0112
vn -0.9999 -0.0068 -0.0127
vn -0.9999 -0.0042 -0.0138
vn -0.9999 -0.0014 -0.0144
vn -0.9999 0.0014 -0.0144
vn -0.9999 0.0042 -0.0138
vn -0.9999 0.0068 -0.0127
vn -0.9999 0.0092 -0.0112
vn -0.9999 0.0112 -0.0092
vn -0.9999 0.0127 -0.0068
vn -0.9999 0.0138 -0.0042
vn -0.9999 0.0144 -0.0014
vn -0.9999 0.0144 0.0014
vn -0.9999 0.0138 0.0042
vn -0.9999 0.0127 0.0068
vn -0.9999 0.0112 0.0092
vn -0.9999 0.0092 0.0112
vn -0.9999 0.0068 0.0127
vn -0.9999 0.0042 0.0138
vn -0.9999 0.0014 0.0144
vn -0.9999 -0.0014 0.0144
vn -0.9999 -0.0042 0.0138
vn -0.9999 -0.0068 0.0127
vn -0.9999 -0.0092 0.0112
vn -0.9999 -0.0112 0.0092
vn -0.9999 -0.0127 0.0068
vn -0.9999 -0.0138 0.0042
vn -0.9999 -0.0144 0.0014
vn -0.7203 -0.6638 0.2014
vn -0.7203 -0.6118 0.3270
vn -0.7203 -0.5362 0.4401
vn -0.7203 -0.4401 0.5362
vn -0.7203 -0.3270 0.6118
vn -0.7203 -0.2014 0.6638
vn -0.7203 -0.0680 0.6903
vn -0.7203 0.0680 0.6903
vn -0.7203 0.2014 0.6638
vn -0.7203 0.3270 0.6118
vn -0.7203 0.4401 0.5362
vn -0.7203 0.5362 0.4401
vn -0.7203 0.6118 0.3270
vn -0.7203 0.6638 0.2014
vn -0.7203 0.6903 0.0680
vn -0.7203 0.6903 -0.0680
vn -0.7203 0.6638 -0.2014
vn -0.7203 0.6118 -0.3270
vn -0.7203 0.5362 -0.4401
vn -0.7203 0.4401 -0.5362
vn -0.7203 0.3270 -0.6118
vn -0.7203 0.2014 -0.6638
vn -0.7203 0.0680 -0.6903
vn -0.7203 -0.0680 -0.6903
vn -0.7203 -0.2014 -0.6638
vn -0.7203 -0.3270 -0.6118
vn -0.7203 -0.4401 -0.5362
vn -0.7203 -0.5362 -0.4401
vn -0.7203 -0.6118 -0.3270
vn -0.7203 -0.6638 -0.2014
vn -0.7203 -0.6903 -0.0680
vn -0.0000 -0.0000 -1.0000
vn -0.0000 -1.0000 -0.0000
vn -0.0000 1.0000 -0.0000
vn -0.0000 0.5000 -0.8660
vn -0.0000 -0.8660 -0.5000
vn -0.0000 0.8660 0.5000
vn -0.0000 0.8660 -0.5000
vn -0.0000 -0.5000 -0.8660
vn -0.0000 0.5000 0.8660
vn -0.0000 -0.0000 1.0000
vn -0.0000 -0.5000 0.8660
vn -0.0000 -0.8660 0.5000
vn -0.7071 0.7037 0.0693
vn 0.7071 0.7037 0.0693
vn -0.7071 0.6767 0.2053
vn 0.7071 0.6767 0.2053
vn -0.7071 0.6236 0.3333
vn 0.7071 0.6236 0.3333
vn -0.7071 0.5466 0.4486
vn 0.7071 0.5466 0.4486
vn -0.7071 0.4486 0.5466
vn 0.7071 0.4486 0.5466
vn -0.7071 0.3333 0.6236
vn 0.7071 0.3333 0.6236
vn -0.7071 0.2053 0.6767
vn 0.7071 0.2053 0.6767
vn -0.7071 0.0693 0.7037
vn 0.7071 0.0693 0.7037
vn -0.7071 -0.0693 0.7037
vn 0.7071 -0.0693 0.7037
vn -0.7071 -0.2053 0.6767
vn 0.7071 -0.2053 0.6767
vn -0.7071 -0.3333 0.6236
vn 0.7071 -0.3333 0.6236
vn -0.7071 -0.4486 0.5466
vn 0.7071 -0.4486 0.5466
vn -0.7071 -0.5466 0.4486
vn 0.7071 -0.5466 0.4486
vn -0.7071 -0.6236 0.3333
vn 0.7071 -0.6236 0.3333
vn -0.7071 -0.6767 0.2053
vn 0.7071 -0.6767 0.2053
vn -0.7071 -0.7037 0.0693
vn 0.7071 -0.7037 0.0693
vn -0.7071 -0.7037 -0.0693
vn 0.7071 -0.7037 -0.0693
vn -0.7071 -0.6767 -0.2053
vn 0.7071 -0.6767 -0.2053
vn -0.7071 -0.6236 -0.3333
vn 0.7071 -0.6236 -0.3333
vn -0.7071 -0.5466 -0.4486
vn 0.7071 -0.5466 -0.4486
vn -0.7071 -0.4486 -0.5466
vn 0.7071 -0.4486 -0.5466
vn -0.7071 -0.3333 -0.6236
vn 0.7071 -0.3333 -0.6236
vn -0.7071 -0.2053 -0.6767
vn 0.7071 -0.2053 -0.6767
vn -0.7071 -0.0693 -0.7037
vn 0.7071 -0.0693 -0.7037
vn -0.7071 0.0693 -0.7037
vn 0.7071 0.0693 -0.7037
vn -0.7071 0.2053 -0.6767
vn 0.7071 0.2053 -0.6767
vn -0.7071 0.3333 -0.6236
vn 0.7071 0.3333 -0.6236
vn -0.7071 0.4486 -0.5466
vn 0.7071 0.4486 -0.5466
vn -0.7071 0.5466 -0.4486
vn 0.7071 0.5466 -0.4486
vn -0.7071 0.6236 -0.3333
vn 0.7071 0.6236 -0.3333
vn 0.7071 0.7037 -0.0693
vn 0.7071 0.6767 -0.2053
vn -0.7071 0.6767 -0.2053
vn -0.7071 0.7037 -0.0693
vn -0.0000 0.9952 -0.0980
vn -0.6354 -0.7389 0.2242
vn -0.6354 -0.2241 0.7389
vn -0.6354 0.2242 0.7389
vn -0.6354 0.7389 -0.2242
vn -0.6354 0.2242 -0.7389
vn -0.2475 0.8569 0.4521
vn -0.2457 0.4597 0.8534
vn -0.2456 -0.4625 0.8519
vn -0.2482 -0.8634 0.4393
vn -0.2459 -0.8586 -0.4498
vn -0.2442 -0.4580 -0.8547
vn -0.2453 0.4556 -0.8557
vn -0.2438 0.8506 -0.4659
vn -0.2469 0.8546 -0.4567
vt 0.834131 0.933768
vt 0.811289 0.952514
vt 0.792543 0.929672
vt 0.938969 0.672865
vt 0.947466 0.669131
vt 0.947466 0.672865
vt 0.938969 0.669131
vt 0.947466 0.665868
vt 0.952170 0.385187
vt 0.960667 0.388622
vt 0.952170 0.388622
vt 0.952170 0.392482
vt 0.960667 0.392482
vt 0.952170 0.396619
vt 0.960667 0.396619
vt 0.952170 0.400874
vt 0.960667 0.400874
vt 0.952170 0.405084
vt 0.960667 0.405084
vt 0.952170 0.409087
vt 0.960667 0.409087
vt 0.952170 0.412729
vt 0.960667 0.412729
vt 0.952170 0.415869
vt 0.097132 0.844981
vt 0.088635 0.841688
vt 0.097132 0.841688
vt 0.097132 0.837932
vt 0.088635 0.833856
vt 0.097132 0.833856
vt 0.097132 0.829617
vt 0.088635 0.829617
vt 0.097132 0.825378
vt 0.088635 0.825378
vt 0.097132 0.821302
vt 0.088635 0.821302
vt 0.097132 0.817546
vt 0.088635 0.817546
vt 0.097132 0.814253
vt 0.952054 0.761200
vt 0.960551 0.757998
vt 0.960551 0.761200
vt 0.952054 0.757998
vt 0.960551 0.754309
vt 0.952054 0.750276
vt 0.960551 0.750276
vt 0.952054 0.746053
vt 0.960551 0.746053
vt 0.952054 0.741802
vt 0.960551 0.741802
vt 0.960551 0.737688
vt 0.952054 0.737688
vt 0.960551 0.733868
vt 0.952054 0.730489
vt 0.960551 0.730489
vt 0.938969 0.696594
vt 0.947466 0.693272
vt 0.947466 0.696594
vt 0.938969 0.693272
vt 0.947466 0.689494
vt 0.938969 0.689494
vt 0.947466 0.685405
vt 0.938969 0.676928
vt 0.947466 0.676928
vt 0.848914 0.917372
vt 0.850518 0.911725
vt 0.851861 0.916151
vt 0.938969 0.681162
vt 0.947466 0.681162
vt 0.748992 0.267559
vt 0.750211 0.264385
vt 0.750211 0.267559
vt 0.843328 0.915568
vt 0.846734 0.913292
vt 0.854989 0.915529
vt 0.858631 0.910926
vt 0.858178 0.915529
vt 0.862649 0.911725
vt 0.861306 0.916151
vt 0.864253 0.917372
vt 0.866433 0.913292
vt 0.866905 0.919144
vt 0.869839 0.915568
vt 0.869160 0.921399
vt 0.872735 0.918464
vt 0.870932 0.924051
vt 0.875011 0.921870
vt 0.876579 0.925655
vt 0.872152 0.926997
vt 0.877378 0.929672
vt 0.872775 0.930125
vt 0.877378 0.933768
vt 0.872775 0.933315
vt 0.872152 0.936443
vt 0.876579 0.937786
vt 0.870932 0.939390
vt 0.875011 0.941570
vt 0.869160 0.942041
vt 0.872735 0.944976
vt 0.869839 0.947872
vt 0.866905 0.944297
vt 0.864253 0.946069
vt 0.866433 0.950148
vt 0.862649 0.951715
vt 0.861306 0.947289
vt 0.858178 0.947911
vt 0.858631 0.952514
vt 0.854535 0.952514
vt 0.854989 0.947911
vt 0.850518 0.951715
vt 0.851861 0.947289
vt 0.846734 0.950148
vt 0.848914 0.946069
vt 0.846262 0.944297
vt 0.843328 0.947872
vt 0.840431 0.944976
vt 0.844007 0.942041
vt 0.842235 0.939390
vt 0.838156 0.941570
vt 0.836588 0.937786
vt 0.841014 0.936443
vt 0.835789 0.933768
vt 0.840392 0.933315
vt 0.835789 0.929672
vt 0.840392 0.930125
vt 0.836588 0.925655
vt 0.841014 0.926997
vt 0.838156 0.921870
vt 0.842235 0.924051
vt 0.840431 0.918465
vt 0.844007 0.921399
vt 0.846262 0.919144
vt 0.854535 0.910926
vt 0.837211 0.958727
vt 0.835568 0.956993
vt 0.837614 0.957400
vt 0.748992 0.261718
vt 0.748992 0.264581
vt 0.750211 0.258520
vt 0.750211 0.261333
vt 0.843123 0.924525
vt 0.841395 0.930224
vt 0.841978 0.927290
vt 0.757520 0.261682
vt 0.756302 0.258520
vt 0.757520 0.259124
vt 0.756302 0.264244
vt 0.756302 0.261247
vt 0.757520 0.267451
vt 0.757520 0.264494
vt 0.756302 0.270583
vt 0.756302 0.267396
vt 0.757520 0.273346
vt 0.757520 0.270440
vt 0.757520 0.276058
vt 0.756302 0.273681
vt 0.852153 0.946325
vt 0.849389 0.945180
vt 0.855087 0.946909
vt 0.751429 0.273405
vt 0.752647 0.276597
vt 0.751429 0.276028
vt 0.751429 0.270551
vt 0.752647 0.273800
vt 0.751429 0.267577
vt 0.752647 0.270759
vt 0.752647 0.264411
vt 0.752647 0.267588
vt 0.751429 0.261724
vt 0.751429 0.264597
vt 0.752647 0.258520
vt 0.752647 0.261349
vt 0.870044 0.938915
vt 0.871188 0.936150
vt 0.753865 0.276056
vt 0.755084 0.273728
vt 0.755084 0.276588
vt 0.753865 0.270483
vt 0.753865 0.273373
vt 0.753865 0.267497
vt 0.755084 0.270647
vt 0.755084 0.264302
vt 0.755084 0.267464
vt 0.753865 0.261698
vt 0.753865 0.264531
vt 0.753865 0.259107
vt 0.755084 0.261282
vt 0.861014 0.917115
vt 0.863778 0.918260
vt 0.858079 0.916531
vt 0.748992 0.276038
vt 0.750211 0.273785
vt 0.750211 0.276598
vt 0.748992 0.273399
vt 0.750211 0.270733
vt 0.748992 0.270536
vt 0.200606 0.964682
vt 0.204327 0.964878
vt 0.201854 0.966715
vt 0.200606 0.961828
vt 0.204327 0.962202
vt 0.200606 0.959205
vt 0.201854 0.961072
vt 0.204327 0.959743
vt 0.203745 0.961318
vt 0.203745 0.959659
vt 0.204327 0.957594
vt 0.200606 0.956913
vt 0.975545 0.213358
vt 0.979266 0.215135
vt 0.975545 0.215620
vt 0.976127 0.217259
vt 0.975545 0.218162
vt 0.979266 0.217846
vt 0.978018 0.215326
vt 0.979266 0.220752
vt 0.975545 0.220887
vt 0.976127 0.222748
vt 0.979266 0.226698
vt 0.975545 0.226462
vt 0.978018 0.224663
vt 0.975545 0.229098
vt 0.979266 0.229510
vt 0.979266 0.232068
vt 0.978018 0.230231
vt 0.975545 0.231496
vt 0.976127 0.229968
vt 0.976127 0.231586
vt 0.979266 0.234274
vt 0.975545 0.233565
vt 0.171437 0.777372
vt 0.167716 0.775733
vt 0.171437 0.775204
vt 0.167716 0.773094
vt 0.168964 0.775527
vt 0.170855 0.773618
vt 0.171437 0.772730
vt 0.167716 0.770231
vt 0.171437 0.770045
vt 0.170855 0.768199
vt 0.167716 0.764276
vt 0.171437 0.764462
vt 0.168964 0.766308
vt 0.171437 0.761778
vt 0.167716 0.761413
vt 0.167716 0.758775
vt 0.168964 0.760649
vt 0.171437 0.759304
vt 0.170855 0.760890
vt 0.170855 0.759221
vt 0.171437 0.757135
vt 0.167716 0.756462
vt 0.979188 0.544140
vt 0.975467 0.546945
vt 0.975467 0.544695
vt 0.978606 0.542589
vt 0.979188 0.541711
vt 0.975467 0.542104
vt 0.976715 0.544482
vt 0.979188 0.539055
vt 0.975467 0.539271
vt 0.978606 0.537220
vt 0.975467 0.533319
vt 0.979188 0.533474
vt 0.976715 0.535346
vt 0.979188 0.530765
vt 0.975467 0.530429
vt 0.975467 0.527746
vt 0.976715 0.529640
vt 0.979188 0.528249
vt 0.978606 0.529867
vt 0.978606 0.528171
vt 0.975467 0.525372
vt 0.979188 0.526024
vt 0.204327 0.977830
vt 0.200606 0.976163
vt 0.204327 0.975642
vt 0.203745 0.974045
vt 0.203745 0.975723
vt 0.200606 0.973509
vt 0.201854 0.975960
vt 0.204327 0.973154
vt 0.200606 0.970636
vt 0.204327 0.970461
vt 0.203745 0.968611
vt 0.841270 0.954964
vt 0.839541 0.958198
vt 0.841276 0.959357
vt 0.843602 0.956522
vt 0.845586 0.958506
vt 0.842751 0.960832
vt 0.847144 0.960838
vt 0.843910 0.962567
vt 0.848218 0.963430
vt 0.844709 0.964495
vt 0.845116 0.966541
vt 0.848765 0.966181
vt 0.848765 0.968986
vt 0.845116 0.968627
vt 0.848218 0.971738
vt 0.844709 0.970673
vt 0.847144 0.974329
vt 0.843910 0.972601
vt 0.842751 0.974335
vt 0.845586 0.976662
vt 0.843602 0.978645
vt 0.841276 0.975810
vt 0.839541 0.976970
vt 0.841270 0.980204
vt 0.837614 0.977768
vt 0.838678 0.981277
vt 0.835927 0.981824
vt 0.835568 0.978175
vt 0.833122 0.981824
vt 0.833482 0.978175
vt 0.831435 0.977768
vt 0.830371 0.981277
vt 0.827779 0.980204
vt 0.829508 0.976970
vt 0.825447 0.978645
vt 0.827773 0.975810
vt 0.826298 0.974335
vt 0.823463 0.976662
vt 0.825139 0.972601
vt 0.821905 0.974329
vt 0.820831 0.971738
vt 0.824341 0.970673
vt 0.823934 0.968627
vt 0.820284 0.968986
vt 0.820284 0.966181
vt 0.823934 0.966541
vt 0.824341 0.964495
vt 0.820831 0.963430
vt 0.821905 0.960838
vt 0.825139 0.962567
vt 0.826298 0.960832
vt 0.823463 0.958506
vt 0.825447 0.956522
vt 0.827773 0.959357
vt 0.827779 0.954964
vt 0.829508 0.958198
vt 0.830371 0.953891
vt 0.831435 0.957400
vt 0.833482 0.956993
vt 0.833122 0.953343
vt 0.835927 0.953343
vt 0.838678 0.953891
vt 0.835432 0.976795
vt 0.825314 0.968491
vt 0.833617 0.958373
vt 0.835432 0.958373
vt 0.830162 0.959421
vt 0.831838 0.958727
vt 0.827370 0.961712
vt 0.828653 0.960429
vt 0.825668 0.964897
vt 0.826362 0.963221
vt 0.825314 0.966677
vt 0.825668 0.970271
vt 0.826362 0.971947
vt 0.827370 0.973455
vt 0.828653 0.974738
vt 0.831838 0.976441
vt 0.830162 0.975747
vt 0.833617 0.976795
vt 0.837211 0.976441
vt 0.840396 0.974738
vt 0.838888 0.975747
vt 0.841679 0.973455
vt 0.842687 0.971947
vt 0.843382 0.970271
vt 0.843736 0.966677
vt 0.843736 0.968491
vt 0.843382 0.964897
vt 0.841679 0.961712
vt 0.842687 0.963221
vt 0.840396 0.960429
vt 0.838888 0.959421
vt 0.992501 0.584380
vt 0.994392 0.586270
vt 0.992501 0.586270
vt 0.994392 0.616617
vt 0.993446 0.618241
vt 0.992501 0.618147
vt 0.994392 0.755962
vt 0.992501 0.754915
vt 0.993446 0.754822
vt 0.992501 0.658100
vt 0.994392 0.657054
vt 0.994392 0.658100
vt 0.992501 0.659631
vt 0.994392 0.660678
vt 0.992501 0.661162
vt 0.992501 0.596977
vt 0.994392 0.595309
vt 0.994392 0.596977
vt 0.992501 0.639084
vt 0.994392 0.640613
vt 0.992501 0.640675
vt 0.992501 0.772718
vt 0.994392 0.771671
vt 0.994392 0.772718
vt 0.992501 0.690844
vt 0.994392 0.689884
vt 0.994392 0.690844
vt 0.992501 0.716468
vt 0.994392 0.717368
vt 0.992501 0.717783
vt 0.992501 0.598644
vt 0.994392 0.600292
vt 0.992501 0.600292
vt 0.994392 0.640675
vt 0.992501 0.642204
vt 0.992501 0.640675
vt 0.994392 0.763847
vt 0.992501 0.762801
vt 0.994392 0.762739
vt 0.992501 0.720398
vt 0.994392 0.719509
vt 0.994392 0.720398
vt 0.994392 0.682469
vt 0.992501 0.681480
vt 0.994392 0.681050
vt 0.994392 0.582489
vt 0.992501 0.580598
vt 0.994392 0.580598
vt 0.994392 0.614993
vt 0.992501 0.613462
vt 0.993446 0.613369
vt 0.994392 0.753682
vt 0.992501 0.752636
vt 0.993446 0.752543
vt 0.992501 0.670346
vt 0.994392 0.669300
vt 0.994392 0.670346
vt 0.994392 0.676464
vt 0.992501 0.675419
vt 0.994392 0.674935
vt 0.992501 0.608490
vt 0.994392 0.610118
vt 0.992501 0.610118
vt 0.994392 0.643857
vt 0.992501 0.642328
vt 0.994392 0.642266
vt 0.992501 0.764894
vt 0.994392 0.763847
vt 0.994392 0.764956
vt 0.992501 0.685291
vt 0.994392 0.684313
vt 0.994392 0.685291
vt 0.994392 0.722977
vt 0.992501 0.722100
vt 0.994392 0.721696
vt 0.992501 0.591936
vt 0.994392 0.593623
vt 0.992501 0.593623
vt 0.994392 0.650282
vt 0.992501 0.651811
vt 0.992501 0.650220
vt 0.992501 0.772718
vt 0.994392 0.773765
vt 0.992501 0.773826
vt 0.994392 0.708926
vt 0.992501 0.709839
vt 0.992501 0.708506
vt 0.992501 0.690844
vt 0.994392 0.691804
vt 0.992501 0.692222
vt 0.994392 0.590048
vt 0.992501 0.588160
vt 0.994392 0.588160
vt 0.992501 0.619864
vt 0.993446 0.618240
vt 0.994392 0.618334
vt 0.992501 0.755962
vt 0.994392 0.757009
vt 0.993446 0.757102
vt 0.994392 0.661646
vt 0.992501 0.662692
vt 0.994392 0.659147
vt 0.992501 0.659631
vt 0.992501 0.653402
vt 0.994392 0.654986
vt 0.992501 0.654986
vt 0.994392 0.634311
vt 0.992501 0.632782
vt 0.994392 0.632721
vt 0.994392 0.776044
vt 0.992501 0.777091
vt 0.992501 0.776044
vt 0.994392 0.695392
vt 0.992501 0.696346
vt 0.992501 0.694977
vt 0.992501 0.711171
vt 0.994392 0.712078
vt 0.992501 0.712495
vt 0.994392 0.603578
vt 0.992501 0.601940
vt 0.994392 0.601940
vt 0.992501 0.645448
vt 0.994392 0.643919
vt 0.994392 0.645448
vt 0.992501 0.760521
vt 0.994392 0.761568
vt 0.992501 0.761630
vt 0.994392 0.698145
vt 0.992501 0.699079
vt 0.992501 0.697715
vt 0.994392 0.701794
vt 0.992501 0.700852
vt 0.994392 0.700443
vt 0.994392 0.576816
vt 0.992501 0.578707
vt 0.992501 0.576816
vt 0.992501 0.613369
vt 0.993446 0.611745
vt 0.994392 0.611838
vt 0.994392 0.752543
vt 0.992501 0.751496
vt 0.993446 0.751403
vt 0.994392 0.676948
vt 0.992501 0.677993
vt 0.992501 0.676464
vt 0.994392 0.671876
vt 0.992501 0.670830
vt 0.994392 0.670346
vt 0.994392 0.605215
vt 0.992501 0.603578
vt 0.992501 0.645448
vt 0.994392 0.646977
vt 0.992501 0.647038
vt 0.994392 0.765018
vt 0.992501 0.766065
vt 0.992501 0.764956
vt 0.994392 0.706245
vt 0.992501 0.707174
vt 0.992501 0.705842
vt 0.994392 0.704493
vt 0.992501 0.703570
vt 0.994392 0.703145
vt 0.994392 0.626342
vt 0.992501 0.624736
vt 0.994392 0.624736
vt 0.992501 0.653340
vt 0.994392 0.651811
vt 0.994392 0.653402
vt 0.994392 0.778262
vt 0.992501 0.777215
vt 0.994392 0.777153
vt 0.992501 0.713820
vt 0.994392 0.712913
vt 0.994392 0.713820
vt 0.992501 0.686694
vt 0.994392 0.687660
vt 0.992501 0.688080
vt 0.850276 0.910928
vt 0.846341 0.912558
vt 0.800081 0.915568
vt 0.803095 0.912558
vt 0.803487 0.913292
vt 0.854454 0.910097
vt 0.796541 0.917936
vt 0.799553 0.914924
vt 0.797185 0.918465
vt 0.794175 0.921478
vt 0.858713 0.910097
vt 0.794909 0.921870
vt 0.792545 0.925413
vt 0.862891 0.910928
vt 0.793342 0.925655
vt 0.870367 0.914924
vt 0.866826 0.912558
vt 0.792543 0.933768
vt 0.791714 0.929590
vt 0.793342 0.937786
vt 0.791714 0.933850
vt 0.875746 0.921478
vt 0.873379 0.917936
vt 0.794175 0.941963
vt 0.792545 0.938027
vt 0.877376 0.925413
vt 0.797185 0.944976
vt 0.794909 0.941570
vt 0.878207 0.929590
vt 0.800081 0.947872
vt 0.796541 0.945504
vt 0.803095 0.950882
vt 0.799553 0.948516
vt 0.877376 0.938027
vt 0.878207 0.933850
vt 0.803487 0.950148
vt 0.807030 0.952512
vt 0.875746 0.941962
vt 0.807272 0.951715
vt 0.873379 0.945504
vt 0.815385 0.952514
vt 0.811207 0.953343
vt 0.819403 0.951715
vt 0.815467 0.953343
vt 0.870367 0.948516
vt 0.823579 0.950882
vt 0.819644 0.952512
vt 0.862891 0.952512
vt 0.866826 0.950882
vt 0.826593 0.947872
vt 0.823187 0.950148
vt 0.830133 0.945504
vt 0.827121 0.948516
vt 0.858713 0.953343
vt 0.829489 0.944976
vt 0.832499 0.941963
vt 0.854454 0.953343
vt 0.831765 0.941570
vt 0.834129 0.938027
vt 0.850276 0.952512
vt 0.833332 0.937786
vt 0.842799 0.948516
vt 0.846341 0.950882
vt 0.834131 0.929672
vt 0.834960 0.933850
vt 0.839788 0.945504
vt 0.833332 0.925655
vt 0.834960 0.929590
vt 0.832499 0.921478
vt 0.834129 0.925413
vt 0.835791 0.938027
vt 0.837421 0.941963
vt 0.829489 0.918465
vt 0.831765 0.921870
vt 0.826593 0.915568
vt 0.830133 0.917936
vt 0.823579 0.912558
vt 0.827121 0.914924
vt 0.835791 0.925413
vt 0.823187 0.913292
vt 0.819644 0.910928
vt 0.837421 0.921478
vt 0.815385 0.910926
vt 0.819402 0.911725
vt 0.839788 0.917936
vt 0.811289 0.910926
vt 0.815467 0.910097
vt 0.807272 0.911725
vt 0.811207 0.910097
vt 0.842799 0.914924
vt 0.938969 0.685405
vt 0.993990 0.820905
vt 0.992501 0.819929
vt 0.993990 0.819929
vt 0.993477 0.943345
vt 0.992501 0.942368
vt 0.993477 0.942368
vt 0.993990 0.827733
vt 0.992501 0.826758
vt 0.993990 0.826758
vt 0.993990 0.802359
vt 0.992501 0.801383
vt 0.993990 0.801383
vt 0.992501 0.805288
vt 0.993990 0.806264
vt 0.992501 0.806264
vt 0.993990 0.842155
vt 0.992501 0.841294
vt 0.993990 0.841294
vt 0.992501 0.936511
vt 0.993477 0.935535
vt 0.993477 0.936511
vt 0.993990 0.883417
vt 0.992501 0.882599
vt 0.993990 0.882599
vt 0.993990 0.854111
vt 0.992501 0.854957
vt 0.992501 0.854111
vt 0.993990 0.867633
vt 0.992501 0.866793
vt 0.993990 0.866793
vt 0.992501 0.849012
vt 0.993990 0.848162
vt 0.993990 0.849012
vt 0.992501 0.957012
vt 0.993477 0.957988
vt 0.992501 0.957988
vt 0.993990 0.859184
vt 0.992501 0.858339
vt 0.993990 0.858339
vt 0.992501 0.873514
vt 0.993990 0.874343
vt 0.992501 0.874343
vt 0.993990 0.834348
vt 0.992501 0.833477
vt 0.993990 0.833477
vt 0.992501 0.808216
vt 0.993990 0.807240
vt 0.993990 0.808216
vt 0.992501 0.943345
vt 0.993477 0.944321
vt 0.992501 0.944321
vt 0.993990 0.804312
vt 0.992501 0.803335
vt 0.993990 0.803335
vt 0.992501 0.817002
vt 0.993990 0.817978
vt 0.992501 0.817978
vt 0.993990 0.825783
vt 0.992501 0.824808
vt 0.993990 0.824808
vt 0.992501 0.869313
vt 0.993990 0.868473
vt 0.993990 0.869313
vt 0.992501 0.941392
vt 0.993477 0.940416
vt 0.993477 0.941392
vt 0.993990 0.857493
vt 0.992501 0.856648
vt 0.993990 0.856648
vt 0.992501 0.840433
vt 0.993990 0.880964
vt 0.992501 0.880146
vt 0.993990 0.880146
vt 0.992501 0.834348
vt 0.993990 0.835219
vt 0.992501 0.835219
vt 0.992501 0.952130
vt 0.993477 0.953107
vt 0.992501 0.953107
vt 0.992501 0.876001
vt 0.993990 0.876830
vt 0.992501 0.876830
vt 0.993990 0.847311
vt 0.992501 0.846460
vt 0.993990 0.846460
vt 0.993990 0.854957
vt 0.992501 0.855802
vt 0.992501 0.854957
vt 0.992501 0.827733
vt 0.993990 0.828707
vt 0.992501 0.828707
vt 0.992501 0.944321
vt 0.993477 0.945297
vt 0.992501 0.945297
vt 0.992501 0.818954
vt 0.993990 0.819929
vt 0.992501 0.819929
vt 0.993990 0.807240
vt 0.992501 0.807240
vt 0.993990 0.803335
vt 0.992501 0.802359
vt 0.993990 0.802359
vt 0.993990 0.881782
vt 0.993477 0.950178
vt 0.992501 0.951154
vt 0.992501 0.950178
vt 0.992501 0.842155
vt 0.993990 0.843016
vt 0.992501 0.843016
vt 0.992501 0.869314
vt 0.993990 0.870154
vt 0.992501 0.870154
vt 0.992501 0.853266
vt 0.993990 0.853266
vt 0.992501 0.859184
vt 0.993990 0.860030
vt 0.992501 0.860030
vt 0.993477 0.954083
vt 0.992501 0.953107
vt 0.993477 0.953107
vt 0.993990 0.847311
vt 0.992501 0.848162
vt 0.992501 0.847311
vt 0.993990 0.832606
vt 0.992501 0.832606
vt 0.993990 0.875172
vt 0.992501 0.875172
vt 0.992501 0.804312
vt 0.993990 0.805288
vt 0.992501 0.805288
vt 0.993477 0.946273
vt 0.992501 0.945297
vt 0.993477 0.945297
vt 0.992501 0.809192
vt 0.993990 0.826758
vt 0.992501 0.825783
vt 0.993990 0.818954
vt 0.992501 0.857493
vt 0.993477 0.937487
vt 0.992501 0.938464
vt 0.992501 0.937487
vt 0.993990 0.868473
vt 0.992501 0.867633
vt 0.993990 0.867633
vt 0.992501 0.880964
vt 0.993990 0.880964
vt 0.993990 0.839572
vt 0.993990 0.840433
vt 0.993990 0.875172
vt 0.992501 0.876001
vt 0.992501 0.875172
vt 0.993477 0.955059
vt 0.992501 0.954083
vt 0.993477 0.954083
vt 0.993990 0.836089
vt 0.992501 0.835219
vt 0.993990 0.835219
vt 0.993990 0.856648
vt 0.992501 0.855802
vt 0.993990 0.855802
vt 0.992501 0.849012
vt 0.993990 0.849863
vt 0.992501 0.849863
vt 0.938969 0.665868
vt 0.960667 0.385187
vt 0.960667 0.415869
vt 0.088635 0.844981
vt 0.088635 0.837932
vt 0.088635 0.814253
vt 0.952054 0.754309
vt 0.952054 0.733868
vt 0.748992 0.259080
vt 0.756302 0.276571
vt 0.751429 0.259070
vt 0.871772 0.933216
vt 0.755084 0.258520
vt 0.201854 0.967659
vt 0.200606 0.967656
vt 0.204327 0.967666
vt 0.203745 0.967665
vt 0.203745 0.966720
vt 0.201854 0.959413
vt 0.979266 0.212722
vt 0.976127 0.215544
vt 0.978018 0.217041
vt 0.976127 0.223697
vt 0.975545 0.223689
vt 0.979266 0.223741
vt 0.978018 0.223724
vt 0.978018 0.222775
vt 0.976127 0.224636
vt 0.978018 0.231849
vt 0.167716 0.778046
vt 0.170855 0.775286
vt 0.168964 0.773859
vt 0.170855 0.767254
vt 0.171437 0.767254
vt 0.167716 0.767254
vt 0.168964 0.767254
vt 0.168964 0.768199
vt 0.170855 0.766308
vt 0.168964 0.758980
vt 0.979188 0.546250
vt 0.978606 0.544227
vt 0.976715 0.542843
vt 0.978606 0.536278
vt 0.979188 0.536274
vt 0.975467 0.536305
vt 0.976715 0.536294
vt 0.976715 0.537236
vt 0.978606 0.535330
vt 0.976715 0.527943
vt 0.200606 0.978496
vt 0.201854 0.974282
vt 0.201854 0.968606
vt 0.994392 0.584380
vt 0.992501 0.616617
vt 0.994392 0.618147
vt 0.994392 0.754915
vt 0.992501 0.755962
vt 0.992501 0.656570
vt 0.994392 0.659631
vt 0.992501 0.595309
vt 0.994392 0.639084
vt 0.992501 0.771609
vt 0.992501 0.689466
vt 0.994392 0.716468
vt 0.994392 0.598644
vt 0.994392 0.642266
vt 0.992501 0.763847
vt 0.992501 0.719099
vt 0.992501 0.682469
vt 0.992501 0.582489
vt 0.994392 0.613462
vt 0.992501 0.614993
vt 0.994392 0.752636
vt 0.992501 0.753682
vt 0.992501 0.668816
vt 0.992501 0.676464
vt 0.994392 0.608490
vt 0.992501 0.643857
vt 0.992501 0.763847
vt 0.992501 0.683888
vt 0.992501 0.722977
vt 0.994392 0.591936
vt 0.994392 0.651811
vt 0.994392 0.772718
vt 0.994392 0.709839
vt 0.994392 0.690844
vt 0.992501 0.590048
vt 0.994392 0.619864
vt 0.992501 0.618334
vt 0.992501 0.757009
vt 0.994392 0.755962
vt 0.994392 0.662692
vt 0.994392 0.653402
vt 0.992501 0.634311
vt 0.994392 0.777153
vt 0.994392 0.696346
vt 0.994392 0.711171
vt 0.992501 0.643857
vt 0.994392 0.760521
vt 0.994392 0.699079
vt 0.992501 0.701794
vt 0.994392 0.578707
vt 0.994392 0.613369
vt 0.992501 0.611838
vt 0.994392 0.751496
vt 0.992501 0.752543
vt 0.994392 0.677993
vt 0.992501 0.671876
vt 0.992501 0.605215
vt 0.994392 0.645448
vt 0.994392 0.766065
vt 0.994392 0.707174
vt 0.992501 0.704493
vt 0.992501 0.626342
vt 0.992501 0.651811
vt 0.992501 0.778262
vt 0.994392 0.686694
vt 0.807030 0.910928
vt 0.992501 0.820905
vt 0.992501 0.943345
vt 0.992501 0.827733
vt 0.992501 0.802359
vt 0.993990 0.805288
vt 0.992501 0.842155
vt 0.992501 0.935535
vt 0.992501 0.883417
vt 0.993990 0.854957
vt 0.992501 0.867633
vt 0.992501 0.848162
vt 0.993477 0.957012
vt 0.992501 0.859184
vt 0.993990 0.873514
vt 0.992501 0.834348
vt 0.992501 0.807240
vt 0.993477 0.943345
vt 0.993990 0.817002
vt 0.992501 0.868473
vt 0.992501 0.940416
vt 0.992501 0.880964
vt 0.993990 0.834348
vt 0.993477 0.952130
vt 0.993990 0.876001
vt 0.992501 0.847311
vt 0.993990 0.855802
vt 0.993990 0.827733
vt 0.993477 0.944321
vt 0.992501 0.803335
vt 0.992501 0.881782
vt 0.993477 0.951154
vt 0.993990 0.842155
vt 0.993990 0.869314
vt 0.993990 0.859184
vt 0.992501 0.954083
vt 0.993990 0.848162
vt 0.992501 0.946273
vt 0.993990 0.809192
vt 0.992501 0.826758
vt 0.993477 0.938464
vt 0.992501 0.868473
vt 0.992501 0.839572
vt 0.993990 0.876001
vt 0.992501 0.955059
vt 0.992501 0.836089
vt 0.992501 0.856648
vt 0.993990 0.849012
s 0
usemtl Material
f 2651/4458/564 2619/4460/564 2635/4459/564
f 2614/4461/565 2677/4463/565 2679/4462/565
f 2616/4464/566 2679/4462/566 2681/4465/566
f 2681/4466/567 2683/4468/567 2620/4467/567
f 2620/4467/568 2683/4468/568 2685/4469/568
f 2622/4470/569 2685/4469/569 2687/4471/569
f 2624/4472/570 2687/4471/570 2689/4473/570
f 2626/4474/571 2689/4473/571 2691/4475/571
f 2628/4476/572 2691/4475/572 2693/4477/572
f 2630/4478/573 2693/4477/573 2695/4479/573
f 2632/4480/574 2695/4479/574 2697/4481/574
f 2697/4482/575 2699/4484/575 2636/4483/575
f 2636/4483/576 2699/4484/576 2701/4485/576
f 2701/4485/577 2703/4487/577 2640/4486/577
f 2640/4486/578 2703/4487/578 2705/4488/578
f 2642/4489/579 2705/4488/579 2707/4490/579
f 2644/4491/580 2707/4490/580 2709/4492/580
f 2646/4493/581 2709/4492/581 2711/4494/581
f 2648/4495/582 2711/4494/582 2713/4496/582
f 2650/4497/583 2713/4499/583 2715/4498/583
f 2652/4500/584 2715/4498/584 2717/4501/584
f 2717/4501/585 2719/4503/585 2656/4502/585
f 2719/4503/586 2721/4505/586 2658/4504/586
f 2721/4505/587 2723/4507/587 2660/4506/587
f 2660/4506/588 2723/4507/588 2725/4508/588
f 2662/4509/589 2725/4508/589 2727/4510/589
f 2727/4510/590 2729/4512/590 2666/4511/590
f 2666/4513/591 2729/4515/591 2731/4514/591
f 2668/4516/592 2731/4514/592 2733/4517/592
f 2670/4518/593 2733/4517/593 2735/4519/593
f 2612/4520/594 2675/4521/594 2677/4463/594
f 2345/4522/595 2349/4524/595 2676/4523/595
f 2610/4525/596 2674/4526/596 2675/4521/596
f 2345/4522/595 2673/4531/595 2736/4530/595
f 2351/4532/595 2352/4534/595 2680/4533/595
f 2352/4534/595 2353/4536/595 2682/4535/595
f 2357/4537/595 2684/4538/595 2682/4535/595
f 2359/4539/595 2686/4540/595 2684/4538/595
f 2360/4541/595 2688/4542/595 2686/4540/595
f 2361/4543/595 2690/4544/595 2688/4542/595
f 2361/4543/595 2364/4546/595 2692/4545/595
f 2364/4546/595 2367/4548/595 2694/4547/595
f 2367/4548/595 2368/4550/595 2696/4549/595
f 2370/4551/595 2698/4552/595 2696/4549/595
f 2373/4553/595 2700/4554/595 2698/4552/595
f 2375/4555/595 2702/4556/595 2700/4554/595
f 2375/4555/595 2376/4558/595 2704/4557/595
f 2378/4559/595 2706/4560/595 2704/4557/595
f 2378/4559/595 2381/4562/595 2708/4561/595
f 2383/4563/595 2710/4564/595 2708/4561/595
f 2383/4563/595 2384/4566/595 2712/4565/595
f 2384/4566/595 2386/4568/595 2714/4567/595
f 2386/4568/595 2389/4570/595 2716/4569/595
f 2391/4571/595 2718/4572/595 2716/4569/595
f 2391/4571/595 2392/4574/595 2720/4573/595
f 2394/4575/595 2722/4576/595 2720/4573/595
f 2394/4575/595 2397/4578/595 2724/4577/595
f 2397/4578/595 2399/4580/595 2726/4579/595
f 2399/4580/595 2400/4582/595 2728/4581/595
f 2400/4582/595 2402/4584/595 2730/4583/595
f 2402/4584/595 2405/4586/595 2732/4585/595
f 2405/4586/595 2407/4588/595 2734/4587/595
f 2407/4588/595 2408/4589/595 2736/4530/595
f 2351/4532/595 2678/4590/595 2676/4523/595
f 2347/4836/725 2346/4838/725 2348/4837/725
f 2350/4839/595 2598/4841/595 2595/4840/595
f 2347/4842/564 2596/4844/564 2597/4843/564
f 2348/4845/726 2346/4847/726 2597/4846/726
f 2350/4848/727 2594/4850/727 2593/4849/727
f 2354/4851/728 2356/4853/728 2358/4852/728
f 2356/4854/595 2601/4856/595 2600/4855/595
f 2354/4857/564 2355/4859/564 2599/4858/564
f 2356/4860/729 2354/4862/729 2602/4861/729
f 2358/4863/730 2600/4865/730 2599/4864/730
f 2365/4866/731 2366/4868/731 2363/4867/731
f 2366/4869/595 2365/4871/595 2606/4870/595
f 2363/4872/564 2604/4874/564 2605/4873/564
f 2365/4875/732 2362/4877/732 2605/4876/732
f 2366/4878/733 2603/4880/733 2604/4879/733
f 2371/4881/727 2369/4883/727 2372/4882/727
f 2372/4884/595 2555/4886/595 2608/4885/595
f 2371/4887/564 2553/4889/564 2554/4888/564
f 2372/4890/725 2369/4892/725 2554/4891/725
f 2374/4893/734 2608/4895/734 2607/4894/734
f 2380/4896/730 2382/4898/730 2379/4897/730
f 2380/4899/595 2559/4901/595 2558/4900/595
f 2557/4902/564 2560/4904/564 2377/4903/564
f 2380/4905/728 2377/4907/728 2560/4906/728
f 2382/4908/735 2558/4910/735 2557/4909/735
f 2388/4911/733 2390/4913/733 2387/4912/733
f 2564/4914/595 2561/4916/595 2390/4915/595
f 2387/4917/564 2563/4919/564 2562/4918/564
f 2562/4920/731 2564/4922/731 2388/4921/731
f 2390/4923/736 2561/4925/736 2563/4924/736
f 2395/4926/734 2393/4928/734 2396/4927/734
f 2398/4929/595 2570/4931/595 2566/4930/595
f 2395/4932/564 2568/4934/564 2569/4933/564
f 2569/4935/727 2570/4850/727 2396/4936/727
f 2398/4845/726 2567/4938/726 2565/4937/726
f 2404/4939/735 2406/4941/735 2403/4940/735
f 2404/4942/595 2572/4944/595 2573/4943/595
f 2401/4945/564 2403/4947/564 2571/4946/564
f 2574/4948/730 2572/4950/730 2404/4949/730
f 2406/4951/729 2573/4953/729 2571/4952/729
f 2410/4954/736 2409/4956/736 2411/4955/736
f 2412/4957/595 2411/4959/595 2578/4958/595
f 2410/4960/564 2577/4962/564 2575/4961/564
f 2575/4963/733 2578/4965/733 2411/4964/733
f 2412/4966/732 2576/4968/732 2577/4967/732
f 2414/4969/726 2413/4971/726 2415/4970/726
f 2416/4972/595 2584/4974/595 2582/4973/595
f 2414/4975/564 2580/4977/564 2583/4976/564
f 2583/4978/734 2584/4980/734 2415/4979/734
f 2416/4981/725 2581/4983/725 2579/4982/725
f 2418/4984/729 2417/4954/729 2419/4985/729
f 2419/4986/595 2586/4988/595 2588/4987/595
f 2585/4989/564 2587/4991/564 2417/4990/564
f 2587/4992/735 2586/4994/735 2419/4993/735
f 2420/4995/728 2588/4997/728 2585/4996/728
f 2423/4998/732 2424/5000/732 2422/4999/732
f 2592/5001/595 2589/5003/595 2424/5002/595
f 2422/5004/564 2591/5006/564 2590/5005/564
f 2423/5007/736 2421/5009/736 2590/5008/736
f 2424/5010/731 2589/5012/731 2591/5011/731
f 2675/5013/737 2674/5014/737 2673/4531/737
f 2611/5015/738 2609/5017/738 2610/5016/738
f 2677/5018/739 2675/5013/739 2676/4523/739
f 2611/5015/740 2612/5020/740 2614/5019/740
f 2677/5018/741 2678/4590/741 2680/4533/741
f 2613/5021/742 2614/5019/742 2616/5022/742
f 2679/5023/743 2680/4533/743 2682/4535/743
f 2615/5024/744 2616/5022/744 2618/5025/744
f 2681/5026/745 2682/4535/745 2684/4538/745
f 2619/4460/746 2617/5027/746 2618/5025/746
f 2685/5028/747 2683/5029/747 2684/4538/747
f 2621/5030/748 2619/4460/748 2620/5031/748
f 2685/5028/749 2686/4540/749 2688/4542/749
f 2623/5032/750 2621/5030/750 2622/5033/750
f 2689/5034/751 2687/5035/751 2688/4542/751
f 2623/5032/752 2624/5037/752 2626/5036/752
f 2691/5038/753 2689/5034/753 2690/4544/753
f 2627/5039/754 2625/5040/754 2626/5036/754
f 2693/5041/755 2691/5038/755 2692/4545/755
f 2629/5042/756 2627/5039/756 2628/5043/756
f 2693/5041/757 2694/4547/757 2696/4549/757
f 2629/5042/758 2630/5045/758 2632/5044/758
f 2697/5046/759 2695/5047/759 2696/4549/759
f 2631/5048/760 2632/5044/760 2634/5049/760
f 2699/5050/761 2697/5046/761 2698/4552/761
f 2635/4459/762 2633/5051/762 2634/5049/762
f 2701/5052/763 2699/5050/763 2700/4554/763
f 2637/5053/764 2635/4459/764 2636/5054/764
f 2701/5052/765 2702/4556/765 2704/4557/765
f 2639/5055/766 2637/5053/766 2638/5056/766
f 2703/5057/767 2704/4557/767 2706/4560/767
f 2639/5055/768 2640/5059/768 2642/5058/768
f 2707/5060/769 2705/5061/769 2706/4560/769
f 2643/5062/770 2641/5063/770 2642/5058/770
f 2707/5060/771 2708/4561/771 2710/4564/771
f 2643/5062/772 2644/5065/772 2646/5064/772
f 2709/5066/773 2710/4564/773 2712/4565/773
f 2645/5067/774 2646/5064/774 2648/5068/774
f 2711/5069/775 2712/4565/775 2714/4567/775
f 2647/5070/776 2648/5068/776 2650/5071/776
f 2713/5072/777 2714/4567/777 2716/4569/777
f 2651/4458/778 2649/5073/778 2650/5071/778
f 2717/5074/779 2715/5075/779 2716/4569/779
f 2653/5076/780 2651/4458/780 2652/5077/780
f 2719/5078/781 2717/5074/781 2718/4572/781
f 2655/5079/782 2653/5076/782 2654/5080/782
f 2719/5078/783 2720/4573/783 2722/4576/783
f 2655/5079/784 2656/5082/784 2658/5081/784
f 2723/5083/785 2721/5084/785 2722/4576/785
f 2659/5085/786 2657/5086/786 2658/5081/786
f 2723/5083/787 2724/4577/787 2726/4579/787
f 2661/5087/788 2659/5085/788 2660/5088/788
f 2725/5077/789 2726/4579/789 2728/4581/789
f 2661/5087/790 2662/5090/790 2664/5089/790
f 2729/5091/791 2727/5080/791 2728/4581/791
f 2663/5092/792 2664/5089/792 2666/5093/792
f 2731/5094/793 2729/5091/793 2730/4583/793
f 2667/5095/794 2665/5096/794 2666/5093/794
f 2733/5097/795 2731/5094/795 2732/4585/795
f 2669/5098/796 2667/5095/796 2668/5099/796
f 2610/5016/797 2609/5017/797 2672/5100/797
f 2672/5100/798 2669/5098/798 2670/5101/798
f 2735/5102/799 2733/5097/799 2734/4587/799
f 2673/4531/800 2674/5014/800 2735/5102/800
f 2671/5103/801 2735/4519/801 2674/4526/801
f 2619/4460/564 2615/5024/564 2617/5027/564
f 2615/5024/564 2611/5015/564 2613/5021/564
f 2611/5015/564 2672/5100/564 2609/5017/564
f 2672/5100/564 2667/5095/564 2669/5098/564
f 2667/5095/564 2663/5092/564 2665/5096/564
f 2663/5092/564 2659/5085/564 2661/5087/564
f 2659/5085/564 2655/5079/564 2657/5086/564
f 2655/5079/564 2651/4458/564 2653/5076/564
f 2651/4458/564 2647/5070/564 2649/5073/564
f 2647/5070/564 2643/5062/564 2645/5067/564
f 2643/5062/564 2639/5055/564 2641/5063/564
f 2639/5055/564 2635/4459/564 2637/5053/564
f 2635/4459/564 2631/5048/564 2633/5051/564
f 2631/5048/564 2627/5039/564 2629/5042/564
f 2627/5039/564 2623/5032/564 2625/5040/564
f 2623/5032/564 2619/4460/564 2621/5030/564
f 2619/4460/564 2611/5015/564 2615/5024/564
f 2611/5015/564 2667/5095/564 2672/5100/564
f 2667/5095/564 2659/5085/564 2663/5092/564
f 2659/5085/564 2651/4458/564 2655/5079/564
f 2651/4458/564 2643/5062/564 2647/5070/564
f 2643/5062/564 2635/4459/564 2639/5055/564
f 2635/4459/564 2627/5039/564 2631/5048/564
f 2627/5039/564 2619/4460/564 2623/5032/564
f 2619/4460/564 2667/5095/564 2611/5015/564
f 2667/5095/564 2651/4458/564 2659/5085/564
f 2651/4458/564 2635/4459/564 2643/5062/564
f 2635/4459/564 2619/4460/564 2627/5039/564
f 2619/4460/564 2651/4458/564 2667/5095/564
f 2614/4461/565 2679/4462/565 2616/4464/565
f 2616/4464/566 2681/4465/566 2618/5267/566
f 2681/4466/567 2620/4467/567 2618/5268/567
f 2620/4467/568 2685/4469/568 2622/4470/568
f 2622/4470/569 2687/4471/569 2624/4472/569
f 2624/4472/570 2689/4473/570 2626/4474/570
f 2626/4474/571 2691/4475/571 2628/4476/571
f 2628/4476/572 2693/4477/572 2630/4478/572
f 2630/4478/573 2695/4479/573 2632/4480/573
f 2632/4480/574 2697/4481/574 2634/5269/574
f 2697/4482/575 2636/4483/575 2634/5270/575
f 2636/4483/576 2701/4485/576 2638/5271/576
f 2701/4485/577 2640/4486/577 2638/5271/577
f 2640/4486/578 2705/4488/578 2642/4489/578
f 2642/4489/579 2707/4490/579 2644/4491/579
f 2644/4491/580 2709/4492/580 2646/4493/580
f 2646/4493/581 2711/4494/581 2648/4495/581
f 2648/4495/582 2713/4496/582 2650/5272/582
f 2650/4497/583 2715/4498/583 2652/4500/583
f 2652/4500/584 2717/4501/584 2654/5273/584
f 2717/4501/585 2656/4502/585 2654/5273/585
f 2719/4503/586 2658/4504/586 2656/4502/586
f 2721/4505/587 2660/4506/587 2658/4504/587
f 2660/4506/588 2725/4508/588 2662/4509/588
f 2662/4509/589 2727/4510/589 2664/5274/589
f 2727/4510/590 2666/4511/590 2664/5274/590
f 2666/4513/591 2731/4514/591 2668/4516/591
f 2668/4516/592 2733/4517/592 2670/4518/592
f 2670/4518/593 2735/4519/593 2671/5103/593
f 2612/4520/594 2677/4463/594 2614/4461/594
f 2345/4522/595 2676/4523/595 2673/4531/595
f 2610/4525/596 2675/4521/596 2612/4520/596
f 2345/4522/595 2736/4530/595 2408/4589/595
f 2351/4532/595 2680/4533/595 2678/4590/595
f 2352/4534/595 2682/4535/595 2680/4533/595
f 2357/4537/595 2682/4535/595 2353/4536/595
f 2359/4539/595 2684/4538/595 2357/4537/595
f 2360/4541/595 2686/4540/595 2359/4539/595
f 2361/4543/595 2688/4542/595 2360/4541/595
f 2361/4543/595 2692/4545/595 2690/4544/595
f 2364/4546/595 2694/4547/595 2692/4545/595
f 2367/4548/595 2696/4549/595 2694/4547/595
f 2370/4551/595 2696/4549/595 2368/4550/595
f 2373/4553/595 2698/4552/595 2370/4551/595
f 2375/4555/595 2700/4554/595 2373/4553/595
f 2375/4555/595 2704/4557/595 2702/4556/595
f 2378/4559/595 2704/4557/595 2376/4558/595
f 2378/4559/595 2708/4561/595 2706/4560/595
f 2383/4563/595 2708/4561/595 2381/4562/595
f 2383/4563/595 2712/4565/595 2710/4564/595
f 2384/4566/595 2714/4567/595 2712/4565/595
f 2386/4568/595 2716/4569/595 2714/4567/595
f 2391/4571/595 2716/4569/595 2389/4570/595
f 2391/4571/595 2720/4573/595 2718/4572/595
f 2394/4575/595 2720/4573/595 2392/4574/595
f 2394/4575/595 2724/4577/595 2722/4576/595
f 2397/4578/595 2726/4579/595 2724/4577/595
f 2399/4580/595 2728/4581/595 2726/4579/595
f 2400/4582/595 2730/4583/595 2728/4581/595
f 2402/4584/595 2732/4585/595 2730/4583/595
f 2405/4586/595 2734/4587/595 2732/4585/595
f 2407/4588/595 2736/4530/595 2734/4587/595
f 2351/4532/595 2676/4523/595 2349/4524/595
f 2347/4836/725 2348/4837/725 2350/5319/725
f 2598/4841/595 2350/4839/595 2348/5320/595
f 2350/4839/595 2595/4840/595 2594/5321/595
f 2596/4844/564 2347/4842/564 2593/5322/564
f 2347/4842/564 2597/4843/564 2346/5323/564
f 2348/4845/726 2597/4846/726 2598/5324/726
f 2350/4848/727 2593/4849/727 2347/5325/727
f 2354/4851/728 2358/4852/728 2355/5326/728
f 2356/4854/595 2600/4855/595 2358/5327/595
f 2354/4857/564 2599/4858/564 2602/5328/564
f 2356/4860/729 2602/4861/729 2601/5329/729
f 2358/4863/730 2599/4864/730 2355/5330/730
f 2365/4866/731 2363/4867/731 2362/5331/731
f 2366/4869/595 2606/4870/595 2603/5332/595
f 2363/4872/564 2605/4873/564 2362/5333/564
f 2365/4875/732 2605/4876/732 2606/5334/732
f 2366/4878/733 2604/4879/733 2363/5335/733
f 2371/4881/727 2372/4882/727 2374/5336/727
f 2555/4886/595 2372/4884/595 2556/5337/595
f 2372/4884/595 2608/4885/595 2374/5338/595
f 2553/4889/564 2371/4887/564 2607/5339/564
f 2371/4887/564 2554/4888/564 2369/5340/564
f 2372/4890/725 2554/4891/725 2556/5341/725
f 2374/4893/734 2607/4894/734 2371/5342/734
f 2380/4896/730 2379/4897/730 2377/5343/730
f 2380/4899/595 2558/4900/595 2382/5344/595
f 2557/4902/564 2377/4903/564 2379/5345/564
f 2380/4905/728 2560/4906/728 2559/5346/728
f 2382/4908/735 2557/4909/735 2379/5347/735
f 2388/4911/733 2387/4912/733 2385/5348/733
f 2564/4914/595 2390/4915/595 2388/5349/595
f 2387/4917/564 2562/4918/564 2385/5350/564
f 2562/4920/731 2388/4921/731 2385/5351/731
f 2390/4923/736 2563/4924/736 2387/5352/736
f 2395/4926/734 2396/4927/734 2398/5353/734
f 2570/4931/595 2398/4929/595 2396/5354/595
f 2398/4929/595 2566/4930/595 2567/5355/595
f 2568/4934/564 2395/4932/564 2565/5356/564
f 2395/4932/564 2569/4933/564 2393/5357/564
f 2569/4935/727 2396/4936/727 2393/5358/727
f 2398/4845/726 2565/4937/726 2395/4847/726
f 2404/4939/735 2403/4940/735 2401/5359/735
f 2404/4942/595 2573/4943/595 2406/5360/595
f 2401/4945/564 2571/4946/564 2574/5361/564
f 2574/4948/730 2404/4949/730 2401/5362/730
f 2406/4951/729 2571/4952/729 2403/5363/729
f 2410/4954/736 2411/4955/736 2412/4985/736
f 2412/4957/595 2578/4958/595 2576/5364/595
f 2410/4960/564 2575/4961/564 2409/5365/564
f 2575/4963/733 2411/4964/733 2409/5366/733
f 2412/4966/732 2577/4967/732 2410/5367/732
f 2414/4969/726 2415/4970/726 2416/5368/726
f 2584/4974/595 2416/4972/595 2415/5369/595
f 2416/4972/595 2582/4973/595 2581/5370/595
f 2580/4977/564 2414/4975/564 2579/5371/564
f 2414/4975/564 2583/4976/564 2413/5372/564
f 2583/4978/734 2415/4979/734 2413/5373/734
f 2416/4981/725 2579/4982/725 2414/5374/725
f 2418/4984/729 2419/4985/729 2420/5375/729
f 2419/4986/595 2588/4987/595 2420/5376/595
f 2585/4989/564 2417/4990/564 2418/5377/564
f 2587/4992/735 2419/4993/735 2417/5378/735
f 2420/4995/728 2585/4996/728 2418/5379/728
f 2423/4998/732 2422/4999/732 2421/5380/732
f 2592/5001/595 2424/5002/595 2423/5381/595
f 2422/5004/564 2590/5005/564 2421/5382/564
f 2423/5007/736 2590/5008/736 2592/4953/736
f 2424/5010/731 2591/5011/731 2422/5383/731
f 2675/5013/737 2673/4531/737 2676/4523/737
f 2611/5015/738 2610/5016/738 2612/5020/738
f 2677/5018/739 2676/4523/739 2678/4590/739
f 2611/5015/740 2614/5019/740 2613/5021/740
f 2677/5018/741 2680/4533/741 2679/5023/741
f 2613/5021/742 2616/5022/742 2615/5024/742
f 2679/5023/743 2682/4535/743 2681/5026/743
f 2615/5024/744 2618/5025/744 2617/5027/744
f 2681/5026/745 2684/4538/745 2683/5029/745
f 2619/4460/746 2618/5025/746 2620/5031/746
f 2685/5028/747 2684/4538/747 2686/4540/747
f 2621/5030/748 2620/5031/748 2622/5033/748
f 2685/5028/749 2688/4542/749 2687/5035/749
f 2623/5032/750 2622/5033/750 2624/5037/750
f 2689/5034/751 2688/4542/751 2690/4544/751
f 2623/5032/752 2626/5036/752 2625/5040/752
f 2691/5038/753 2690/4544/753 2692/4545/753
f 2627/5039/754 2626/5036/754 2628/5043/754
f 2693/5041/755 2692/4545/755 2694/4547/755
f 2629/5042/756 2628/5043/756 2630/5045/756
f 2693/5041/757 2696/4549/757 2695/5047/757
f 2629/5042/758 2632/5044/758 2631/5048/758
f 2697/5046/759 2696/4549/759 2698/4552/759
f 2631/5048/760 2634/5049/760 2633/5051/760
f 2699/5050/761 2698/4552/761 2700/4554/761
f 2635/4459/762 2634/5049/762 2636/5054/762
f 2701/5052/763 2700/4554/763 2702/4556/763
f 2637/5053/764 2636/5054/764 2638/5056/764
f 2701/5052/765 2704/4557/765 2703/5057/765
f 2639/5055/766 2638/5056/766 2640/5059/766
f 2703/5057/767 2706/4560/767 2705/5061/767
f 2639/5055/768 2642/5058/768 2641/5063/768
f 2707/5060/769 2706/4560/769 2708/4561/769
f 2643/5062/770 2642/5058/770 2644/5065/770
f 2707/5060/771 2710/4564/771 2709/5066/771
f 2643/5062/772 2646/5064/772 2645/5067/772
f 2709/5066/773 2712/4565/773 2711/5069/773
f 2645/5067/774 2648/5068/774 2647/5070/774
f 2711/5069/775 2714/4567/775 2713/5072/775
f 2647/5070/776 2650/5071/776 2649/5073/776
f 2713/5072/777 2716/4569/777 2715/5075/777
f 2651/4458/778 2650/5071/778 2652/5077/778
f 2717/5074/779 2716/4569/779 2718/4572/779
f 2653/5076/780 2652/5077/780 2654/5080/780
f 2719/5078/781 2718/4572/781 2720/4573/781
f 2655/5079/782 2654/5080/782 2656/5082/782
f 2719/5078/783 2722/4576/783 2721/5084/783
f 2655/5079/784 2658/5081/784 2657/5086/784
f 2723/5083/785 2722/4576/785 2724/4577/785
f 2659/5085/786 2658/5081/786 2660/5088/786
f 2723/5083/787 2726/4579/787 2725/5077/787
f 2661/5087/788 2660/5088/788 2662/5090/788
f 2725/5077/789 2728/4581/789 2727/5080/789
f 2661/5087/790 2664/5089/790 2663/5092/790
f 2729/5091/791 2728/4581/791 2730/4583/791
f 2663/5092/792 2666/5093/792 2665/5096/792
f 2731/5094/793 2730/4583/793 2732/4585/793
f 2667/5095/794 2666/5093/794 2668/5099/794
f 2733/5097/795 2732/4585/795 2734/4587/795
f 2669/5098/796 2668/5099/796 2670/5101/796
f 2610/5016/797 2672/5100/797 2671/5384/797
f 2672/5100/798 2670/5101/798 2671/5384/798
f 2735/5102/799 2734/4587/799 2736/4530/799
f 2673/4531/800 2735/5102/800 2736/4530/800
f 2671/5103/801 2674/4526/801 2610/4525/801
usemtl metal
f 2457/4527/597 2345/4529/597 2408/4528/597
f 2521/4591/598 2425/4593/598 2456/4592/598
f 2487/4594/599 2488/4595/599 2408/4528/599
f 2487/4594/600 2407/4597/600 2405/4596/600
f 2486/4598/601 2405/4586/601 2402/4584/601
f 2484/4599/602 2485/4600/602 2402/4584/602
f 2483/4601/603 2484/4603/603 2400/4602/603
f 2483/4601/604 2399/4605/604 2397/4604/604
f 2481/4606/605 2482/4607/605 2397/4604/605
f 2481/4606/606 2394/4609/606 2392/4608/606
f 2479/4610/607 2480/4611/607 2392/4608/607
f 2478/4612/608 2479/4610/608 2391/4613/608
f 2477/4614/609 2478/4615/609 2389/4570/609
f 2476/4616/610 2477/4614/610 2386/4568/610
f 2475/4617/611 2476/4619/611 2384/4618/611
f 2474/4620/612 2475/4617/612 2383/4621/612
f 2473/4622/613 2474/4620/613 2381/4623/613
f 2473/4622/614 2378/4625/614 2376/4624/614
f 2471/4626/615 2472/4627/615 2376/4624/615
f 2471/4626/616 2375/4629/616 2373/4628/616
f 2470/4630/617 2373/4553/617 2370/4551/617
f 2469/4631/618 2370/4551/618 2368/4550/618
f 2468/4632/619 2368/4634/619 2367/4633/619
f 2466/4635/620 2467/4636/620 2367/4633/620
f 2465/4637/621 2466/4635/621 2364/4638/621
f 2465/4637/622 2361/4640/622 2360/4639/622
f 2463/4641/623 2464/4642/623 2360/4639/623
f 2462/4643/624 2463/4641/624 2359/4644/624
f 2461/4645/625 2462/4646/625 2357/4537/625
f 2460/4647/626 2461/4645/626 2353/4536/626
f 2460/4648/627 2352/4650/627 2351/4649/627
f 2459/4651/628 2351/4649/628 2349/4652/628
f 2457/4527/629 2458/4653/629 2349/4652/629
f 2458/4654/630 2556/4656/630 2490/4655/630
f 2490/4655/631 2491/4658/631 2459/4657/631
f 2459/4657/632 2558/4660/632 2460/4659/632
f 2492/4661/632 2560/4663/632 2557/4662/632
f 2493/4664/633 2461/4665/633 2460/4659/633
f 2493/4666/634 2494/4668/634 2462/4667/634
f 2494/4668/635 2495/4670/635 2562/4669/635
f 2462/4667/635 2561/4672/635 2463/4671/635
f 2495/4670/636 2496/4674/636 2464/4673/636
f 2496/4674/637 2565/4675/637 2464/4673/637
f 2466/4676/638 2570/4678/638 2498/4677/638
f 2499/4679/639 2467/4680/639 2466/4676/639
f 2467/4680/640 2573/4682/640 2468/4681/640
f 2500/4683/640 2574/4685/640 2571/4684/640
f 2500/4683/641 2501/4687/641 2469/4686/641
f 2501/4688/642 2502/4690/642 2470/4689/642
f 2470/4689/643 2576/4692/643 2471/4691/643
f 2502/4690/643 2503/4694/643 2575/4693/643
f 2503/4694/644 2504/4696/644 2472/4695/644
f 2504/4696/645 2579/4697/645 2472/4695/645
f 2474/4698/646 2584/4700/646 2506/4699/646
f 2507/4701/647 2475/4702/647 2474/4698/647
f 2475/4702/648 2588/4704/648 2476/4703/648
f 2508/4705/648 2587/4707/648 2585/4706/648
f 2509/4708/649 2477/4709/649 2476/4703/649
f 2510/4710/650 2478/4712/650 2477/4711/650
f 2510/4710/651 2511/4714/651 2590/4713/651
f 2478/4712/651 2589/4716/651 2479/4715/651
f 2512/4717/652 2480/4718/652 2479/4715/652
f 2512/4717/653 2593/4719/653 2480/4718/653
f 2482/4720/654 2598/4722/654 2514/4721/654
f 2515/4723/655 2483/4724/655 2482/4720/655
f 2483/4724/656 2600/4726/656 2484/4725/656
f 2516/4727/656 2602/4729/656 2599/4728/656
f 2516/4727/657 2517/4731/657 2485/4730/657
f 2517/4732/658 2518/4734/658 2486/4733/658
f 2605/4735/659 2604/4736/659 2518/4734/659
f 2486/4733/659 2603/4738/659 2487/4737/659
f 2519/4739/660 2520/4741/660 2488/4740/660
f 2520/4741/661 2607/4742/661 2488/4740/661
f 2425/4593/662 2426/4744/662 2490/4743/662
f 2427/4745/663 2491/4746/663 2490/4743/663
f 2427/4745/664 2428/4748/664 2492/4747/664
f 2428/4748/665 2429/4750/665 2493/4749/665
f 2429/4750/666 2430/4752/666 2494/4751/666
f 2431/4753/667 2495/4754/667 2494/4751/667
f 2431/4753/668 2432/4756/668 2496/4755/668
f 2432/4756/669 2433/4758/669 2497/4757/669
f 2433/4758/670 2434/4760/670 2498/4759/670
f 2435/4761/671 2499/4762/671 2498/4759/671
f 2435/4761/672 2436/4764/672 2500/4763/672
f 2437/4765/673 2501/4766/673 2500/4763/673
f 2438/4767/674 2502/4768/674 2501/4766/674
f 2438/4767/675 2439/4770/675 2503/4769/675
f 2439/4770/676 2440/4772/676 2504/4771/676
f 2441/4773/677 2505/4774/677 2504/4771/677
f 2441/4773/678 2442/4776/678 2506/4775/678
f 2442/4776/679 2443/4778/679 2507/4777/679
f 2444/4779/680 2508/4780/680 2507/4777/680
f 2445/4781/681 2509/4782/681 2508/4780/681
f 2445/4781/682 2446/4784/682 2510/4783/682
f 2447/4785/683 2511/4786/683 2510/4783/683
f 2447/4785/684 2448/4788/684 2512/4787/684
f 2449/4789/685 2513/4790/685 2512/4787/685
f 2449/4789/686 2450/4792/686 2514/4791/686
f 2451/4793/687 2515/4794/687 2514/4791/687
f 2451/4793/688 2452/4796/688 2516/4795/688
f 2452/4796/689 2453/4798/689 2517/4797/689
f 2453/4798/690 2454/4800/690 2518/4799/690
f 2455/4801/691 2519/4802/691 2518/4799/691
f 2455/4801/692 2456/4592/692 2520/4803/692
f 2456/4592/693 2425/4593/693 2489/4804/693
f 2551/4807/694 2552/4808/694 2456/4592/694
f 2551/4807/695 2455/4801/695 2454/4800/695
f 2549/4809/696 2550/4810/696 2454/4800/696
f 2549/4809/697 2453/4798/697 2452/4796/697
f 2547/4811/698 2548/4812/698 2452/4796/698
f 2547/4811/699 2451/4793/699 2450/4792/699
f 2545/4813/700 2546/4814/700 2450/4792/700
f 2545/4813/701 2449/4789/701 2448/4788/701
f 2543/4806/702 2544/4815/702 2448/4788/702
f 2542/4816/703 2543/4806/703 2447/4785/703
f 2541/4817/704 2542/4816/704 2446/4784/704
f 2540/4818/705 2541/4817/705 2445/4781/705
f 2539/4819/706 2540/4818/706 2444/4779/706
f 2539/4819/707 2443/4778/707 2442/4776/707
f 2537/4820/708 2538/4821/708 2442/4776/708
f 2537/4820/709 2441/4773/709 2440/4772/709
f 2535/4805/710 2536/4822/710 2440/4772/710
f 2535/4805/711 2439/4770/711 2438/4767/711
f 2534/4823/712 2438/4767/712 2437/4765/712
f 2532/4824/713 2533/4825/713 2437/4765/713
f 2532/4824/714 2436/4764/714 2435/4761/714
f 2531/4826/715 2435/4761/715 2434/4760/715
f 2530/4827/716 2434/4760/716 2433/4758/716
f 2529/4828/717 2433/4758/717 2432/4756/717
f 2527/4829/718 2528/4830/718 2432/4756/718
f 2527/4829/719 2431/4753/719 2430/4752/719
f 2526/4831/720 2430/4752/720 2429/4750/720
f 2524/4832/721 2525/4833/721 2429/4750/721
f 2523/4834/722 2524/4832/722 2428/4748/722
f 2522/4835/723 2523/4834/723 2427/4745/723
f 2521/4591/724 2522/4835/724 2426/4744/724
f 2457/4527/597 2408/4528/597 2488/4595/597
f 2521/4591/598 2456/4592/598 2552/4808/598
f 2487/4594/802 2408/4528/802 2407/4597/802
f 2487/4594/600 2405/4596/600 2486/5275/600
f 2486/4598/601 2402/4584/601 2485/4600/601
f 2484/4599/602 2402/4584/602 2400/4582/602
f 2483/4601/603 2400/4602/603 2399/4605/603
f 2483/4601/803 2397/4604/803 2482/4607/803
f 2481/4606/605 2397/4604/605 2394/4609/605
f 2481/4606/606 2392/4608/606 2480/4611/606
f 2479/4610/804 2392/4608/804 2391/4613/804
f 2478/4612/608 2391/4613/608 2389/5276/608
f 2477/4614/609 2389/4570/609 2386/4568/609
f 2476/4616/610 2386/4568/610 2384/4566/610
f 2475/4617/611 2384/4618/611 2383/4621/611
f 2474/4620/612 2383/4621/612 2381/4623/612
f 2473/4622/613 2381/4623/613 2378/4625/613
f 2473/4622/614 2376/4624/614 2472/4627/614
f 2471/4626/805 2376/4624/805 2375/4629/805
f 2471/4626/616 2373/4628/616 2470/5277/616
f 2470/4630/617 2370/4551/617 2469/4631/617
f 2469/4631/618 2368/4550/618 2468/5278/618
f 2468/4632/619 2367/4633/619 2467/4636/619
f 2466/4635/806 2367/4633/806 2364/4638/806
f 2465/4637/621 2364/4638/621 2361/4640/621
f 2465/4637/622 2360/4639/622 2464/4642/622
f 2463/4641/623 2360/4639/623 2359/4644/623
f 2462/4643/624 2359/4644/624 2357/5279/624
f 2461/4645/625 2357/4537/625 2353/4536/625
f 2460/4647/626 2353/4536/626 2352/4534/626
f 2460/4648/627 2351/4649/627 2459/4651/627
f 2459/4651/628 2349/4652/628 2458/4653/628
f 2457/4527/629 2349/4652/629 2345/4529/629
f 2556/4656/630 2457/5281/630 2555/5280/630
f 2490/4655/630 2553/5283/630 2489/5282/630
f 2490/4655/630 2554/5284/630 2553/5283/630
f 2556/4656/630 2458/4654/630 2457/5281/630
f 2490/4655/630 2556/4656/630 2554/5284/630
f 2490/4655/631 2459/4657/631 2458/4654/631
f 2558/4660/632 2491/4658/632 2557/4662/632
f 2460/4659/807 2560/4663/807 2492/4661/807
f 2460/4659/632 2559/5285/632 2560/4663/632
f 2558/4660/632 2459/4657/632 2491/4658/632
f 2460/4659/632 2558/4660/632 2559/5285/632
f 2492/4661/632 2557/4662/632 2491/4658/632
f 2493/4664/633 2460/4659/633 2492/4661/633
f 2493/4666/634 2462/4667/634 2461/5286/634
f 2494/4668/635 2562/4669/635 2563/5287/635
f 2563/5287/808 2462/4667/808 2494/4668/808
f 2463/4671/635 2562/4669/635 2495/4670/635
f 2463/4671/635 2564/5288/635 2562/4669/635
f 2561/4672/635 2462/4667/635 2563/5287/635
f 2463/4671/635 2561/4672/635 2564/5288/635
f 2495/4670/636 2464/4673/636 2463/4671/636
f 2565/4675/637 2497/5290/637 2568/5289/637
f 2464/4673/637 2566/5292/637 2465/5291/637
f 2464/4673/637 2567/5293/637 2566/5292/637
f 2565/4675/637 2496/4674/637 2497/5290/637
f 2464/4673/637 2565/4675/637 2567/5293/637
f 2566/5292/638 2466/4676/638 2465/5291/638
f 2498/4677/638 2568/5289/638 2497/5290/638
f 2498/4677/638 2569/5294/638 2568/5289/638
f 2570/4678/638 2466/4676/638 2566/5292/638
f 2498/4677/638 2570/4678/638 2569/5294/638
f 2499/4679/639 2466/4676/639 2498/4677/639
f 2573/4682/640 2499/4679/640 2571/4684/640
f 2468/4681/809 2574/4685/809 2500/4683/809
f 2468/4681/640 2572/5295/640 2574/4685/640
f 2573/4682/640 2467/4680/640 2499/4679/640
f 2468/4681/640 2573/4682/640 2572/5295/640
f 2500/4683/640 2571/4684/640 2499/4679/640
f 2500/4683/641 2469/4686/641 2468/4681/641
f 2501/4688/642 2470/4689/642 2469/5296/642
f 2577/5297/810 2470/4689/810 2502/4690/810
f 2471/4691/643 2575/4693/643 2503/4694/643
f 2471/4691/643 2578/5298/643 2575/4693/643
f 2576/4692/643 2470/4689/643 2577/5297/643
f 2471/4691/643 2576/4692/643 2578/5298/643
f 2502/4690/643 2575/4693/643 2577/5297/643
f 2503/4694/644 2472/4695/644 2471/4691/644
f 2580/5299/645 2504/4696/645 2505/5300/645
f 2472/4695/645 2582/5302/645 2473/5301/645
f 2472/4695/645 2581/5303/645 2582/5302/645
f 2579/4697/645 2504/4696/645 2580/5299/645
f 2472/4695/645 2579/4697/645 2581/5303/645
f 2582/5302/646 2474/4698/646 2473/5301/646
f 2506/4699/646 2580/5299/646 2505/5300/646
f 2506/4699/646 2583/5304/646 2580/5299/646
f 2584/4700/646 2474/4698/646 2582/5302/646
f 2506/4699/646 2584/4700/646 2583/5304/646
f 2507/4701/647 2474/4698/647 2506/4699/647
f 2588/4704/648 2507/4701/648 2585/4706/648
f 2476/4703/811 2587/4707/811 2508/4705/811
f 2476/4703/648 2586/5305/648 2587/4707/648
f 2588/4704/648 2475/4702/648 2507/4701/648
f 2476/4703/648 2588/4704/648 2586/5305/648
f 2508/4705/648 2585/4706/648 2507/4701/648
f 2509/4708/649 2476/4703/649 2508/4705/649
f 2510/4710/650 2477/4711/650 2509/5306/650
f 2510/4710/651 2590/4713/651 2591/5307/651
f 2591/5307/812 2478/4712/812 2510/4710/812
f 2479/4715/651 2590/4713/651 2511/4714/651
f 2479/4715/651 2592/5308/651 2590/4713/651
f 2589/4716/651 2478/4712/651 2591/5307/651
f 2479/4715/651 2589/4716/651 2592/5308/651
f 2512/4717/652 2479/4715/652 2511/4714/652
f 2593/4719/653 2513/5310/653 2596/5309/653
f 2480/4718/653 2595/5312/653 2481/5311/653
f 2480/4718/653 2594/5313/653 2595/5312/653
f 2593/4719/653 2512/4717/653 2513/5310/653
f 2480/4718/653 2593/4719/653 2594/5313/653
f 2595/5312/654 2482/4720/654 2481/5311/654
f 2514/4721/654 2596/5309/654 2513/5310/654
f 2514/4721/654 2597/5314/654 2596/5309/654
f 2598/4722/654 2482/4720/654 2595/5312/654
f 2514/4721/654 2598/4722/654 2597/5314/654
f 2515/4723/655 2482/4720/655 2514/4721/655
f 2600/4726/656 2515/4723/656 2599/4728/656
f 2484/4725/813 2602/4729/813 2516/4727/813
f 2484/4725/656 2601/5315/656 2602/4729/656
f 2600/4726/656 2483/4724/656 2515/4723/656
f 2484/4725/656 2600/4726/656 2601/5315/656
f 2516/4727/656 2599/4728/656 2515/4723/656
f 2516/4727/657 2485/4730/657 2484/4725/657
f 2517/4732/658 2486/4733/658 2485/5316/658
f 2605/4735/659 2518/4734/659 2519/4739/659
f 2487/4737/659 2605/4735/659 2519/4739/659
f 2487/4737/659 2606/5317/659 2605/4735/659
f 2604/4736/814 2486/4733/814 2518/4734/814
f 2487/4737/659 2603/4738/659 2606/5317/659
f 2603/4738/815 2486/4733/815 2604/4736/815
f 2519/4739/660 2488/4740/660 2487/4737/660
f 2607/4742/661 2489/5282/661 2553/5283/661
f 2488/4740/661 2555/5280/661 2457/5281/661
f 2488/4740/661 2608/5318/661 2555/5280/661
f 2607/4742/661 2520/4741/661 2489/5282/661
f 2488/4740/661 2607/4742/661 2608/5318/661
f 2425/4593/662 2490/4743/662 2489/4804/662
f 2427/4745/663 2490/4743/663 2426/4744/663
f 2427/4745/664 2492/4747/664 2491/4746/664
f 2428/4748/665 2493/4749/665 2492/4747/665
f 2429/4750/666 2494/4751/666 2493/4749/666
f 2431/4753/667 2494/4751/667 2430/4752/667
f 2431/4753/668 2496/4755/668 2495/4754/668
f 2432/4756/669 2497/4757/669 2496/4755/669
f 2433/4758/670 2498/4759/670 2497/4757/670
f 2435/4761/671 2498/4759/671 2434/4760/671
f 2435/4761/672 2500/4763/672 2499/4762/672
f 2437/4765/673 2500/4763/673 2436/4764/673
f 2438/4767/674 2501/4766/674 2437/4765/674
f 2438/4767/675 2503/4769/675 2502/4768/675
f 2439/4770/676 2504/4771/676 2503/4769/676
f 2441/4773/677 2504/4771/677 2440/4772/677
f 2441/4773/678 2506/4775/678 2505/4774/678
f 2442/4776/679 2507/4777/679 2506/4775/679
f 2444/4779/680 2507/4777/680 2443/4778/680
f 2445/4781/681 2508/4780/681 2444/4779/681
f 2445/4781/682 2510/4783/682 2509/4782/682
f 2447/4785/683 2510/4783/683 2446/4784/683
f 2447/4785/684 2512/4787/684 2511/4786/684
f 2449/4789/685 2512/4787/685 2448/4788/685
f 2449/4789/686 2514/4791/686 2513/4790/686
f 2451/4793/687 2514/4791/687 2450/4792/687
f 2451/4793/688 2516/4795/688 2515/4794/688
f 2452/4796/689 2517/4797/689 2516/4795/689
f 2453/4798/690 2518/4799/690 2517/4797/690
f 2455/4801/691 2518/4799/691 2454/4800/691
f 2455/4801/692 2520/4803/692 2519/4802/692
f 2456/4592/693 2489/4804/693 2520/4803/693
f 2551/4807/694 2456/4592/694 2455/4801/694
f 2551/4807/695 2454/4800/695 2550/4810/695
f 2549/4809/696 2454/4800/696 2453/4798/696
f 2549/4809/697 2452/4796/697 2548/4812/697
f 2547/4811/698 2452/4796/698 2451/4793/698
f 2547/4811/699 2450/4792/699 2546/4814/699
f 2545/4813/700 2450/4792/700 2449/4789/700
f 2545/4813/701 2448/4788/701 2544/4815/701
f 2543/4806/702 2448/4788/702 2447/4785/702
f 2542/4816/703 2447/4785/703 2446/4784/703
f 2541/4817/704 2446/4784/704 2445/4781/704
f 2540/4818/705 2445/4781/705 2444/4779/705
f 2539/4819/706 2444/4779/706 2443/4778/706
f 2539/4819/707 2442/4776/707 2538/4821/707
f 2537/4820/708 2442/4776/708 2441/4773/708
f 2537/4820/709 2440/4772/709 2536/4822/709
f 2535/4805/710 2440/4772/710 2439/4770/710
f 2535/4805/711 2438/4767/711 2534/4823/711
f 2534/4823/712 2437/4765/712 2533/4825/712
f 2532/4824/713 2437/4765/713 2436/4764/713
f 2532/4824/714 2435/4761/714 2531/4826/714
f 2531/4826/715 2434/4760/715 2530/4827/715
f 2530/4827/716 2433/4758/716 2529/4828/716
f 2529/4828/717 2432/4756/717 2528/4830/717
f 2527/4829/718 2432/4756/718 2431/4753/718
f 2527/4829/719 2430/4752/719 2526/4831/719
f 2526/4831/720 2429/4750/720 2525/4833/720
f 2524/4832/721 2429/4750/721 2428/4748/721
f 2523/4834/722 2428/4748/722 2427/4745/722
f 2522/4835/723 2427/4745/723 2426/4744/723
f 2521/4591/724 2426/4744/724 2425/4593/724
usemtl Black
f 2535/4805/595 2551/4807/595 2543/4806/595
f 2551/4807/595 2521/4591/595 2552/4808/595
f 2521/4591/595 2523/4834/595 2522/4835/595
f 2523/4834/595 2525/4833/595 2524/4832/595
f 2525/4833/595 2527/4829/595 2526/4831/595
f 2527/4829/595 2529/4828/595 2528/4830/595
f 2529/4828/595 2531/4826/595 2530/4827/595
f 2531/4826/595 2533/4825/595 2532/4824/595
f 2533/4825/595 2535/4805/595 2534/4823/595
f 2535/4805/595 2537/4820/595 2536/4822/595
f 2537/4820/595 2539/4819/595 2538/4821/595
f 2539/4819/595 2541/4817/595 2540/4818/595
f 2541/4817/595 2543/4806/595 2542/4816/595
f 2543/4806/595 2545/4813/595 2544/4815/595
f 2545/4813/595 2547/4811/595 2546/4814/595
f 2547/4811/595 2549/4809/595 2548/4812/595
f 2549/4809/595 2551/4807/595 2550/4810/595
f 2551/4807/595 2523/4834/595 2521/4591/595
f 2523/4834/595 2527/4829/595 2525/4833/595
f 2527/4829/595 2531/4826/595 2529/4828/595
f 2531/4826/595 2535/4805/595 2533/4825/595
f 2535/4805/595 2539/4819/595 2537/4820/595
f 2539/4819/595 2543/4806/595 2541/4817/595
f 2543/4806/595 2547/4811/595 2545/4813/595
f 2547/4811/595 2551/4807/595 2549/4809/595
f 2551/4807/595 2527/4829/595 2523/4834/595
f 2527/4829/595 2535/4805/595 2531/4826/595
f 2535/4805/595 2543/4806/595 2539/4819/595
f 2543/4806/595 2551/4807/595 2547/4811/595
f 2551/4807/595 2535/4805/595 2527/4829/595
usemtl Grey
f 2738/5104/725 2737/5106/725 2739/5105/725
f 2740/5107/595 2739/5109/595 2743/5108/595
f 2744/5110/734 2743/5112/734 2741/5111/734
f 2743/5113/726 2739/5115/726 2737/5114/726
f 2740/5116/727 2744/5118/727 2742/5117/727
f 2746/5119/728 2745/5121/728 2747/5120/728
f 2747/5122/595 2751/5124/595 2752/5123/595
f 2752/5125/735 2751/5127/735 2749/5126/735
f 2747/5128/729 2745/5130/729 2749/5129/729
f 2748/5131/730 2752/5133/730 2750/5132/730
f 2753/5134/731 2755/5136/731 2756/5135/731
f 2756/5137/595 2755/5139/595 2759/5138/595
f 2760/5140/736 2759/5142/736 2757/5141/736
f 2759/5143/732 2755/5145/732 2753/5144/732
f 2756/5146/733 2760/5148/733 2758/5147/733
f 2761/5149/727 2763/5151/727 2764/5150/727
f 2764/5152/595 2763/5154/595 2767/5153/595
f 2768/5155/726 2767/5157/726 2765/5156/726
f 2767/5158/725 2763/5160/725 2761/5159/725
f 2764/5161/734 2768/5163/734 2766/5162/734
f 2769/5164/730 2771/5166/730 2772/5165/730
f 2771/5167/595 2775/5169/595 2776/5168/595
f 2776/5170/729 2775/5172/729 2773/5171/729
f 2775/5173/728 2771/5120/728 2769/5121/728
f 2772/5174/735 2776/5176/735 2774/5175/735
f 2778/5177/733 2777/5179/733 2779/5178/733
f 2780/5180/595 2779/5182/595 2783/5181/595
f 2784/5183/732 2783/5185/732 2781/5184/732
f 2783/5186/731 2779/5188/731 2777/5187/731
f 2784/5189/736 2782/5191/736 2778/5190/736
f 2786/5192/734 2785/5194/734 2787/5193/734
f 2788/5195/595 2787/5197/595 2791/5196/595
f 2792/5198/725 2791/5200/725 2789/5199/725
f 2791/5118/727 2787/5202/727 2785/5201/727
f 2788/5203/726 2792/5205/726 2790/5204/726
f 2793/5126/735 2795/5127/735 2796/5206/735
f 2795/5207/595 2799/5209/595 2800/5208/595
f 2800/5210/728 2799/5212/728 2797/5211/728
f 2799/5213/730 2795/5215/730 2793/5214/730
f 2796/5128/729 2800/5217/729 2798/5216/729
f 2802/5218/736 2801/5220/736 2803/5219/736
f 2804/5221/595 2803/5223/595 2807/5222/595
f 2807/5224/731 2805/5226/731 2806/5225/731
f 2803/5227/733 2801/5228/733 2805/5147/733
f 2804/5145/732 2808/5230/732 2806/5229/732
f 2810/5231/726 2809/5233/726 2811/5232/726
f 2812/5234/595 2811/5236/595 2815/5235/595
f 2815/5151/727 2813/5149/727 2814/5237/727
f 2815/5238/734 2811/5161/734 2809/5239/734
f 2812/5160/725 2816/5198/725 2814/5240/725
f 2818/5241/729 2817/5141/729 2819/5142/729
f 2819/5242/595 2823/5244/595 2824/5243/595
f 2824/5245/730 2823/5247/730 2821/5246/730
f 2823/5206/735 2819/5249/735 2817/5248/735
f 2824/5173/728 2822/5251/728 2818/5250/728
f 2825/5252/732 2827/5254/732 2828/5253/732
f 2828/5255/595 2827/5257/595 2831/5256/595
f 2832/5258/733 2831/5260/733 2829/5259/733
f 2831/5261/736 2827/5263/736 2825/5262/736
f 2828/5264/731 2832/5266/731 2830/5265/731
f 2738/5104/725 2739/5105/725 2740/5385/725
f 2740/5107/595 2743/5108/595 2744/5386/595
f 2744/5110/734 2741/5111/734 2742/5387/734
f 2743/5113/726 2737/5114/726 2741/5388/726
f 2740/5116/727 2742/5117/727 2738/5389/727
f 2746/5119/728 2747/5120/728 2748/5390/728
f 2747/5122/595 2752/5123/595 2748/5391/595
f 2752/5125/735 2749/5126/735 2750/5392/735
f 2747/5128/729 2749/5129/729 2751/5393/729
f 2748/5131/730 2750/5132/730 2746/5394/730
f 2753/5134/731 2756/5135/731 2754/5395/731
f 2756/5137/595 2759/5138/595 2760/5396/595
f 2760/5140/736 2757/5141/736 2758/5397/736
f 2759/5143/732 2753/5144/732 2757/5398/732
f 2756/5146/733 2758/5147/733 2754/5399/733
f 2761/5149/727 2764/5150/727 2762/5400/727
f 2764/5152/595 2767/5153/595 2768/5401/595
f 2768/5155/726 2765/5156/726 2766/5231/726
f 2767/5158/725 2761/5159/725 2765/5402/725
f 2764/5161/734 2766/5162/734 2762/5239/734
f 2769/5164/730 2772/5165/730 2770/5403/730
f 2771/5167/595 2776/5168/595 2772/5404/595
f 2776/5170/729 2773/5171/729 2774/5241/729
f 2775/5173/728 2769/5121/728 2773/5251/728
f 2772/5174/735 2774/5175/735 2770/5405/735
f 2778/5177/733 2779/5178/733 2780/5406/733
f 2780/5180/595 2783/5181/595 2784/5407/595
f 2784/5183/732 2781/5184/732 2782/5408/732
f 2783/5186/731 2777/5187/731 2781/5409/731
f 2784/5189/736 2778/5190/736 2780/5410/736
f 2786/5192/734 2787/5193/734 2788/5411/734
f 2788/5195/595 2791/5196/595 2792/5412/595
f 2792/5198/725 2789/5199/725 2790/5240/725
f 2791/5118/727 2785/5201/727 2789/5117/727
f 2788/5203/726 2790/5204/726 2786/5413/726
f 2793/5126/735 2796/5206/735 2794/5414/735
f 2795/5207/595 2800/5208/595 2796/5415/595
f 2800/5210/728 2797/5211/728 2798/5416/728
f 2799/5213/730 2793/5214/730 2797/5417/730
f 2796/5128/729 2798/5216/729 2794/5130/729
f 2802/5218/736 2803/5219/736 2804/5418/736
f 2804/5221/595 2807/5222/595 2808/5419/595
f 2807/5224/731 2806/5225/731 2808/5420/731
f 2803/5227/733 2805/5147/733 2807/5148/733
f 2804/5145/732 2806/5229/732 2802/5144/732
f 2810/5231/726 2811/5232/726 2812/5155/726
f 2812/5234/595 2815/5235/595 2816/5421/595
f 2815/5151/727 2814/5237/727 2816/5422/727
f 2815/5238/734 2809/5239/734 2813/5423/734
f 2812/5160/725 2814/5240/725 2810/5159/725
f 2818/5241/729 2819/5142/729 2820/5170/729
f 2819/5242/595 2824/5243/595 2820/5424/595
f 2824/5245/730 2821/5246/730 2822/5425/730
f 2823/5206/735 2817/5248/735 2821/5414/735
f 2824/5173/728 2818/5250/728 2820/5426/728
f 2825/5252/732 2828/5253/732 2826/5427/732
f 2828/5255/595 2831/5256/595 2832/5428/595
f 2832/5258/733 2829/5259/733 2830/5429/733
f 2831/5261/736 2825/5262/736 2829/5430/736
f 2828/5264/731 2830/5265/731 2826/5431/731
